# 3ds Max Wavefront OBJ Exporter v0.97b - (c)2007 guruware
# File Created: 12.11.2019 19:37:40

mtllib Tisak.mtl

#
# object Line02
#

v  23.9247 0.0847 27.1170
v  24.0024 0.0906 27.2512
v  24.0552 0.0953 27.3900
v  24.0865 0.0992 27.5429
v  24.0962 0.1024 27.7165
v  24.0792 0.1048 27.9226
v  24.0307 0.1063 28.1639
v  23.9528 0.1067 28.4275
v  23.8491 0.1060 28.6986
v  23.7237 0.1042 28.9637
v  23.5817 0.1013 29.2098
v  23.4271 0.0973 29.4262
v  23.2467 0.0919 29.6312
v  23.0323 0.0849 29.8398
v  22.7948 0.0766 30.0394
v  22.5449 0.0675 30.2187
v  22.2940 0.0578 30.3672
v  22.0552 0.0481 30.4749
v  21.8391 0.0387 30.5354
v  21.6349 0.0292 30.5543
v  21.4263 0.0189 30.5399
v  21.2116 0.0079 30.4929
v  20.9893 -0.0040 30.4139
v  20.7593 -0.0167 30.3042
v  20.5221 -0.0303 30.1656
v  20.2801 -0.0445 30.0018
v  20.0291 -0.0596 29.8060
v  19.7661 -0.0759 29.5714
v  19.4970 -0.0930 29.3039
v  19.2292 -0.1105 29.0114
v  18.9698 -0.1278 28.7014
v  18.7255 -0.1445 28.3815
v  18.5016 -0.1604 28.0572
v  18.3005 -0.1750 27.7425
v  18.1196 -0.1884 27.4391
v  17.9546 -0.2012 27.1315
v  17.7993 -0.2138 26.8008
v  17.6479 -0.2270 26.4278
v  17.4951 -0.2411 25.9940
v  17.3365 -0.2568 25.4831
v  17.1681 -0.2748 24.8525
v  16.9924 -0.2951 24.1012
v  16.8156 -0.3165 23.2778
v  16.6440 -0.3381 22.4319
v  16.4836 -0.3587 21.6123
v  16.3404 -0.3773 20.8675
v  16.2205 -0.3928 20.2467
v  16.1294 -0.4047 19.7723
v  16.0637 -0.4136 19.4086
v  16.0159 -0.4204 19.1179
v  15.9786 -0.4263 18.8622
v  15.9443 -0.4320 18.6030
v  15.9060 -0.4386 18.3033
v  15.8568 -0.4468 17.9296
v  15.4220 -0.5245 14.3258
v  14.7853 -0.6388 9.0114
v  18.4040 -0.4646 9.0566
v  18.3672 -0.4629 9.2795
v  18.2806 -0.4584 9.8282
v  18.2013 -0.4534 10.3836
v  18.1333 -0.4478 10.9479
v  18.0805 -0.4412 11.5234
v  18.0469 -0.4335 12.1121
v  18.0365 -0.4245 12.7150
v  18.0478 -0.4141 13.3409
v  18.0758 -0.4025 13.9910
v  18.1188 -0.3900 14.6539
v  18.1753 -0.3769 15.3173
v  18.2438 -0.3633 15.9690
v  18.3226 -0.3496 16.5967
v  18.4105 -0.3361 17.1884
v  18.5090 -0.3226 17.7458
v  18.6201 -0.3088 18.2801
v  18.7425 -0.2949 18.7930
v  18.8751 -0.2807 19.2869
v  19.0166 -0.2664 19.7641
v  19.1660 -0.2520 20.2270
v  19.3223 -0.2374 20.6787
v  19.4864 -0.2226 21.1175
v  19.6593 -0.2076 21.5396
v  19.8407 -0.1925 21.9463
v  20.0303 -0.1772 22.3396
v  20.2283 -0.1617 22.7217
v  20.4344 -0.1460 23.0947
v  20.6494 -0.1299 23.4622
v  20.8828 -0.1129 23.8322
v  21.1366 -0.0948 24.2035
v  21.4009 -0.0764 24.5668
v  21.6668 -0.0582 24.9142
v  21.9255 -0.0407 25.2377
v  22.1682 -0.0245 25.5295
v  22.3876 -0.0100 25.7831
v  22.5772 0.0023 25.9867
v  22.7421 0.0127 26.1414
v  22.8910 0.0217 26.2601
v  23.0299 0.0298 26.3564
v  23.1668 0.0378 26.4463
v  23.3164 0.0466 26.5491
v  23.4956 0.0573 26.6844
v  23.6750 0.0683 26.8369
v  23.8171 0.0774 26.9802
v  24.3236 1.0000 27.3353
v  24.2540 0.9938 27.1525
v  24.1542 0.9863 26.9799
v  24.0231 0.9774 26.8133
v  23.8597 0.9670 26.6485
v  23.6632 0.9549 26.4815
v  23.4708 0.9434 26.3362
v  23.3120 0.9341 26.2272
v  23.1743 0.9261 26.1367
v  23.0448 0.9184 26.0469
v  22.9107 0.9103 25.9399
v  22.7593 0.9008 25.7980
v  22.5780 0.8891 25.6032
v  22.3616 0.8748 25.3532
v  22.1201 0.8586 25.0628
v  21.8624 0.8412 24.7405
v  21.5978 0.8230 24.3949
v  21.3355 0.8048 24.0342
v  21.0845 0.7870 23.6671
v  20.8541 0.7702 23.3018
v  20.6412 0.7542 22.9379
v  20.4366 0.7386 22.5676
v  20.2403 0.7232 22.1888
v  20.0524 0.7081 21.7991
v  19.8728 0.6931 21.3963
v  19.7015 0.6783 20.9782
v  19.5386 0.6636 20.5425
v  19.3828 0.6491 20.0925
v  19.2340 0.6347 19.6312
v  19.0931 0.6204 19.1561
v  18.9612 0.6063 18.6648
v  18.8395 0.5925 18.1548
v  18.7291 0.5788 17.6236
v  18.6310 0.5654 17.0688
v  18.5433 0.5518 16.4783
v  18.4644 0.5382 15.8506
v  18.3959 0.5246 15.1982
v  18.3393 0.5114 14.5340
v  18.2963 0.4989 13.8706
v  18.2683 0.4873 13.2209
v  18.2571 0.4769 12.5975
v  18.2674 0.4680 11.9993
v  18.3007 0.4604 11.4154
v  18.3532 0.4539 10.8432
v  18.4210 0.4483 10.2805
v  18.5003 0.4433 9.7249
v  18.5872 0.4388 9.1740
v  18.6780 0.4345 8.6254
v  14.3731 0.2273 8.5716
v  15.0545 0.3496 14.2581
v  15.4937 0.4281 17.8985
v  15.5435 0.4364 18.2767
v  15.5822 0.4430 18.5794
v  15.6171 0.4489 18.8435
v  15.6554 0.4549 19.1062
v  15.7044 0.4619 19.4045
v  15.7714 0.4710 19.7754
v  15.8637 0.4830 20.2560
v  15.9848 0.4987 20.8829
v  16.1295 0.5175 21.6352
v  16.2917 0.5383 22.4642
v  16.4655 0.5601 23.3208
v  16.6448 0.5819 24.1563
v  16.8239 0.6025 24.9217
v  16.9965 0.6210 25.5681
v  17.1599 0.6371 26.0944
v  17.3181 0.6518 26.5437
v  17.4764 0.6655 26.9334
v  17.6396 0.6788 27.2810
v  17.8127 0.6922 27.6038
v  18.0009 0.7062 27.9193
v  18.2090 0.7213 28.2451
v  18.4418 0.7378 28.5822
v  18.6964 0.7553 28.9156
v  18.9664 0.7733 29.2383
v  19.2455 0.7915 29.5432
v  19.5273 0.8094 29.8232
v  19.8055 0.8266 30.0714
v  20.0738 0.8428 30.2807
v  20.3337 0.8580 30.4566
v  20.5915 0.8728 30.6072
v  20.8476 0.8870 30.7294
v  21.1026 0.9006 30.8200
v  21.3568 0.9137 30.8756
v  21.6109 0.9261 30.8933
v  21.8652 0.9379 30.8697
v  22.1286 0.9494 30.7959
v  22.4035 0.9606 30.6720
v  22.6809 0.9713 30.5077
v  22.9521 0.9813 30.3131
v  23.2080 0.9901 30.0981
v  23.4399 0.9977 29.8726
v  23.6387 1.0037 29.6466
v  23.8111 1.0081 29.4053
v  23.9671 1.0113 29.1349
v  24.1033 1.0133 28.8470
v  24.2158 1.0141 28.5529
v  24.3012 1.0136 28.2640
v  24.3558 1.0119 27.9919
v  24.3760 1.0091 27.7479
v  24.3639 1.0051 27.5324
v  14.3865 -0.0518 8.5760
v  18.6914 0.1554 8.6298
v  18.7147 -0.0681 8.7747
v  14.4511 -0.2733 8.7214
v  18.6006 0.1597 9.1784
v  18.6248 -0.0639 9.3180
v  15.0679 0.0705 14.2625
v  15.1259 -0.1522 14.3534
v  18.5137 0.1642 9.7293
v  18.5387 -0.0594 9.8636
v  18.4344 0.1692 10.2849
v  18.4602 -0.0545 10.4139
v  18.3666 0.1748 10.8476
v  18.3930 -0.0489 10.9712
v  18.3141 0.1813 11.4198
v  18.3410 -0.0425 11.5379
v  18.2808 0.1889 12.0037
v  18.3080 -0.0349 12.1162
v  18.2704 0.1978 12.6019
v  18.2978 -0.0261 12.7086
v  18.2817 0.2082 13.2253
v  18.3089 -0.0158 13.3261
v  18.3097 0.2198 13.8750
v  18.3366 -0.0043 13.9696
v  18.3527 0.2323 14.5384
v  18.3793 0.0081 14.6266
v  15.5070 0.1490 17.9029
v  15.5609 -0.0745 17.9588
v  18.4093 0.2455 15.2026
v  18.4353 0.0211 15.2845
v  18.4778 0.2591 15.8550
v  18.5032 0.0346 15.9306
v  18.5567 0.2727 16.4827
v  18.5813 0.0481 16.5523
v  18.6444 0.2862 17.0732
v  18.6681 0.0615 17.1371
v  18.7424 0.2997 17.6280
v  18.7653 0.0748 17.6866
v  15.5569 0.1573 18.2811
v  15.6102 -0.0662 18.3335
v  18.8529 0.3134 18.1592
v  18.8746 0.0884 18.2127
v  15.5956 0.1639 18.5838
v  15.6486 -0.0596 18.6333
v  15.6305 0.1698 18.8479
v  15.6831 -0.0539 18.8949
v  18.9746 0.3272 18.6692
v  18.9952 0.1021 18.7179
v  15.6688 0.1758 19.1106
v  15.7210 -0.0479 19.1550
v  15.7178 0.1828 19.4089
v  15.7696 -0.0410 19.4504
v  19.1064 0.3413 19.1605
v  19.1258 0.1160 19.2044
v  15.7848 0.1919 19.7798
v  15.8360 -0.0320 19.8178
v  15.8771 0.2039 20.2604
v  15.9274 -0.0201 20.2938
v  19.2473 0.3555 19.6356
v  19.2653 0.1301 19.6750
v  15.9982 0.2196 20.8873
v  16.0473 -0.0046 20.9146
v  19.3962 0.3700 20.0969
v  19.4128 0.1444 20.1318
v  16.1429 0.2383 21.6396
v  16.1906 0.0141 21.6598
v  19.5519 0.3845 20.5469
v  19.5670 0.1588 20.5776
v  19.7149 0.3992 20.9826
v  19.7284 0.1734 21.0091
v  16.3051 0.2592 22.4686
v  16.3512 0.0347 22.4808
v  19.8862 0.4140 21.4007
v  19.8980 0.1880 21.4232
v  16.4788 0.2810 23.3252
v  16.5233 0.0563 23.3292
v  20.0658 0.4289 21.8035
v  20.0759 0.2028 21.8221
v  20.2537 0.4441 22.1932
v  20.2620 0.2178 22.2081
v  16.6582 0.3028 24.1607
v  16.7010 0.0779 24.1567
v  20.4499 0.4595 22.5721
v  20.4564 0.2331 22.5833
v  20.6545 0.4751 22.9423
v  20.6590 0.2486 22.9500
v  16.8372 0.3234 24.9261
v  16.8783 0.0983 24.9147
v  20.8675 0.4911 23.3062
v  20.8699 0.2644 23.3104
v  17.0099 0.3419 25.5725
v  17.0493 0.1166 25.5550
v  21.0979 0.5079 23.6715
v  21.0981 0.2810 23.6722
v  17.1733 0.3580 26.0988
v  17.2111 0.1326 26.0763
v  21.3489 0.5257 24.0386
v  21.3467 0.2986 24.0358
v  17.3315 0.3727 26.5481
v  17.3679 0.1471 26.5212
v  21.6112 0.5439 24.3993
v  21.6065 0.3167 24.3930
v  17.4898 0.3864 26.9378
v  17.5246 0.1607 26.9072
v  21.8758 0.5621 24.7449
v  21.8686 0.3347 24.7353
v  17.6530 0.3997 27.2854
v  17.6862 0.1739 27.2514
v  17.8261 0.4131 27.6082
v  17.8577 0.1872 27.5712
v  22.1334 0.5795 25.0672
v  22.1238 0.3519 25.0545
v  18.0143 0.4271 27.9237
v  18.0441 0.2010 27.8837
v  18.2224 0.4422 28.2495
v  18.2502 0.2160 28.2063
v  22.3750 0.5957 25.3576
v  22.3630 0.3679 25.3421
v  18.4552 0.4587 28.5866
v  18.4808 0.2323 28.5402
v  22.5913 0.6100 25.6076
v  22.5773 0.3821 25.5898
v  18.7098 0.4762 28.9200
v  18.7329 0.2496 28.8704
v  18.9798 0.4942 29.2427
v  19.0003 0.2674 29.1900
v  22.7727 0.6217 25.8024
v  22.7569 0.3938 25.7827
v  19.2589 0.5124 29.5476
v  19.2767 0.2854 29.4920
v  22.9241 0.6312 25.9443
v  22.9068 0.4032 25.9233
v  19.5407 0.5303 29.8276
v  19.5558 0.3032 29.7693
v  19.8189 0.5475 30.0758
v  19.8314 0.3203 30.0152
v  23.0581 0.6393 26.0513
v  23.0396 0.4112 26.0292
v  20.0871 0.5637 30.2851
v  20.0971 0.3363 30.2224
v  20.3471 0.5789 30.4610
v  20.3545 0.3514 30.3966
v  23.1877 0.6470 26.1411
v  23.1679 0.4188 26.1181
v  20.6049 0.5937 30.6116
v  20.6098 0.3660 30.5458
v  20.8610 0.6079 30.7338
v  20.8635 0.3800 30.6669
v  21.1159 0.6215 30.8244
v  21.1160 0.3935 30.7565
v  21.3702 0.6346 30.8800
v  21.3679 0.4065 30.8117
v  21.6243 0.6470 30.8977
v  21.6195 0.4188 30.8291
v  21.8786 0.6588 30.8741
v  21.8714 0.4305 30.8058
v  22.1420 0.6703 30.8003
v  22.1322 0.4419 30.7327
v  22.4168 0.6815 30.6764
v  22.4045 0.4530 30.6100
v  22.6943 0.6922 30.5121
v  22.6793 0.4636 30.4473
v  22.9655 0.7022 30.3175
v  22.9478 0.4734 30.2546
v  23.2214 0.7110 30.1025
v  23.2013 0.4822 30.0416
v  23.4533 0.7186 29.8770
v  23.4309 0.4897 29.8183
v  23.6521 0.7246 29.6510
v  23.6278 0.4956 29.5944
v  23.8245 0.7290 29.4097
v  23.7986 0.5000 29.3554
v  23.9805 0.7322 29.1393
v  23.9531 0.5032 29.0876
v  24.1166 0.7342 28.8514
v  24.0880 0.5052 28.8024
v  23.3254 0.6550 26.2316
v  23.3043 0.4267 26.2077
v  24.2292 0.7350 28.5573
v  24.1995 0.5059 28.5111
v  23.4841 0.6643 26.3406
v  23.4615 0.4359 26.3157
v  23.6765 0.6758 26.4859
v  23.6521 0.4473 26.4597
v  24.3146 0.7345 28.2684
v  24.2840 0.5055 28.2251
v  23.8731 0.6879 26.6529
v  23.8468 0.4593 26.6251
v  24.3692 0.7328 27.9963
v  24.3381 0.5038 27.9556
v  24.0364 0.6983 26.8177
v  24.0085 0.4696 26.7882
v  24.3894 0.7300 27.7523
v  24.3581 0.5010 27.7139
v  24.3773 0.7260 27.5368
v  24.3461 0.4970 27.5005
v  24.1675 0.7072 26.9843
v  24.1384 0.4784 26.9533
v  24.3370 0.7209 27.3397
v  24.3062 0.4920 27.3053
v  24.2674 0.7147 27.1569
v  24.2373 0.4859 27.1243
v  18.6621 -0.1985 8.8260
v  14.5136 -0.3982 8.7741
v  18.5816 -0.1947 9.3120
v  18.4954 -0.1902 9.8582
v  18.4168 -0.1853 10.4094
v  18.3495 -0.1797 10.9680
v  18.2974 -0.1733 11.5362
v  18.2643 -0.1657 12.1164
v  18.2540 -0.1568 12.7107
v  18.2652 -0.1465 13.3297
v  18.2929 -0.1350 13.9744
v  18.3356 -0.1226 14.6324
v  18.3917 -0.1095 15.2913
v  18.4597 -0.0961 15.9384
v  18.5380 -0.0825 16.5612
v  18.6250 -0.0691 17.1472
v  18.7224 -0.0557 17.6981
v  18.8320 -0.0422 18.2257
v  18.9529 -0.0284 18.7322
v  19.0839 -0.0144 19.2201
v  19.2238 -0.0003 19.6918
v  19.3716 0.0140 20.1498
v  19.5262 0.0285 20.5966
v  19.6880 0.0431 21.0294
v  19.8583 0.0578 21.4449
v  20.0367 0.0726 21.8452
v  20.2235 0.0877 22.2325
v  20.4185 0.1030 22.6090
v  20.6218 0.1185 22.9768
v  20.8334 0.1344 23.3385
v  21.0625 0.1511 23.7017
v  21.3120 0.1688 24.0667
v  21.5727 0.1869 24.4250
v  21.8354 0.2049 24.7682
v  22.0912 0.2222 25.0882
v  22.3311 0.2383 25.3765
v  22.5463 0.2525 25.6253
v  22.7277 0.2643 25.8201
v  22.8803 0.2738 25.9632
v  23.0159 0.2820 26.0714
v  23.1461 0.2897 26.1616
v  23.2826 0.2977 26.2513
v  23.4385 0.3068 26.3583
v  23.6270 0.3181 26.5008
v  23.8189 0.3299 26.6638
v  23.9772 0.3400 26.8235
v  24.1031 0.3485 26.9834
v  24.1982 0.3557 27.1479
v  24.2642 0.3616 27.3214
v  24.3026 0.3664 27.5090
v  24.3142 0.3702 27.7153
v  24.2947 0.3730 27.9506
v  24.2417 0.3746 28.2151
v  24.1583 0.3750 28.4971
v  24.0482 0.3743 28.7848
v  23.9150 0.3724 29.0665
v  23.7627 0.3692 29.3304
v  23.5948 0.3649 29.5653
v  23.4009 0.3591 29.7858
v  23.1740 0.3517 30.0065
v  22.9233 0.3430 30.2171
v  22.6581 0.3333 30.4074
v  22.3876 0.3228 30.5676
v  22.1213 0.3120 30.6876
v  21.8685 0.3009 30.7584
v  21.6251 0.2896 30.7810
v  21.3811 0.2777 30.7641
v  21.1359 0.2651 30.7104
v  20.8888 0.2519 30.6226
v  20.6394 0.2380 30.5036
v  20.3873 0.2236 30.3563
v  20.1326 0.2087 30.1840
v  19.8696 0.1929 29.9787
v  19.5962 0.1759 29.7349
v  19.3189 0.1583 29.4593
v  19.0441 0.1404 29.1591
v  18.7781 0.1226 28.8412
v  18.5273 0.1054 28.5128
v  18.2980 0.0892 28.1806
v  18.0927 0.0743 27.8594
v  17.9073 0.0605 27.5485
v  17.7370 0.0473 27.2310
v  17.5765 0.0342 26.8892
v  17.4207 0.0207 26.5055
v  17.2647 0.0063 26.0625
v  17.1035 -0.0097 25.5431
v  16.9329 -0.0279 24.9046
v  16.7559 -0.0483 24.1477
v  16.5784 -0.0699 23.3210
v  16.4064 -0.0915 22.4730
v  16.2458 -0.1121 21.6523
v  16.1025 -0.1307 20.9072
v  15.9826 -0.1463 20.2863
v  15.8912 -0.1581 19.8106
v  15.8250 -0.1671 19.4439
v  15.7765 -0.1741 19.1493
v  15.7387 -0.1800 18.8900
v  15.7042 -0.1857 18.6288
v  15.6659 -0.1923 18.3290
v  15.6166 -0.2006 17.9546
v  15.1816 -0.2782 14.3494
v  18.5859 -0.3297 8.8970
v  14.5987 -0.5216 8.8471
v  18.5188 -0.3265 9.3029
v  18.4325 -0.3221 9.8499
v  18.3536 -0.3171 10.4024
v  18.2861 -0.3115 10.9627
v  18.2338 -0.3050 11.5331
v  18.2005 -0.2974 12.1159
v  18.1902 -0.2885 12.7128
v  18.2014 -0.2782 13.3339
v  18.2292 -0.2667 13.9802
v  18.2720 -0.2542 14.6397
v  18.3283 -0.2411 15.3000
v  18.3964 -0.2276 15.9485
v  18.4748 -0.2140 16.5728
v  18.5621 -0.2006 17.1605
v  18.6599 -0.1872 17.7134
v  18.7700 -0.1736 18.2430
v  18.8913 -0.1597 18.7515
v  19.0227 -0.1457 19.2412
v  19.1631 -0.1315 19.7146
v  19.3114 -0.1172 20.1741
v  19.4665 -0.1027 20.6224
v  19.6291 -0.0880 21.0570
v  19.8001 -0.0732 21.4745
v  19.9795 -0.0583 21.8768
v  20.1671 -0.0432 22.2659
v  20.3630 -0.0278 22.6441
v  20.5672 -0.0122 23.0135
v  20.7798 0.0037 23.3769
v  21.0103 0.0205 23.7422
v  21.2611 0.0383 24.1091
v  21.5228 0.0565 24.4689
v  21.7865 0.0746 24.8134
v  22.0432 0.0920 25.1345
v  22.2839 0.1081 25.4239
v  22.5004 0.1224 25.6741
v  22.6843 0.1343 25.8716
v  22.8406 0.1441 26.0182
v  22.9803 0.1526 26.1296
v  23.1131 0.1604 26.2217
v  23.2498 0.1684 26.3114
v  23.4037 0.1774 26.4172
v  23.5894 0.1885 26.5574
v  23.7776 0.2001 26.7173
v  23.9309 0.2098 26.8720
v  24.0512 0.2180 27.0249
v  24.1410 0.2248 27.1801
v  24.2030 0.2303 27.3431
v  24.2392 0.2348 27.5201
v  24.2502 0.2385 27.7165
v  24.2315 0.2411 27.9429
v  24.1799 0.2427 28.2003
v  24.0982 0.2432 28.4767
v  23.9900 0.2424 28.7594
v  23.8592 0.2405 29.0360
v  23.7100 0.2374 29.2945
v  23.5462 0.2332 29.5238
v  23.3564 0.2275 29.7396
v  23.1333 0.2202 29.9566
v  22.8866 0.2117 30.1638
v  22.6261 0.2021 30.3508
v  22.3615 0.1919 30.5074
v  22.1036 0.1814 30.6237
v  21.8619 0.1709 30.6913
v  21.6305 0.1601 30.7128
v  21.3973 0.1487 30.6966
v  21.1614 0.1366 30.6450
v  20.9218 0.1238 30.5599
v  20.6783 0.1103 30.4437
v  20.4307 0.0961 30.2991
v  20.1799 0.0814 30.1293
v  19.9205 0.0658 29.9270
v  19.6503 0.0490 29.6859
v  19.3755 0.0316 29.4128
v  19.1028 0.0138 29.1149
v  18.8388 -0.0038 28.7994
v  18.5901 -0.0209 28.4736
v  18.3623 -0.0370 28.1439
v  18.1584 -0.0518 27.8246
v  17.9744 -0.0655 27.5160
v  17.8056 -0.0785 27.2015
v  17.6467 -0.0915 26.8631
v  17.4923 -0.1049 26.4827
v  17.3372 -0.1193 26.0425
v  17.1768 -0.1351 25.5256
v  17.0069 -0.1533 24.8895
v  16.8303 -0.1736 24.1344
v  16.6530 -0.1952 23.3087
v  16.4811 -0.2168 22.4613
v  16.3206 -0.2374 21.6409
v  16.1773 -0.2560 20.8959
v  16.0574 -0.2715 20.2750
v  15.9661 -0.2834 19.7997
v  15.9000 -0.2923 19.4340
v  15.8518 -0.2993 19.1406
v  15.8141 -0.3051 18.8823
v  15.7797 -0.3109 18.6217
v  15.7414 -0.3175 18.3220
v  15.6921 -0.3257 17.9478
v  15.2572 -0.4034 14.3430
v  23.9600 2.0826 27.3587
v  23.9071 2.0779 27.2199
v  23.8295 2.0720 27.0857
v  23.7219 2.0647 26.9489
v  23.5798 2.0556 26.8056
v  23.4003 2.0446 26.6531
v  23.2212 2.0339 26.5178
v  23.0716 2.0251 26.4150
v  22.9346 2.0171 26.3251
v  22.7958 2.0090 26.2288
v  22.6469 2.0000 26.1100
v  22.4819 1.9896 25.9553
v  22.2923 1.9773 25.7518
v  22.0730 1.9628 25.4982
v  21.8303 1.9466 25.2064
v  21.5715 1.9291 24.8828
v  21.3056 1.9109 24.5354
v  21.0414 1.8925 24.1722
v  20.7876 1.8744 23.8009
v  20.5541 1.8574 23.4308
v  20.3391 1.8413 23.0634
v  20.1330 1.8256 22.6904
v  19.9351 1.8101 22.3083
v  19.7454 1.7948 21.9149
v  19.5641 1.7797 21.5083
v  19.3912 1.7647 21.0862
v  19.2271 1.7499 20.6474
v  19.0707 1.7353 20.1956
v  18.9214 1.7209 19.7328
v  18.7798 1.7066 19.2555
v  18.6473 1.6924 18.7616
v  18.5249 1.6785 18.2487
v  18.4138 1.6647 17.7145
v  18.3153 1.6512 17.1570
v  18.2274 1.6377 16.5653
v  18.1485 1.6240 15.9377
v  18.0801 1.6104 15.2860
v  18.0236 1.5973 14.6225
v  17.9806 1.5848 13.9597
v  17.9526 1.5732 13.3096
v  17.9413 1.5628 12.6837
v  17.9517 1.5538 12.0808
v  17.9853 1.5461 11.4920
v  18.0381 1.5395 10.9166
v  18.1061 1.5339 10.3523
v  18.1853 1.5289 9.7969
v  18.2719 1.5244 9.2482
v  18.3088 1.5227 9.0253
v  14.6900 1.3485 8.9800
v  15.3268 1.4628 14.2945
v  15.7616 1.5405 17.8983
v  15.8108 1.5487 18.2719
v  15.8491 1.5553 18.5717
v  15.8833 1.5610 18.8308
v  15.9206 1.5669 19.0866
v  15.9684 1.5737 19.3773
v  16.0341 1.5826 19.7410
v  16.1252 1.5945 20.2153
v  16.2452 1.6100 20.8362
v  16.3883 1.6286 21.5810
v  16.5487 1.6492 22.4006
v  16.7203 1.6708 23.2465
v  16.8971 1.6922 24.0699
v  17.0728 1.7125 24.8212
v  17.2413 1.7305 25.4518
v  17.3998 1.7462 25.9627
v  17.5527 1.7603 26.3965
v  17.7041 1.7735 26.7695
v  17.8594 1.7861 27.1002
v  18.0244 1.7989 27.4077
v  18.2052 1.8123 27.7111
v  18.4064 1.8269 28.0259
v  18.6303 1.8428 28.3501
v  18.8746 1.8595 28.6701
v  19.1340 1.8768 28.9801
v  19.4017 1.8943 29.2726
v  19.6708 1.9114 29.5400
v  19.9339 1.9277 29.7747
v  20.1849 1.9428 29.9705
v  20.4268 1.9570 30.1342
v  20.6641 1.9706 30.2729
v  20.8941 1.9833 30.3826
v  21.1164 1.9952 30.4615
v  21.3310 2.0062 30.5085
v  21.5396 2.0165 30.5230
v  21.7438 2.0260 30.5041
v  21.9600 2.0354 30.4436
v  22.1988 2.0451 30.3359
v  22.4496 2.0548 30.1874
v  22.6995 2.0639 30.0080
v  22.9370 2.0722 29.8085
v  23.1515 2.0792 29.5999
v  23.3318 2.0846 29.3949
v  23.4864 2.0886 29.1785
v  23.6285 2.0915 28.9324
v  23.7538 2.0933 28.6672
v  23.8576 2.0940 28.3961
v  23.9355 2.0936 28.1326
v  23.9839 2.0921 27.8913
v  24.0009 2.0897 27.6851
v  23.9912 2.0865 27.5116
v  24.1443 1.1926 26.9766
v  24.2441 1.2001 27.1493
v  24.3137 1.2064 27.3321
v  24.3540 1.2114 27.5292
v  24.3661 1.2154 27.7447
v  24.3459 1.2182 27.9886
v  24.2913 1.2199 28.2608
v  24.2060 1.2204 28.5496
v  24.0934 1.2196 28.8437
v  23.9573 1.2176 29.1317
v  23.8012 1.2144 29.4020
v  23.6288 1.2100 29.6433
v  23.4300 1.2040 29.8694
v  23.1982 1.1964 30.0949
v  22.9422 1.1876 30.3099
v  22.6710 1.1776 30.5045
v  22.3936 1.1669 30.6687
v  22.1187 1.1557 30.7927
v  21.8554 1.1442 30.8664
v  21.6010 1.1324 30.8900
v  21.3470 1.1200 30.8724
v  21.0927 1.1069 30.8167
v  20.8377 1.0933 30.7262
v  20.5816 1.0791 30.6040
v  20.3238 1.0643 30.4533
v  20.0639 1.0491 30.2774
v  19.7956 1.0329 30.0682
v  19.5174 1.0157 29.8200
v  19.2356 0.9978 29.5399
v  18.9565 0.9796 29.2350
v  18.6865 0.9616 28.9123
v  18.4319 0.9441 28.5789
v  18.1991 0.9276 28.2418
v  17.9910 0.9125 27.9161
v  17.8029 0.8985 27.6005
v  17.6297 0.8851 27.2777
v  17.4665 0.8718 26.9301
v  17.3083 0.8581 26.5404
v  17.1500 0.8434 26.0912
v  16.9867 0.8273 25.5648
v  16.8140 0.8088 24.9184
v  16.6350 0.7882 24.1530
v  16.4556 0.7664 23.3175
v  16.2818 0.7446 22.4609
v  16.1196 0.7238 21.6320
v  15.9750 0.7050 20.8796
v  15.8538 0.6893 20.2527
v  15.7616 0.6773 19.7721
v  15.6945 0.6682 19.4012
v  15.6455 0.6612 19.1029
v  15.6072 0.6552 18.8403
v  15.5723 0.6493 18.5761
v  15.5336 0.6427 18.2735
v  15.4838 0.6344 17.8952
v  15.0446 0.5559 14.2549
v  14.3633 0.4336 8.5684
v  18.6681 0.6408 8.6222
v  18.5773 0.6451 9.1707
v  18.4904 0.6496 9.7216
v  18.4111 0.6546 10.2773
v  18.3433 0.6602 10.8400
v  18.2909 0.6667 11.4121
v  18.2575 0.6743 11.9961
v  18.2472 0.6832 12.5942
v  18.2585 0.6936 13.2176
v  18.2864 0.7052 13.8674
v  18.3295 0.7177 14.5307
v  18.3860 0.7309 15.1950
v  18.4545 0.7445 15.8473
v  18.5334 0.7581 16.4751
v  18.6211 0.7717 17.0655
v  18.7192 0.7851 17.6204
v  18.8296 0.7988 18.1515
v  18.9513 0.8126 18.6616
v  19.0832 0.8267 19.1528
v  19.2241 0.8410 19.6279
v  19.3730 0.8554 20.0892
v  19.5287 0.8699 20.5393
v  19.6916 0.8846 20.9749
v  19.8629 0.8994 21.3931
v  20.0425 0.9144 21.7958
v  20.2304 0.9295 22.1855
v  20.4267 0.9449 22.5644
v  20.6313 0.9605 22.9347
v  20.8442 0.9765 23.2986
v  21.0746 0.9933 23.6638
v  21.3256 1.0111 24.0310
v  21.5879 1.0294 24.3916
v  21.8525 1.0475 24.7373
v  22.1102 1.0649 25.0595
v  22.3517 1.0811 25.3499
v  22.5681 1.0954 25.6000
v  22.7495 1.1071 25.7947
v  22.9008 1.1166 25.9367
v  23.0349 1.1247 26.0436
v  23.1644 1.1324 26.1334
v  23.3022 1.1404 26.2239
v  23.4609 1.1497 26.3329
v  23.6533 1.1612 26.4783
v  23.8498 1.1733 26.6453
v  24.0132 1.1837 26.8100
v  14.3499 0.7127 8.5640
v  14.3927 0.9439 8.7022
v  18.6563 1.1491 8.7555
v  18.6547 0.9199 8.6178
v  18.5665 1.1533 9.2988
v  18.5640 0.9242 9.1663
v  15.0312 0.8350 14.2505
v  15.0675 1.0650 14.3342
v  18.4803 1.1578 9.8444
v  18.4770 0.9287 9.7172
v  18.4018 1.1627 10.3947
v  18.3977 0.9337 10.2729
v  18.3347 1.1683 10.9520
v  18.3300 0.9393 10.8356
v  18.2827 1.1747 11.5187
v  18.2775 0.9458 11.4077
v  18.2497 1.1822 12.0971
v  18.2442 0.9534 11.9917
v  18.2394 1.1911 12.6895
v  18.2338 0.9624 12.5898
v  18.2506 1.2014 13.3069
v  18.2451 0.9727 13.2132
v  18.2783 1.2128 13.9504
v  18.2730 0.9843 13.8630
v  18.3209 1.2252 14.6074
v  18.3161 0.9968 14.5263
v  15.4704 0.9135 17.8908
v  15.5025 1.1427 17.9397
v  18.3770 1.2383 15.2653
v  18.3727 1.0100 15.1906
v  18.4448 1.2517 15.9114
v  18.4412 1.0236 15.8429
v  18.5230 1.2653 16.5331
v  18.5201 1.0373 16.4707
v  18.6098 1.2787 17.1179
v  18.6077 1.0508 17.0611
v  18.7069 1.2920 17.6674
v  18.7058 1.0642 17.6160
v  15.5202 0.9218 18.2691
v  15.5519 1.1510 18.3143
v  18.8163 1.3055 18.1935
v  18.8162 1.0779 18.1471
v  15.5589 0.9285 18.5717
v  15.5902 1.1575 18.6141
v  15.5938 0.9343 18.8359
v  15.6248 1.1633 18.8757
v  18.9368 1.3193 18.6987
v  18.9379 1.0918 18.6572
v  15.6321 0.9403 19.0985
v  15.6627 1.1692 19.1358
v  15.6812 0.9473 19.3968
v  15.7113 1.1762 19.4312
v  19.0674 1.3332 19.1853
v  19.0698 1.1058 19.1484
v  15.7482 0.9564 19.7677
v  15.7776 1.1852 19.7986
v  15.8405 0.9684 20.2483
v  15.8691 1.1971 20.2746
v  19.2070 1.3473 19.6558
v  19.2107 1.1201 19.6235
v  15.9616 0.9841 20.8752
v  15.9890 1.2126 20.8955
v  19.3544 1.3616 20.1127
v  19.3596 1.1345 20.0848
v  16.1062 1.0029 21.6276
v  16.1322 1.2312 21.6406
v  19.5087 1.3760 20.5584
v  19.5153 1.1490 20.5349
v  19.6701 1.3905 20.9899
v  19.6783 1.1637 20.9705
v  16.2684 1.0237 22.4565
v  16.2929 1.2519 22.4616
v  19.8397 1.4052 21.4040
v  19.8495 1.1785 21.3887
v  16.4422 1.0455 23.3131
v  16.4650 1.2735 23.3100
v  20.0176 1.4200 21.8029
v  20.0291 1.1935 21.7914
v  20.2037 1.4350 22.1889
v  20.2170 1.2086 22.1811
v  16.6216 1.0673 24.1486
v  16.6427 1.2950 24.1375
v  20.3981 1.4502 22.5641
v  20.4133 1.2240 22.5600
v  20.6007 1.4657 22.9308
v  20.6179 1.2396 22.9303
v  16.8006 1.0880 24.9140
v  16.8200 1.3155 24.8956
v  20.8116 1.4815 23.2912
v  20.8308 1.2556 23.2942
v  16.9733 1.1064 25.5604
v  16.9910 1.3338 25.5358
v  21.0398 1.4982 23.6530
v  21.0612 1.2724 23.6594
v  17.1366 1.1225 26.0868
v  17.1528 1.3498 26.0571
v  21.2884 1.5158 24.0166
v  21.3122 1.2902 24.0266
v  17.2949 1.1372 26.5360
v  17.3095 1.3643 26.5021
v  21.5482 1.5339 24.3738
v  21.5746 1.3085 24.3872
v  17.4531 1.1509 26.9257
v  17.4662 1.3779 26.8880
v  21.8102 1.5518 24.7162
v  21.8391 1.3266 24.7329
v  17.6163 1.1642 27.2733
v  17.6279 1.3911 27.2322
v  17.7895 1.1776 27.5961
v  17.7994 1.4043 27.5520
v  22.0654 1.5691 25.0353
v  22.0968 1.3440 25.0551
v  17.9776 1.1916 27.9117
v  17.9857 1.4182 27.8645
v  18.1858 1.2067 28.2374
v  18.1919 1.4331 28.1871
v  22.3047 1.5851 25.3229
v  22.3384 1.3602 25.3455
v  18.4186 1.2232 28.5745
v  18.4224 1.4495 28.5210
v  22.5189 1.5993 25.5706
v  22.5547 1.3745 25.5956
v  18.6731 1.2407 28.9079
v  18.6746 1.4667 28.8512
v  18.9431 1.2587 29.2306
v  18.9420 1.4846 29.1708
v  22.6986 1.6109 25.7635
v  22.7361 1.3862 25.7903
v  19.2222 1.2769 29.5355
v  19.2184 1.5026 29.4728
v  22.8485 1.6203 25.9041
v  22.8874 1.3957 25.9323
v  19.5040 1.2948 29.8156
v  19.4975 1.5204 29.7502
v  19.7822 1.3120 30.0638
v  19.7730 1.5374 29.9960
v  22.9813 1.6284 26.0100
v  23.0215 1.4039 26.0392
v  20.0505 1.3282 30.2730
v  20.0387 1.5534 30.2032
v  20.3104 1.3434 30.4489
v  20.2962 1.5685 30.3775
v  23.1096 1.6359 26.0989
v  23.1510 1.4115 26.1290
v  20.5682 1.3582 30.5996
v  20.5515 1.5831 30.5267
v  20.8243 1.3724 30.7218
v  20.8052 1.5972 30.6477
v  21.0793 1.3860 30.8123
v  21.0577 1.6107 30.7373
v  21.3336 1.3991 30.8680
v  21.3095 1.6236 30.7925
v  21.5876 1.4115 30.8856
v  21.5612 1.6360 30.8100
v  21.8420 1.4234 30.8620
v  21.8131 1.6477 30.7866
v  22.1053 1.4348 30.7883
v  22.0739 1.6590 30.7136
v  22.3802 1.4460 30.6643
v  22.3461 1.6701 30.5908
v  22.6577 1.4567 30.5001
v  22.6209 1.6807 30.4281
v  22.9288 1.4667 30.3055
v  22.8895 1.6906 30.2354
v  23.1848 1.4755 30.0905
v  23.1430 1.6994 30.0224
v  23.4166 1.4831 29.8650
v  23.3726 1.7069 29.7991
v  23.6154 1.4891 29.6389
v  23.5695 1.7128 29.5752
v  23.7878 1.4935 29.3976
v  23.7402 1.7172 29.3362
v  23.9439 1.4967 29.1273
v  23.8948 1.7204 29.0685
v  24.0800 1.4987 28.8393
v  24.0296 1.7223 28.7833
v  23.2460 1.6439 26.1886
v  23.2888 1.4195 26.2195
v  24.1926 1.4995 28.5452
v  24.1411 1.7231 28.4920
v  23.4032 1.6531 26.2965
v  23.4475 1.4288 26.3285
v  23.5937 1.6645 26.4405
v  23.6399 1.4403 26.4739
v  24.2780 1.4990 28.2564
v  24.2257 1.7226 28.2059
v  23.7884 1.6764 26.6059
v  23.8365 1.4524 26.6409
v  24.3326 1.4974 27.9842
v  24.2798 1.7210 27.9364
v  23.9502 1.6868 26.7690
v  23.9998 1.4628 26.8056
v  24.3527 1.4945 27.7403
v  24.2997 1.7181 27.6947
v  24.3407 1.4905 27.5248
v  24.2878 1.7142 27.4813
v  24.0800 1.6956 26.9341
v  24.1309 1.4717 26.9722
v  24.3003 1.4855 27.3277
v  24.2478 1.7092 27.2861
v  24.1789 1.7030 27.1051
v  24.2307 1.4792 27.1449
v  14.4430 1.0757 8.7509
v  18.5914 1.2754 8.8027
v  18.5110 1.2792 9.2888
v  18.4248 1.2837 9.8350
v  18.3462 1.2886 10.3862
v  18.2789 1.2942 10.9448
v  18.2267 1.3006 11.5130
v  18.1936 1.3082 12.0932
v  18.1833 1.3171 12.6875
v  18.1945 1.3273 13.3064
v  18.2223 1.3388 13.9511
v  18.2650 1.3513 14.6092
v  18.3211 1.3643 15.2680
v  18.3891 1.3778 15.9152
v  18.4673 1.3914 16.5380
v  18.5543 1.4048 17.1240
v  18.6517 1.4181 17.6749
v  18.7614 1.4317 18.2025
v  18.8823 1.4455 18.7090
v  19.0132 1.4595 19.1969
v  19.1531 1.4736 19.6686
v  19.3009 1.4879 20.1265
v  19.4555 1.5024 20.5733
v  19.6174 1.5169 21.0062
v  19.7876 1.5316 21.4217
v  19.9661 1.5465 21.8220
v  20.1529 1.5616 22.2093
v  20.3479 1.5768 22.5857
v  20.5511 1.5924 22.9536
v  20.7628 1.6082 23.3152
v  20.9919 1.6249 23.6785
v  21.2414 1.6427 24.0435
v  21.5020 1.6608 24.4017
v  21.7648 1.6788 24.7450
v  22.0206 1.6961 25.0649
v  22.2605 1.7121 25.3533
v  22.4756 1.7264 25.6020
v  22.6570 1.7381 25.7968
v  22.8096 1.7477 25.9399
v  22.9453 1.7559 26.0481
v  23.0755 1.7636 26.1384
v  23.2120 1.7715 26.2281
v  23.3678 1.7807 26.3351
v  23.5563 1.7920 26.4775
v  23.7483 1.8037 26.6406
v  23.9066 1.8139 26.8002
v  24.0324 1.8224 26.9602
v  24.1275 1.8296 27.1246
v  24.1936 1.8355 27.2981
v  24.2320 1.8403 27.4858
v  24.2435 1.8441 27.6921
v  24.2241 1.8468 27.9274
v  24.1710 1.8485 28.1919
v  24.0876 1.8489 28.4739
v  23.9775 1.8482 28.7616
v  23.8444 1.8462 29.0432
v  23.6921 1.8431 29.3071
v  23.5242 1.8388 29.5421
v  23.3303 1.8329 29.7626
v  23.1033 1.8255 29.9833
v  22.8527 1.8168 30.1938
v  22.5875 1.8071 30.3842
v  22.3170 1.7967 30.5443
v  22.0507 1.7858 30.6644
v  21.7978 1.7748 30.7352
v  21.5545 1.7635 30.7578
v  21.3105 1.7516 30.7408
v  21.0653 1.7390 30.6871
v  20.8182 1.7257 30.5994
v  20.5687 1.7119 30.4804
v  20.3166 1.6975 30.3331
v  20.0620 1.6826 30.1607
v  19.7989 1.6667 29.9555
v  19.5256 1.6498 29.7117
v  19.2483 1.6321 29.4361
v  18.9734 1.6142 29.1358
v  18.7074 1.5965 28.8179
v  18.4567 1.5793 28.4896
v  18.2273 1.5631 28.1574
v  18.0221 1.5481 27.8362
v  17.8367 1.5344 27.5253
v  17.6664 1.5212 27.2077
v  17.5059 1.5081 26.8659
v  17.3501 1.4946 26.4823
v  17.1940 1.4801 26.0393
v  17.0328 1.4642 25.5199
v  16.8623 1.4460 24.8813
v  16.6853 1.4256 24.1245
v  16.5077 1.4040 23.2978
v  16.3357 1.3824 22.4498
v  16.1751 1.3618 21.6290
v  16.0319 1.3432 20.8839
v  15.9119 1.3276 20.2631
v  15.8206 1.3157 19.7874
v  15.7543 1.3068 19.4207
v  15.7059 1.2998 19.1261
v  15.6681 1.2939 18.8667
v  15.6336 1.2881 18.6056
v  15.5952 1.2816 18.3058
v  15.5459 1.2733 17.9313
v  15.1110 1.1956 14.3262
v  14.5158 1.2090 8.8198
v  18.5030 1.4009 8.8697
v  18.4358 1.4040 9.2757
v  18.3495 1.4085 9.8226
v  18.2707 1.4135 10.3751
v  18.2032 1.4191 10.9354
v  18.1509 1.4255 11.5058
v  18.1176 1.4331 12.0886
v  18.1073 1.4421 12.6855
v  18.1185 1.4524 13.3066
v  18.1463 1.4639 13.9529
v  18.1891 1.4764 14.6125
v  18.2453 1.4895 15.2727
v  18.3134 1.5030 15.9212
v  18.3919 1.5166 16.5455
v  18.4792 1.5300 17.1332
v  18.5769 1.5434 17.6862
v  18.6870 1.5570 18.2157
v  18.8083 1.5709 18.7242
v  18.9398 1.5849 19.2139
v  19.0802 1.5991 19.6873
v  19.2285 1.6134 20.1468
v  19.3836 1.6279 20.5951
v  19.5461 1.6426 21.0297
v  19.7172 1.6574 21.4472
v  19.8965 1.6723 21.8495
v  20.0842 1.6874 22.2386
v  20.2801 1.7028 22.6168
v  20.4842 1.7184 22.9862
v  20.6968 1.7343 23.3496
v  20.9273 1.7511 23.7149
v  21.1781 1.7689 24.0819
v  21.4398 1.7871 24.4416
v  21.7035 1.8052 24.7861
v  21.9603 1.8226 25.1072
v  22.2010 1.8387 25.3966
v  22.4174 1.8530 25.6468
v  22.6013 1.8649 25.8443
v  22.7577 1.8747 25.9909
v  22.8974 1.8832 26.1023
v  23.0302 1.8910 26.1944
v  23.1668 1.8989 26.2842
v  23.3208 1.9080 26.3899
v  23.5064 1.9191 26.5302
v  23.6946 1.9306 26.6900
v  23.8479 1.9404 26.8447
v  23.9683 1.9486 26.9976
v  24.0580 1.9554 27.1528
v  24.1201 1.9609 27.3158
v  24.1563 1.9654 27.4928
v  24.1673 1.9690 27.6892
v  24.1486 1.9717 27.9156
v  24.0969 1.9733 28.1730
v  24.0152 1.9737 28.4494
v  23.9070 1.9730 28.7321
v  23.7763 1.9711 29.0087
v  23.6271 1.9680 29.2672
v  23.4632 1.9638 29.4965
v  23.2734 1.9581 29.7123
v  23.0503 1.9508 29.9293
v  22.8037 1.9423 30.1365
v  22.5431 1.9327 30.3235
v  22.2786 1.9225 30.4801
v  22.0207 1.9120 30.5964
v  21.7790 1.9015 30.6641
v  21.5475 1.8907 30.6855
v  21.3143 1.8793 30.6693
v  21.0784 1.8672 30.6177
v  20.8389 1.8543 30.5326
v  20.5953 1.8408 30.4164
v  20.3478 1.8267 30.2718
v  20.0970 1.8120 30.1020
v  19.8376 1.7964 29.8997
v  19.5674 1.7796 29.6587
v  19.2926 1.7622 29.3855
v  19.0199 1.7444 29.0876
v  18.7559 1.7268 28.7722
v  18.5071 1.7097 28.4463
v  18.2794 1.6936 28.1166
v  18.0754 1.6788 27.7973
v  17.8914 1.6651 27.4887
v  17.7227 1.6520 27.1742
v  17.5638 1.6391 26.8358
v  17.4093 1.6257 26.4554
v  17.2543 1.6113 26.0152
v  17.0939 1.5955 25.4984
v  16.9240 1.5773 24.8622
v  16.7473 1.5569 24.1071
v  16.5700 1.5354 23.2814
v  16.3981 1.5138 22.4340
v  16.2376 1.4932 21.6136
v  16.0944 1.4746 20.8686
v  15.9744 1.4591 20.2478
v  15.8832 1.4472 19.7724
v  15.8171 1.4383 19.4067
v  15.7688 1.4313 19.1133
v  15.7312 1.4254 18.8550
v  15.6968 1.4197 18.5945
v  15.6584 1.4131 18.2947
v  15.6091 1.4049 17.9205
v  15.1742 1.3272 14.3157
# 1212 vertices

vn 0.1310 -0.9905 -0.0410
vn 0.1391 -0.9899 -0.0280
vn 0.1449 -0.9894 -0.0127
vn 0.1477 -0.9890 0.0026
vn 0.1483 -0.9888 0.0169
vn 0.1467 -0.9887 0.0296
vn 0.1440 -0.9888 0.0395
vn 0.1414 -0.9888 0.0474
vn 0.1386 -0.9888 0.0545
vn 0.1354 -0.9889 0.0617
vn 0.1313 -0.9889 0.0696
vn 0.1256 -0.9890 0.0777
vn 0.1193 -0.9893 0.0840
vn 0.1139 -0.9895 0.0891
vn 0.1083 -0.9897 0.0939
vn 0.1018 -0.9899 0.0989
vn 0.0936 -0.9901 0.1044
vn 0.0820 -0.9905 0.1107
vn 0.0660 -0.9911 0.1159
vn 0.0487 -0.9919 0.1171
vn 0.0332 -0.9927 0.1156
vn 0.0200 -0.9935 0.1122
vn 0.0094 -0.9941 0.1079
vn 0.0012 -0.9946 0.1034
vn -0.0049 -0.9950 0.0993
vn -0.0104 -0.9954 0.0956
vn -0.0156 -0.9957 0.0915
vn -0.0197 -0.9960 0.0874
vn -0.0231 -0.9962 0.0837
vn -0.0261 -0.9964 0.0804
vn -0.0289 -0.9966 0.0770
vn -0.0317 -0.9968 0.0735
vn -0.0338 -0.9970 0.0699
vn -0.0354 -0.9971 0.0671
vn -0.0377 -0.9972 0.0641
vn -0.0402 -0.9974 0.0599
vn -0.0424 -0.9976 0.0552
vn -0.0441 -0.9977 0.0506
vn -0.0452 -0.9979 0.0465
vn -0.0464 -0.9980 0.0429
vn -0.0471 -0.9981 0.0395
vn -0.0472 -0.9982 0.0371
vn -0.0473 -0.9982 0.0356
vn -0.0474 -0.9983 0.0347
vn -0.0474 -0.9983 0.0342
vn -0.0473 -0.9983 0.0341
vn -0.0477 -0.9983 0.0336
vn -0.0481 -0.9983 0.0323
vn -0.0484 -0.9984 0.0307
vn -0.0485 -0.9984 0.0291
vn -0.0484 -0.9984 0.0282
vn -0.0481 -0.9984 0.0282
vn -0.0486 -0.9984 0.0279
vn -0.0484 -0.9985 0.0273
vn -0.0257 -0.9984 -0.0503
vn 0.1228 -0.9913 -0.0473
vn 0.1429 -0.9893 0.0310
vn 0.1428 -0.9893 0.0299
vn 0.1428 -0.9893 0.0282
vn 0.1429 -0.9894 0.0257
vn 0.1430 -0.9895 0.0227
vn 0.1430 -0.9895 0.0192
vn 0.1432 -0.9896 0.0156
vn 0.1435 -0.9896 0.0127
vn 0.1435 -0.9896 0.0104
vn 0.1434 -0.9896 0.0084
vn 0.1433 -0.9897 0.0065
vn 0.1431 -0.9897 0.0046
vn 0.1428 -0.9898 0.0025
vn 0.1422 -0.9898 0.0002
vn 0.1417 -0.9899 -0.0025
vn 0.1411 -0.9900 -0.0053
vn 0.1405 -0.9900 -0.0080
vn 0.1399 -0.9901 -0.0105
vn 0.1393 -0.9902 -0.0128
vn 0.1387 -0.9902 -0.0149
vn 0.1379 -0.9903 -0.0169
vn 0.1368 -0.9904 -0.0194
vn 0.1357 -0.9905 -0.0221
vn 0.1345 -0.9906 -0.0248
vn 0.1333 -0.9907 -0.0273
vn 0.1322 -0.9908 -0.0297
vn 0.1310 -0.9909 -0.0319
vn 0.1294 -0.9910 -0.0341
vn 0.1275 -0.9912 -0.0369
vn 0.1259 -0.9912 -0.0397
vn 0.1245 -0.9913 -0.0418
vn 0.1233 -0.9914 -0.0436
vn 0.1221 -0.9915 -0.0452
vn 0.1209 -0.9916 -0.0466
vn 0.1187 -0.9917 -0.0483
vn 0.1146 -0.9921 -0.0512
vn 0.1093 -0.9925 -0.0557
vn 0.1041 -0.9927 -0.0603
vn 0.1013 -0.9928 -0.0640
vn 0.1019 -0.9927 -0.0652
vn 0.1050 -0.9924 -0.0640
vn 0.1092 -0.9921 -0.0612
vn 0.1150 -0.9917 -0.0573
vn 0.1226 -0.9912 -0.0507
vn 0.6618 0.7186 -0.2137
vn 0.6202 0.7150 -0.3226
vn 0.5642 0.7128 -0.4166
vn 0.5052 0.7119 -0.4879
vn 0.4528 0.7117 -0.5370
vn 0.4121 0.7124 -0.5680
vn 0.3822 0.7120 -0.5890
vn 0.3614 0.7135 -0.6002
vn 0.3596 0.7187 -0.5952
vn 0.3828 0.7250 -0.5726
vn 0.4218 0.7288 -0.5393
vn 0.4605 0.7298 -0.5053
vn 0.4884 0.7280 -0.4812
vn 0.5029 0.7269 -0.4676
vn 0.5116 0.7275 -0.4572
vn 0.5203 0.7283 -0.4459
vn 0.5298 0.7293 -0.4329
vn 0.5404 0.7306 -0.4173
vn 0.5527 0.7324 -0.3977
vn 0.5662 0.7330 -0.3770
vn 0.5775 0.7328 -0.3599
vn 0.5860 0.7337 -0.3440
vn 0.5947 0.7346 -0.3266
vn 0.6035 0.7355 -0.3080
vn 0.6121 0.7363 -0.2885
vn 0.6203 0.7370 -0.2684
vn 0.6279 0.7370 -0.2503
vn 0.6336 0.7370 -0.2353
vn 0.6381 0.7378 -0.2201
vn 0.6428 0.7386 -0.2032
vn 0.6475 0.7393 -0.1848
vn 0.6521 0.7400 -0.1651
vn 0.6562 0.7406 -0.1447
vn 0.6600 0.7408 -0.1248
vn 0.6633 0.7406 -0.1074
vn 0.6654 0.7407 -0.0925
vn 0.6669 0.7410 -0.0785
vn 0.6681 0.7413 -0.0645
vn 0.6688 0.7417 -0.0497
vn 0.6692 0.7424 -0.0332
vn 0.6682 0.7439 -0.0120
vn 0.6672 0.7447 0.0144
vn 0.6664 0.7445 0.0405
vn 0.6651 0.7441 0.0626
vn 0.6638 0.7436 0.0803
vn 0.6629 0.7429 0.0932
vn 0.6625 0.7422 0.1011
vn 0.6023 0.5910 -0.5367
vn -0.6372 0.5321 -0.5575
vn -0.7352 0.6738 0.0739
vn -0.7357 0.6727 0.0782
vn -0.7339 0.6745 0.0804
vn -0.7347 0.6736 0.0807
vn -0.7348 0.6726 0.0870
vn -0.7337 0.6724 0.0982
vn -0.7315 0.6729 0.1100
vn -0.7293 0.6737 0.1193
vn -0.7275 0.6750 0.1232
vn -0.7273 0.6752 0.1233
vn -0.7275 0.6747 0.1242
vn -0.7272 0.6744 0.1278
vn -0.7264 0.6740 0.1343
vn -0.7249 0.6735 0.1447
vn -0.7222 0.6724 0.1622
vn -0.7164 0.6721 0.1869
vn -0.7081 0.6732 0.2132
vn -0.6989 0.6731 0.2420
vn -0.6860 0.6735 0.2753
vn -0.6698 0.6748 0.3097
vn -0.6526 0.6770 0.3403
vn -0.6375 0.6797 0.3628
vn -0.6251 0.6801 0.3830
vn -0.6092 0.6799 0.4082
vn -0.5890 0.6816 0.4341
vn -0.5687 0.6830 0.4584
vn -0.5469 0.6841 0.4826
vn -0.5218 0.6850 0.5084
vn -0.4907 0.6856 0.5377
vn -0.4532 0.6877 0.5671
vn -0.4137 0.6902 0.5937
vn -0.3683 0.6909 0.6221
vn -0.3084 0.6920 0.6527
vn -0.2313 0.6938 0.6820
vn -0.1360 0.6965 0.7045
vn -0.0251 0.7003 0.7134
vn 0.0983 0.7041 0.7033
vn 0.2128 0.7122 0.6690
vn 0.2972 0.7199 0.6273
vn 0.3575 0.7246 0.5892
vn 0.4045 0.7276 0.5540
vn 0.4451 0.7294 0.5195
vn 0.4841 0.7301 0.4822
vn 0.5282 0.7290 0.4355
vn 0.5692 0.7305 0.3774
vn 0.6000 0.7327 0.3212
vn 0.6237 0.7337 0.2698
vn 0.6436 0.7336 0.2183
vn 0.6617 0.7323 0.1610
vn 0.6785 0.7291 0.0892
vn 0.6880 0.7257 -0.0018
vn 0.6829 0.7230 -0.1044
vn -0.6189 -0.5057 -0.6010
vn 0.6708 -0.4151 -0.6145
vn 0.9090 -0.3815 -0.1677
vn -0.4503 -0.8826 -0.1354
vn 0.9332 0.3268 0.1494
vn 0.9719 -0.1757 0.1569
vn -0.9362 -0.3304 0.1196
vn -0.6598 -0.7454 0.0955
vn 0.9371 0.3197 0.1404
vn 0.9716 -0.1875 0.1444
vn 0.9436 0.3067 0.1247
vn 0.9707 -0.2052 0.1250
vn 0.9521 0.2881 0.1024
vn 0.9685 -0.2285 0.0992
vn 0.9617 0.2638 0.0738
vn 0.9641 -0.2570 0.0676
vn 0.9714 0.2342 0.0392
vn 0.9565 -0.2900 0.0314
vn 0.9796 0.2009 0.0022
vn 0.9475 -0.3197 -0.0025
vn 0.9846 0.1721 -0.0290
vn 0.9398 -0.3405 -0.0278
vn 0.9870 0.1517 -0.0526
vn 0.9327 -0.3573 -0.0480
vn 0.9882 0.1344 -0.0736
vn 0.9259 -0.3720 -0.0660
vn -0.9362 -0.3287 0.1242
vn -0.6617 -0.7430 0.1008
vn 0.9885 0.1191 -0.0934
vn 0.9191 -0.3852 -0.0831
vn 0.9880 0.1049 -0.1132
vn 0.9120 -0.3978 -0.1002
vn 0.9868 0.0910 -0.1341
vn 0.9041 -0.4106 -0.1184
vn 0.9845 0.0763 -0.1581
vn 0.8944 -0.4248 -0.1397
vn 0.9807 0.0602 -0.1862
vn 0.8834 -0.4392 -0.1633
vn -0.9363 -0.3265 0.1291
vn -0.6611 -0.7433 0.1018
vn 0.9755 0.0444 -0.2154
vn 0.8722 -0.4521 -0.1868
vn -0.9363 -0.3269 0.1285
vn -0.6617 -0.7427 0.1027
vn -0.9361 -0.3244 0.1361
vn -0.6636 -0.7399 0.1100
vn 0.9695 0.0305 -0.2434
vn 0.8613 -0.4632 -0.2089
vn -0.9355 -0.3196 0.1509
vn -0.6658 -0.7361 0.1219
vn -0.9344 -0.3143 0.1674
vn -0.6673 -0.7326 0.1341
vn 0.9628 0.0185 -0.2697
vn 0.8508 -0.4726 -0.2296
vn -0.9334 -0.3101 0.1807
vn -0.6681 -0.7302 0.1434
vn -0.9327 -0.3082 0.1873
vn -0.6679 -0.7296 0.1470
vn 0.9558 0.0085 -0.2939
vn 0.8412 -0.4803 -0.2483
vn -0.9327 -0.3081 0.1875
vn -0.6678 -0.7297 0.1469
vn 0.9489 0.0005 -0.3155
vn 0.8327 -0.4862 -0.2650
vn -0.9326 -0.3079 0.1884
vn -0.6679 -0.7294 0.1480
vn 0.9415 -0.0063 -0.3368
vn 0.8235 -0.4922 -0.2823
vn 0.9319 -0.0134 -0.3626
vn 0.8122 -0.4985 -0.3031
vn -0.9318 -0.3071 0.1932
vn -0.6678 -0.7288 0.1517
vn 0.9201 -0.0201 -0.3911
vn 0.8001 -0.5038 -0.3257
vn -0.9303 -0.3062 0.2019
vn -0.6671 -0.7280 0.1582
vn 0.9077 -0.0256 -0.4189
vn 0.7880 -0.5081 -0.3476
vn 0.8948 -0.0297 -0.4454
vn 0.7763 -0.5112 -0.3687
vn -0.9274 -0.3054 0.2161
vn -0.6653 -0.7274 0.1685
vn 0.8819 -0.0325 -0.4702
vn 0.7652 -0.5133 -0.3887
vn 0.8694 -0.0341 -0.4929
vn 0.7547 -0.5144 -0.4071
vn -0.9216 -0.3053 0.2398
vn -0.6612 -0.7269 0.1853
vn 0.8545 -0.0347 -0.5182
vn 0.7425 -0.5155 -0.4277
vn -0.9118 -0.3065 0.2733
vn -0.6535 -0.7275 0.2090
vn 0.8356 -0.0340 -0.5483
vn 0.7278 -0.5153 -0.4526
vn -0.8995 -0.3090 0.3090
vn -0.6428 -0.7292 0.2346
vn 0.8169 -0.0322 -0.5758
vn 0.7137 -0.5134 -0.4765
vn -0.8841 -0.3124 0.3476
vn -0.6300 -0.7313 0.2615
vn 0.8011 -0.0297 -0.5978
vn 0.7020 -0.5111 -0.4960
vn -0.8636 -0.3172 0.3919
vn -0.6126 -0.7343 0.2923
vn 0.7872 -0.0266 -0.6161
vn 0.6919 -0.5085 -0.5125
vn -0.8394 -0.3226 0.4374
vn -0.5917 -0.7382 0.3240
vn -0.8150 -0.3279 0.4778
vn -0.5703 -0.7422 0.3520
vn 0.7745 -0.0231 -0.6321
vn 0.6829 -0.5055 -0.5273
vn -0.7948 -0.3324 0.5077
vn -0.5522 -0.7457 0.3729
vn -0.7758 -0.3365 0.5338
vn -0.5367 -0.7483 0.3899
vn 0.7620 -0.0190 -0.6473
vn 0.6742 -0.5023 -0.5414
vn -0.7504 -0.3419 0.5657
vn -0.5167 -0.7517 0.4100
vn 0.7424 -0.0114 -0.6699
vn 0.6617 -0.4985 -0.5600
vn -0.7212 -0.3482 0.5988
vn -0.4923 -0.7562 0.4311
vn -0.6915 -0.3546 0.6293
vn -0.4681 -0.7605 0.4500
vn 0.7039 0.0043 -0.7103
vn 0.6374 -0.4902 -0.5945
vn -0.6595 -0.3612 0.6593
vn -0.4425 -0.7650 0.4679
vn 0.6475 0.0263 -0.7616
vn 0.5990 -0.4738 -0.6455
vn -0.6225 -0.3684 0.6905
vn -0.4138 -0.7698 0.4859
vn -0.5768 -0.3766 0.7249
vn -0.3793 -0.7753 0.5050
vn 0.5892 0.0475 -0.8066
vn 0.5553 -0.4532 -0.6973
vn -0.5245 -0.3852 0.7593
vn -0.3392 -0.7815 0.5237
vn -0.4704 -0.3930 0.7901
vn -0.2985 -0.7872 0.5397
vn 0.5540 0.0589 -0.8304
vn 0.5234 -0.4354 -0.7325
vn -0.4074 -0.4003 0.8208
vn -0.2539 -0.7924 0.5546
vn -0.3266 -0.4076 0.8528
vn -0.1977 -0.7981 0.5692
vn -0.2257 -0.4139 0.8819
vn -0.1289 -0.8035 0.5812
vn -0.1046 -0.4179 0.9025
vn -0.0479 -0.8078 0.5875
vn 0.0332 -0.4187 0.9075
vn 0.0427 -0.8099 0.5850
vn 0.1843 -0.4153 0.8908
vn 0.1409 -0.8089 0.5708
vn 0.3257 -0.4107 0.8516
vn 0.2330 -0.8049 0.5457
vn 0.4328 -0.4054 0.8052
vn 0.3026 -0.7999 0.5183
vn 0.5104 -0.3996 0.7614
vn 0.3535 -0.7952 0.4926
vn 0.5715 -0.3938 0.7200
vn 0.3941 -0.7909 0.4682
vn 0.6241 -0.3877 0.6784
vn 0.4298 -0.7865 0.4435
vn 0.6742 -0.3807 0.6328
vn 0.4647 -0.7817 0.4158
vn 0.7294 -0.3711 0.5747
vn 0.5051 -0.7752 0.3795
vn 0.7848 -0.3608 0.5039
vn 0.5463 -0.7674 0.3357
vn 0.8293 -0.3506 0.4351
vn 0.5805 -0.7597 0.2931
vn 0.8639 -0.3405 0.3711
vn 0.6087 -0.7522 0.2526
vn 0.5562 0.0563 -0.8291
vn 0.5188 -0.4291 -0.7394
vn 0.8930 -0.3297 0.3063
vn 0.6342 -0.7441 0.2103
vn 0.5863 0.0431 -0.8089
vn 0.5386 -0.4357 -0.7212
vn 0.6293 0.0234 -0.7768
vn 0.5692 -0.4502 -0.6880
vn 0.9191 -0.3171 0.2337
vn 0.6596 -0.7342 0.1611
vn 0.6868 -0.0071 -0.7268
vn 0.6072 -0.4700 -0.6406
vn 0.9431 -0.3003 0.1427
vn 0.6873 -0.7199 0.0962
vn 0.7584 -0.0501 -0.6499
vn 0.6531 -0.5005 -0.5684
vn 0.9604 -0.2772 0.0263
vn 0.7148 -0.6992 0.0098
vn 0.9630 -0.2470 -0.1079
vn 0.7349 -0.6718 -0.0934
vn 0.8345 -0.1030 -0.5414
vn 0.6981 -0.5412 -0.4688
vn 0.9448 -0.2080 -0.2532
vn 0.7428 -0.6342 -0.2144
vn 0.9008 -0.1585 -0.4043
vn 0.7309 -0.5883 -0.3460
vn 0.3165 -0.9243 -0.2131
vn -0.2210 -0.9491 -0.2243
vn 0.5074 -0.8571 0.0889
vn 0.5081 -0.8572 0.0837
vn 0.5092 -0.8574 0.0751
vn 0.5104 -0.8576 0.0633
vn 0.5117 -0.8578 0.0485
vn 0.5125 -0.8581 0.0311
vn 0.5129 -0.8583 0.0133
vn 0.5129 -0.8584 -0.0009
vn 0.5125 -0.8586 -0.0119
vn 0.5119 -0.8588 -0.0218
vn 0.5111 -0.8589 -0.0311
vn 0.5101 -0.8591 -0.0405
vn 0.5088 -0.8594 -0.0505
vn 0.5070 -0.8597 -0.0622
vn 0.5046 -0.8601 -0.0755
vn 0.5017 -0.8604 -0.0892
vn 0.4986 -0.8608 -0.1023
vn 0.4954 -0.8611 -0.1147
vn 0.4921 -0.8614 -0.1260
vn 0.4889 -0.8617 -0.1361
vn 0.4853 -0.8621 -0.1462
vn 0.4805 -0.8625 -0.1584
vn 0.4751 -0.8630 -0.1719
vn 0.4693 -0.8635 -0.1849
vn 0.4633 -0.8640 -0.1973
vn 0.4573 -0.8644 -0.2089
vn 0.4515 -0.8648 -0.2196
vn 0.4444 -0.8654 -0.2313
vn 0.4356 -0.8661 -0.2452
vn 0.4269 -0.8667 -0.2581
vn 0.4196 -0.8671 -0.2684
vn 0.4131 -0.8675 -0.2770
vn 0.4072 -0.8679 -0.2845
vn 0.4014 -0.8683 -0.2915
vn 0.3924 -0.8691 -0.3012
vn 0.3751 -0.8705 -0.3185
vn 0.3496 -0.8723 -0.3419
vn 0.3228 -0.8738 -0.3638
vn 0.3057 -0.8743 -0.3770
vn 0.3053 -0.8739 -0.3783
vn 0.3182 -0.8730 -0.3697
vn 0.3375 -0.8717 -0.3552
vn 0.3632 -0.8700 -0.3335
vn 0.3963 -0.8678 -0.2999
vn 0.4336 -0.8651 -0.2520
vn 0.4692 -0.8624 -0.1900
vn 0.4963 -0.8600 -0.1187
vn 0.5111 -0.8582 -0.0474
vn 0.5150 -0.8570 0.0198
vn 0.5103 -0.8563 0.0797
vn 0.5008 -0.8561 0.1273
vn 0.4896 -0.8561 0.1654
vn 0.4766 -0.8562 0.1995
vn 0.4606 -0.8564 0.2333
vn 0.4394 -0.8568 0.2699
vn 0.4122 -0.8575 0.3080
vn 0.3842 -0.8584 0.3398
vn 0.3587 -0.8593 0.3647
vn 0.3317 -0.8602 0.3874
vn 0.3001 -0.8613 0.4100
vn 0.2597 -0.8628 0.4339
vn 0.2031 -0.8650 0.4589
vn 0.1277 -0.8682 0.4795
vn 0.0473 -0.8720 0.4873
vn -0.0253 -0.8755 0.4825
vn -0.0880 -0.8788 0.4690
vn -0.1390 -0.8816 0.4510
vn -0.1790 -0.8839 0.4320
vn -0.2095 -0.8858 0.4141
vn -0.2356 -0.8873 0.3965
vn -0.2604 -0.8888 0.3771
vn -0.2815 -0.8902 0.3583
vn -0.2984 -0.8913 0.3414
vn -0.3130 -0.8923 0.3254
vn -0.3265 -0.8932 0.3093
vn -0.3397 -0.8941 0.2920
vn -0.3508 -0.8949 0.2757
vn -0.3593 -0.8956 0.2624
vn -0.3686 -0.8962 0.2470
vn -0.3797 -0.8970 0.2265
vn -0.3904 -0.8978 0.2037
vn -0.3992 -0.8987 0.1818
vn -0.4058 -0.8993 0.1628
vn -0.4113 -0.8999 0.1453
vn -0.4155 -0.9004 0.1291
vn -0.4180 -0.9008 0.1176
vn -0.4194 -0.9010 0.1108
vn -0.4202 -0.9012 0.1065
vn -0.4206 -0.9012 0.1042
vn -0.4206 -0.9013 0.1036
vn -0.4207 -0.9013 0.1036
vn -0.4214 -0.9013 0.1008
vn -0.4226 -0.9014 0.0946
vn -0.4239 -0.9016 0.0867
vn -0.4249 -0.9018 0.0793
vn -0.4253 -0.9019 0.0751
vn -0.4252 -0.9020 0.0750
vn -0.4257 -0.9019 0.0734
vn -0.4258 -0.9020 0.0706
vn 0.2338 -0.9619 -0.1418
vn -0.1368 -0.9793 -0.1494
vn 0.3442 -0.9368 0.0631
vn 0.3445 -0.9369 0.0598
vn 0.3450 -0.9370 0.0543
vn 0.3457 -0.9372 0.0467
vn 0.3463 -0.9374 0.0372
vn 0.3468 -0.9376 0.0260
vn 0.3471 -0.9377 0.0147
vn 0.3474 -0.9377 0.0055
vn 0.3472 -0.9378 -0.0015
vn 0.3468 -0.9379 -0.0079
vn 0.3463 -0.9380 -0.0139
vn 0.3457 -0.9381 -0.0199
vn 0.3448 -0.9383 -0.0263
vn 0.3435 -0.9385 -0.0337
vn 0.3419 -0.9388 -0.0423
vn 0.3401 -0.9390 -0.0511
vn 0.3381 -0.9392 -0.0595
vn 0.3361 -0.9394 -0.0674
vn 0.3340 -0.9396 -0.0747
vn 0.3320 -0.9398 -0.0811
vn 0.3296 -0.9400 -0.0876
vn 0.3265 -0.9404 -0.0954
vn 0.3230 -0.9407 -0.1040
vn 0.3193 -0.9410 -0.1124
vn 0.3155 -0.9413 -0.1203
vn 0.3117 -0.9415 -0.1278
vn 0.3080 -0.9418 -0.1347
vn 0.3033 -0.9422 -0.1420
vn 0.2976 -0.9427 -0.1509
vn 0.2922 -0.9430 -0.1593
vn 0.2875 -0.9433 -0.1660
vn 0.2834 -0.9435 -0.1715
vn 0.2797 -0.9438 -0.1763
vn 0.2759 -0.9440 -0.1808
vn 0.2699 -0.9446 -0.1868
vn 0.2584 -0.9457 -0.1974
vn 0.2419 -0.9468 -0.2121
vn 0.2250 -0.9477 -0.2263
vn 0.2145 -0.9479 -0.2356
vn 0.2148 -0.9474 -0.2372
vn 0.2234 -0.9467 -0.2321
vn 0.2360 -0.9458 -0.2230
vn 0.2530 -0.9445 -0.2094
vn 0.2748 -0.9429 -0.1881
vn 0.2994 -0.9410 -0.1575
vn 0.3228 -0.9392 -0.1174
vn 0.3405 -0.9376 -0.0711
vn 0.3498 -0.9365 -0.0247
vn 0.3521 -0.9358 0.0188
vn 0.3486 -0.9355 0.0576
vn 0.3420 -0.9355 0.0883
vn 0.3345 -0.9356 0.1128
vn 0.3260 -0.9357 0.1348
vn 0.3158 -0.9358 0.1567
vn 0.3024 -0.9359 0.1805
vn 0.2849 -0.9363 0.2052
vn 0.2664 -0.9371 0.2255
vn 0.2499 -0.9377 0.2414
vn 0.2325 -0.9383 0.2561
vn 0.2123 -0.9389 0.2710
vn 0.1863 -0.9397 0.2868
vn 0.1500 -0.9409 0.3038
vn 0.1012 -0.9428 0.3177
vn 0.0489 -0.9453 0.3224
vn 0.0018 -0.9478 0.3190
vn -0.0387 -0.9500 0.3098
vn -0.0716 -0.9519 0.2978
vn -0.0973 -0.9535 0.2851
vn -0.1168 -0.9548 0.2732
vn -0.1337 -0.9558 0.2619
vn -0.1497 -0.9568 0.2493
vn -0.1631 -0.9577 0.2370
vn -0.1738 -0.9585 0.2260
vn -0.1832 -0.9591 0.2157
vn -0.1919 -0.9597 0.2053
vn -0.2005 -0.9603 0.1942
vn -0.2074 -0.9609 0.1836
vn -0.2128 -0.9613 0.1750
vn -0.2191 -0.9616 0.1652
vn -0.2263 -0.9621 0.1521
vn -0.2332 -0.9627 0.1374
vn -0.2388 -0.9632 0.1232
vn -0.2429 -0.9637 0.1109
vn -0.2464 -0.9640 0.0997
vn -0.2490 -0.9644 0.0891
vn -0.2503 -0.9647 0.0817
vn -0.2511 -0.9649 0.0773
vn -0.2515 -0.9650 0.0745
vn -0.2517 -0.9651 0.0730
vn -0.2516 -0.9651 0.0726
vn -0.2517 -0.9651 0.0726
vn -0.2523 -0.9650 0.0709
vn -0.2532 -0.9651 0.0669
vn -0.2541 -0.9652 0.0618
vn -0.2547 -0.9653 0.0570
vn -0.2547 -0.9655 0.0543
vn -0.2545 -0.9656 0.0543
vn -0.2551 -0.9655 0.0532
vn -0.2550 -0.9656 0.0514
vn 0.0497 0.9978 -0.0441
vn 0.0438 0.9973 -0.0593
vn 0.0358 0.9967 -0.0723
vn 0.0273 0.9963 -0.0820
vn 0.0198 0.9959 -0.0886
vn 0.0139 0.9956 -0.0926
vn 0.0097 0.9954 -0.0953
vn 0.0066 0.9953 -0.0966
vn 0.0060 0.9954 -0.0953
vn 0.0088 0.9957 -0.0917
vn 0.0140 0.9961 -0.0870
vn 0.0193 0.9964 -0.0826
vn 0.0235 0.9965 -0.0796
vn 0.0256 0.9966 -0.0780
vn 0.0268 0.9967 -0.0765
vn 0.0280 0.9968 -0.0750
vn 0.0292 0.9969 -0.0732
vn 0.0306 0.9970 -0.0710
vn 0.0322 0.9971 -0.0683
vn 0.0341 0.9973 -0.0655
vn 0.0357 0.9974 -0.0632
vn 0.0369 0.9975 -0.0610
vn 0.0380 0.9976 -0.0586
vn 0.0392 0.9977 -0.0561
vn 0.0404 0.9978 -0.0534
vn 0.0415 0.9979 -0.0507
vn 0.0426 0.9979 -0.0483
vn 0.0434 0.9980 -0.0462
vn 0.0440 0.9981 -0.0442
vn 0.0446 0.9981 -0.0419
vn 0.0452 0.9982 -0.0393
vn 0.0458 0.9983 -0.0366
vn 0.0464 0.9983 -0.0339
vn 0.0469 0.9984 -0.0312
vn 0.0475 0.9985 -0.0288
vn 0.0478 0.9985 -0.0268
vn 0.0480 0.9985 -0.0249
vn 0.0482 0.9986 -0.0229
vn 0.0482 0.9986 -0.0209
vn 0.0482 0.9987 -0.0187
vn 0.0479 0.9987 -0.0158
vn 0.0477 0.9988 -0.0122
vn 0.0477 0.9988 -0.0086
vn 0.0476 0.9988 -0.0056
vn 0.0476 0.9989 -0.0032
vn 0.0475 0.9989 -0.0014
vn 0.0476 0.9989 -0.0003
vn 0.0275 0.9965 -0.0787
vn -0.1210 0.9893 -0.0816
vn -0.1437 0.9896 -0.0040
vn -0.1439 0.9896 -0.0034
vn -0.1434 0.9897 -0.0031
vn -0.1436 0.9896 -0.0031
vn -0.1438 0.9896 -0.0022
vn -0.1437 0.9896 -0.0007
vn -0.1434 0.9897 0.0010
vn -0.1430 0.9897 0.0022
vn -0.1426 0.9898 0.0027
vn -0.1427 0.9898 0.0029
vn -0.1427 0.9898 0.0034
vn -0.1426 0.9898 0.0043
vn -0.1425 0.9898 0.0057
vn -0.1423 0.9898 0.0082
vn -0.1417 0.9898 0.0116
vn -0.1405 0.9900 0.0152
vn -0.1394 0.9901 0.0192
vn -0.1377 0.9902 0.0238
vn -0.1354 0.9904 0.0286
vn -0.1330 0.9906 0.0328
vn -0.1307 0.9908 0.0358
vn -0.1291 0.9909 0.0386
vn -0.1270 0.9910 0.0421
vn -0.1242 0.9912 0.0457
vn -0.1214 0.9914 0.0490
vn -0.1184 0.9916 0.0524
vn -0.1150 0.9918 0.0560
vn -0.1108 0.9920 0.0602
vn -0.1057 0.9923 0.0643
vn -0.1002 0.9926 0.0679
vn -0.0940 0.9930 0.0721
vn -0.0859 0.9934 0.0766
vn -0.0752 0.9939 0.0809
vn -0.0620 0.9945 0.0843
vn -0.0465 0.9952 0.0857
vn -0.0292 0.9960 0.0845
vn -0.0132 0.9968 0.0794
vn -0.0017 0.9973 0.0731
vn 0.0066 0.9977 0.0676
vn 0.0130 0.9980 0.0626
vn 0.0186 0.9982 0.0577
vn 0.0240 0.9983 0.0526
vn 0.0304 0.9985 0.0463
vn 0.0360 0.9986 0.0383
vn 0.0401 0.9987 0.0304
vn 0.0433 0.9988 0.0232
vn 0.0461 0.9988 0.0161
vn 0.0488 0.9988 0.0082
vn 0.0514 0.9987 -0.0017
vn 0.0530 0.9985 -0.0144
vn 0.0524 0.9982 -0.0287
vn 0.6304 -0.6683 -0.3949
vn 0.6862 -0.6622 -0.3009
vn 0.7278 -0.6584 -0.1919
vn 0.7491 -0.6573 -0.0826
vn 0.7543 -0.6563 0.0200
vn 0.7450 -0.6578 0.1111
vn 0.7284 -0.6603 0.1829
vn 0.7105 -0.6615 0.2403
vn 0.6906 -0.6618 0.2918
vn 0.6668 -0.6615 0.3432
vn 0.6359 -0.6605 0.3993
vn 0.5948 -0.6611 0.4574
vn 0.5510 -0.6650 0.5042
vn 0.5120 -0.6668 0.5415
vn 0.4714 -0.6678 0.5760
vn 0.4242 -0.6683 0.6111
vn 0.3637 -0.6681 0.6491
vn 0.2790 -0.6672 0.6907
vn 0.1641 -0.6690 0.7249
vn 0.0409 -0.6767 0.7351
vn -0.0698 -0.6838 0.7263
vn -0.1649 -0.6910 0.7038
vn -0.2418 -0.6975 0.6746
vn -0.3015 -0.7030 0.6441
vn -0.3467 -0.7076 0.6157
vn -0.3863 -0.7097 0.5892
vn -0.4237 -0.7121 0.5598
vn -0.4547 -0.7154 0.5305
vn -0.4797 -0.7178 0.5047
vn -0.5015 -0.7195 0.4805
vn -0.5218 -0.7208 0.4562
vn -0.5420 -0.7219 0.4303
vn -0.5578 -0.7243 0.4052
vn -0.5701 -0.7258 0.3849
vn -0.5854 -0.7253 0.3624
vn -0.6027 -0.7257 0.3318
vn -0.6189 -0.7270 0.2974
vn -0.6317 -0.7289 0.2641
vn -0.6408 -0.7308 0.2353
vn -0.6492 -0.7314 0.2090
vn -0.6548 -0.7330 0.1843
vn -0.6574 -0.7348 0.1669
vn -0.6588 -0.7358 0.1565
vn -0.6596 -0.7365 0.1501
vn -0.6599 -0.7370 0.1465
vn -0.6596 -0.7374 0.1455
vn -0.6598 -0.7372 0.1455
vn -0.6617 -0.7363 0.1415
vn -0.6640 -0.7360 0.1322
vn -0.6662 -0.7360 0.1204
vn -0.6673 -0.7367 0.1092
vn -0.6670 -0.7379 0.1029
vn -0.6661 -0.7387 0.1027
vn -0.6682 -0.7372 0.1004
vn -0.6675 -0.7384 0.0961
vn -0.5826 -0.6079 -0.5395
vn 0.6568 -0.5472 -0.5187
vn 0.7303 -0.6719 0.1234
vn 0.7307 -0.6728 0.1155
vn 0.7318 -0.6738 0.1026
vn 0.7331 -0.6748 0.0850
vn 0.7345 -0.6757 0.0629
vn 0.7353 -0.6767 0.0368
vn 0.7363 -0.6766 0.0104
vn 0.7371 -0.6757 -0.0109
vn 0.7368 -0.6756 -0.0274
vn 0.7360 -0.6757 -0.0421
vn 0.7349 -0.6759 -0.0561
vn 0.7333 -0.6763 -0.0702
vn 0.7312 -0.6768 -0.0851
vn 0.7280 -0.6778 -0.1024
vn 0.7242 -0.6786 -0.1223
vn 0.7201 -0.6791 -0.1428
vn 0.7155 -0.6794 -0.1624
vn 0.7108 -0.6797 -0.1808
vn 0.7061 -0.6800 -0.1978
vn 0.7015 -0.6801 -0.2129
vn 0.6958 -0.6811 -0.2280
vn 0.6883 -0.6824 -0.2461
vn 0.6802 -0.6831 -0.2661
vn 0.6716 -0.6837 -0.2856
vn 0.6627 -0.6843 -0.3042
vn 0.6540 -0.6848 -0.3216
vn 0.6454 -0.6852 -0.3376
vn 0.6343 -0.6870 -0.3546
vn 0.6208 -0.6883 -0.3753
vn 0.6084 -0.6884 -0.3950
vn 0.5977 -0.6886 -0.4106
vn 0.5883 -0.6889 -0.4235
vn 0.5795 -0.6893 -0.4348
vn 0.5708 -0.6898 -0.4453
vn 0.5565 -0.6927 -0.4588
vn 0.5289 -0.6980 -0.4828
vn 0.4904 -0.7018 -0.5168
vn 0.4513 -0.7027 -0.5501
vn 0.4275 -0.6994 -0.5728
vn 0.4289 -0.6942 -0.5780
vn 0.4495 -0.6904 -0.5669
vn 0.4792 -0.6873 -0.5460
vn 0.5196 -0.6817 -0.5151
vn 0.5717 -0.6753 -0.4660
vn -0.6635 0.4251 -0.6157
vn -0.5324 0.8308 -0.1624
vn 0.8686 0.4612 -0.1810
vn 0.6290 0.4578 -0.6283
vn 0.9504 0.2727 0.1498
vn 0.9599 -0.2313 0.1582
vn -0.9637 0.2430 0.1105
vn -0.7281 0.6815 0.0730
vn 0.9490 0.2840 0.1370
vn 0.9631 -0.2241 0.1489
vn 0.9464 0.3009 0.1170
vn 0.9684 -0.2110 0.1328
vn 0.9421 0.3230 0.0905
vn 0.9751 -0.1924 0.1100
vn 0.9350 0.3500 0.0581
vn 0.9824 -0.1682 0.0806
vn 0.9244 0.3810 0.0208
vn 0.9893 -0.1389 0.0451
vn 0.9126 0.4086 -0.0140
vn 0.9943 -0.1062 0.0070
vn 0.9030 0.4277 -0.0399
vn 0.9966 -0.0780 -0.0251
vn 0.8944 0.4432 -0.0606
vn 0.9971 -0.0582 -0.0493
vn 0.8862 0.4565 -0.0791
vn 0.9966 -0.0415 -0.0708
vn -0.9636 0.2414 0.1152
vn -0.7299 0.6791 0.0784
vn 0.8782 0.4685 -0.0966
vn 0.9955 -0.0269 -0.0911
vn 0.8699 0.4798 -0.1141
vn 0.9937 -0.0134 -0.1113
vn 0.8609 0.4912 -0.1326
vn 0.9912 -0.0004 -0.1327
vn 0.8499 0.5038 -0.1544
vn 0.9875 0.0132 -0.1572
vn 0.8376 0.5163 -0.1784
vn 0.9822 0.0280 -0.1857
vn -0.9635 0.2394 0.1202
vn -0.7293 0.6795 0.0794
vn 0.8253 0.5273 -0.2022
vn 0.9756 0.0423 -0.2153
vn -0.9634 0.2397 0.1196
vn -0.7299 0.6788 0.0803
vn -0.9630 0.2376 0.1273
vn -0.7315 0.6762 0.0877
vn 0.8133 0.5367 -0.2247
vn 0.9683 0.0547 -0.2437
vn -0.9620 0.2333 0.1422
vn -0.7333 0.6725 0.0997
vn -0.9605 0.2286 0.1589
vn -0.7345 0.6693 0.1120
vn 0.8021 0.5444 -0.2456
vn 0.9605 0.0652 -0.2704
vn -0.9590 0.2250 0.1723
vn -0.7350 0.6671 0.1214
vn -0.9582 0.2233 0.1789
vn -0.7348 0.6667 0.1249
vn 0.7918 0.5505 -0.2646
vn 0.9527 0.0737 -0.2949
vn -0.9582 0.2233 0.1791
vn -0.7347 0.6668 0.1249
vn 0.7828 0.5551 -0.2814
vn 0.9451 0.0803 -0.3167
vn -0.9580 0.2231 0.1801
vn -0.7348 0.6665 0.1260
vn 0.7731 0.5595 -0.2988
vn 0.9371 0.0857 -0.3383
vn 0.7612 0.5641 -0.3199
vn 0.9269 0.0910 -0.3642
vn -0.9572 0.2225 0.1849
vn -0.7346 0.6660 0.1298
vn 0.7487 0.5675 -0.3426
vn 0.9146 0.0957 -0.3929
vn -0.9556 0.2220 0.1936
vn -0.7338 0.6655 0.1362
vn 0.7364 0.5699 -0.3646
vn 0.9017 0.0991 -0.4209
vn 0.7245 0.5712 -0.3858
vn 0.8886 0.1011 -0.4475
vn -0.9527 0.2220 0.2078
vn -0.7320 0.6653 0.1465
vn 0.7132 0.5716 -0.4058
vn 0.8755 0.1019 -0.4724
vn 0.7027 0.5712 -0.4242
vn 0.8629 0.1015 -0.4951
vn -0.9469 0.2231 0.2315
vn -0.7280 0.6659 0.1633
vn 0.6905 0.5704 -0.4448
vn 0.8481 0.0999 -0.5203
vn -0.9373 0.2264 0.2649
vn -0.7204 0.6679 0.1870
vn 0.6758 0.5680 -0.4697
vn 0.8293 0.0965 -0.5504
vn -0.9254 0.2311 0.3005
vn -0.7100 0.6714 0.2125
vn 0.6620 0.5641 -0.4935
vn 0.8110 0.0921 -0.5778
vn -0.9104 0.2373 0.3389
vn -0.6974 0.6755 0.2393
vn 0.6506 0.5600 -0.5128
vn 0.7955 0.0873 -0.5996
vn -0.8906 0.2453 0.3831
vn -0.6804 0.6812 0.2700
vn 0.6409 0.5559 -0.5293
vn 0.7820 0.0824 -0.6178
vn -0.8671 0.2544 0.4283
vn -0.6601 0.6880 0.3015
vn -0.8433 0.2634 0.4685
vn -0.6392 0.6949 0.3294
vn 0.6322 0.5517 -0.5440
vn 0.7697 0.0772 -0.6337
vn -0.8237 0.2707 0.4982
vn -0.6215 0.7008 0.3501
vn -0.8052 0.2774 0.5242
vn -0.6063 0.7055 0.3670
vn 0.6239 0.5472 -0.5580
vn 0.7577 0.0714 -0.6487
vn -0.7805 0.2862 0.5558
vn -0.5868 0.7113 0.3869
vn 0.6119 0.5416 -0.5764
vn 0.7389 0.0613 -0.6710
vn -0.7521 0.2964 0.5886
vn -0.5630 0.7188 0.4079
vn -0.7232 0.3064 0.6189
vn -0.5393 0.7260 0.4266
vn 0.5885 0.5300 -0.6106
vn 0.7021 0.0407 -0.7109
vn -0.6920 0.3170 0.6486
vn -0.5143 0.7335 0.4443
vn 0.5520 0.5084 -0.6610
vn 0.6482 0.0118 -0.7614
vn -0.6559 0.3287 0.6795
vn -0.4863 0.7416 0.4621
vn -0.6113 0.3423 0.7135
vn -0.4525 0.7510 0.4809
vn 0.5105 0.4820 -0.7121
vn 0.5923 -0.0163 -0.8056
vn -0.5601 0.3570 0.7476
vn -0.4132 0.7615 0.4994
vn -0.5071 0.3709 0.7780
vn -0.3732 0.7716 0.5151
vn 0.4804 0.4602 -0.7466
vn 0.5584 -0.0318 -0.8290
vn -0.4450 0.3852 0.8085
vn -0.3293 0.7816 0.5298
vn -0.3653 0.4012 0.8400
vn -0.2739 0.7930 0.5441
vn -0.2656 0.4179 0.8688
vn -0.2060 0.8054 0.5558
vn -0.1454 0.4341 0.8890
vn -0.1258 0.8176 0.5619
vn -0.0084 0.4483 0.8938
vn -0.0359 0.8282 0.5592
vn 0.1424 0.4588 0.8770
vn 0.0620 0.8362 0.5448
vn 0.2837 0.4665 0.8378
vn 0.1542 0.8403 0.5198
vn 0.3908 0.4700 0.7914
vn 0.2240 0.8411 0.4924
vn 0.4687 0.4704 0.7477
vn 0.2751 0.8405 0.4668
vn 0.5301 0.4691 0.7064
vn 0.3160 0.8392 0.4425
vn 0.5831 0.4667 0.6649
vn 0.3519 0.8376 0.4179
vn 0.6338 0.4632 0.6195
vn 0.3872 0.8353 0.3903
vn 0.6897 0.4571 0.5616
vn 0.4281 0.8315 0.3541
vn 0.7459 0.4498 0.4912
vn 0.4699 0.8263 0.3106
vn 0.7914 0.4418 0.4226
vn 0.5047 0.8205 0.2682
vn 0.8269 0.4330 0.3589
vn 0.5336 0.8145 0.2279
vn 0.4765 0.4532 -0.7533
vn 0.5603 -0.0289 -0.8278
vn 0.8569 0.4231 0.2944
vn 0.5598 0.8075 0.1858
vn 0.4955 0.4623 -0.7353
vn 0.5890 -0.0123 -0.8081
vn 0.5246 0.4807 -0.7027
vn 0.6298 0.0125 -0.7767
vn 0.8843 0.4107 0.2222
vn 0.5861 0.7986 0.1370
vn 0.5605 0.5055 -0.6560
vn 0.6840 0.0499 -0.7277
vn 0.9099 0.3935 0.1317
vn 0.6152 0.7850 0.0725
vn 0.6031 0.5425 -0.5848
vn 0.7511 0.1019 -0.6523
vn 0.9295 0.3685 0.0161
vn 0.6447 0.7643 -0.0133
vn 0.9351 0.3344 -0.1170
vn 0.6674 0.7357 -0.1156
vn 0.6438 0.5904 -0.4867
vn 0.8216 0.1652 -0.5456
vn 0.9209 0.2893 -0.2611
vn 0.6791 0.6953 -0.2354
vn 0.6718 0.6443 -0.3654
vn 0.8821 0.2311 -0.4105
vn -0.3104 0.9161 -0.2537
vn 0.2270 0.9432 -0.2426
vn 0.4230 0.9041 0.0611
vn 0.4237 0.9041 0.0559
vn 0.4247 0.9041 0.0473
vn 0.4260 0.9040 0.0355
vn 0.4272 0.9039 0.0207
vn 0.4281 0.9037 0.0033
vn 0.4285 0.9034 -0.0144
vn 0.4285 0.9031 -0.0287
vn 0.4281 0.9029 -0.0397
vn 0.4275 0.9027 -0.0496
vn 0.4267 0.9025 -0.0589
vn 0.4257 0.9023 -0.0683
vn 0.4244 0.9021 -0.0783
vn 0.4225 0.9019 -0.0900
vn 0.4201 0.9016 -0.1033
vn 0.4173 0.9012 -0.1170
vn 0.4142 0.9008 -0.1301
vn 0.4109 0.9005 -0.1425
vn 0.4076 0.9001 -0.1538
vn 0.4045 0.8998 -0.1638
vn 0.4008 0.8995 -0.1740
vn 0.3961 0.8991 -0.1862
vn 0.3906 0.8986 -0.1996
vn 0.3848 0.8982 -0.2127
vn 0.3789 0.8977 -0.2251
vn 0.3729 0.8972 -0.2367
vn 0.3671 0.8967 -0.2473
vn 0.3600 0.8963 -0.2590
vn 0.3511 0.8957 -0.2730
vn 0.3425 0.8950 -0.2859
vn 0.3351 0.8944 -0.2962
vn 0.3287 0.8939 -0.3048
vn 0.3228 0.8935 -0.3122
vn 0.3169 0.8931 -0.3192
vn 0.3080 0.8927 -0.3289
vn 0.2906 0.8920 -0.3463
vn 0.2651 0.8905 -0.3697
vn 0.2384 0.8887 -0.3916
vn 0.2212 0.8872 -0.4048
vn 0.2209 0.8868 -0.4060
vn 0.2338 0.8873 -0.3975
vn 0.2531 0.8884 -0.3830
vn 0.2788 0.8898 -0.3612
vn 0.3120 0.8918 -0.3276
vn 0.3493 0.8943 -0.2798
vn 0.3849 0.8969 -0.2177
vn 0.4120 0.8993 -0.1464
vn 0.4268 0.9012 -0.0751
vn 0.4307 0.9025 -0.0079
vn 0.4259 0.9033 0.0520
vn 0.4165 0.9037 0.0996
vn 0.4053 0.9038 0.1376
vn 0.3922 0.9037 0.1717
vn 0.3762 0.9034 0.2055
vn 0.3551 0.9029 0.2422
vn 0.3278 0.9022 0.2803
vn 0.2999 0.9015 0.3121
vn 0.2743 0.9007 0.3369
vn 0.2473 0.8997 0.3596
vn 0.2158 0.8985 0.3822
vn 0.1753 0.8968 0.4061
vn 0.1188 0.8944 0.4312
vn 0.0434 0.8911 0.4517
vn -0.0370 0.8874 0.4595
vn -0.1096 0.8839 0.4547
vn -0.1723 0.8807 0.4413
vn -0.2234 0.8780 0.4233
vn -0.2634 0.8759 0.4043
vn -0.2939 0.8743 0.3864
vn -0.3200 0.8727 0.3687
vn -0.3448 0.8712 0.3494
vn -0.3658 0.8700 0.3305
vn -0.3827 0.8690 0.3137
vn -0.3973 0.8680 0.2977
vn -0.4108 0.8671 0.2816
vn -0.4241 0.8662 0.2642
vn -0.4352 0.8655 0.2480
vn -0.4436 0.8649 0.2347
vn -0.4530 0.8641 0.2193
vn -0.4640 0.8632 0.1988
vn -0.4747 0.8624 0.1760
vn -0.4836 0.8616 0.1540
vn -0.4902 0.8611 0.1351
vn -0.4956 0.8605 0.1176
vn -0.4999 0.8601 0.1013
vn -0.5024 0.8599 0.0899
vn -0.5038 0.8598 0.0830
vn -0.5046 0.8598 0.0788
vn -0.5050 0.8597 0.0764
vn -0.5050 0.8598 0.0758
vn -0.5051 0.8597 0.0758
vn -0.5058 0.8596 0.0730
vn -0.5070 0.8594 0.0668
vn -0.5083 0.8592 0.0589
vn -0.5093 0.8590 0.0515
vn -0.5097 0.8590 0.0474
vn -0.5096 0.8591 0.0473
vn -0.5100 0.8589 0.0456
vn -0.5102 0.8590 0.0429
vn -0.2295 0.9565 -0.1800
vn 0.1410 0.9749 -0.1723
vn 0.2530 0.9669 0.0331
vn 0.2532 0.9669 0.0298
vn 0.2538 0.9670 0.0242
vn 0.2544 0.9669 0.0167
vn 0.2551 0.9669 0.0072
vn 0.2555 0.9668 -0.0040
vn 0.2559 0.9666 -0.0154
vn 0.2561 0.9663 -0.0245
vn 0.2559 0.9662 -0.0315
vn 0.2556 0.9660 -0.0379
vn 0.2551 0.9659 -0.0439
vn 0.2544 0.9658 -0.0499
vn 0.2535 0.9657 -0.0563
vn 0.2522 0.9656 -0.0638
vn 0.2506 0.9654 -0.0723
vn 0.2488 0.9651 -0.0811
vn 0.2469 0.9649 -0.0895
vn 0.2448 0.9647 -0.0974
vn 0.2428 0.9644 -0.1047
vn 0.2408 0.9642 -0.1112
vn 0.2384 0.9640 -0.1176
vn 0.2352 0.9638 -0.1254
vn 0.2317 0.9635 -0.1340
vn 0.2280 0.9632 -0.1424
vn 0.2242 0.9629 -0.1504
vn 0.2204 0.9625 -0.1578
vn 0.2167 0.9622 -0.1647
vn 0.2120 0.9620 -0.1721
vn 0.2063 0.9616 -0.1809
vn 0.2009 0.9611 -0.1893
vn 0.1963 0.9608 -0.1960
vn 0.1922 0.9604 -0.2015
vn 0.1884 0.9602 -0.2063
vn 0.1847 0.9599 -0.2108
vn 0.1787 0.9597 -0.2168
vn 0.1671 0.9594 -0.2274
vn 0.1505 0.9585 -0.2422
vn 0.1337 0.9573 -0.2564
vn 0.1233 0.9562 -0.2656
vn 0.1236 0.9557 -0.2672
vn 0.1322 0.9559 -0.2621
vn 0.1448 0.9566 -0.2530
vn 0.1618 0.9573 -0.2394
vn 0.1837 0.9585 -0.2181
vn 0.2083 0.9599 -0.1874
vn 0.2317 0.9616 -0.1473
vn 0.2494 0.9631 -0.1011
vn 0.2587 0.9644 -0.0547
vn 0.2610 0.9653 -0.0111
vn 0.2575 0.9659 0.0276
vn 0.2508 0.9663 0.0583
vn 0.2433 0.9664 0.0828
vn 0.2349 0.9664 0.1048
vn 0.2247 0.9662 0.1267
vn 0.2113 0.9658 0.1506
vn 0.1937 0.9653 0.1752
vn 0.1753 0.9649 0.1955
vn 0.1587 0.9644 0.2115
vn 0.1413 0.9638 0.2261
vn 0.1211 0.9629 0.2410
vn 0.0952 0.9618 0.2568
vn 0.0589 0.9600 0.2738
vn 0.0101 0.9577 0.2877
vn -0.0422 0.9554 0.2924
vn -0.0893 0.9532 0.2890
vn -0.1299 0.9512 0.2798
vn -0.1628 0.9496 0.2678
vn -0.1885 0.9484 0.2551
vn -0.2080 0.9474 0.2433
vn -0.2248 0.9464 0.2319
vn -0.2408 0.9455 0.2194
vn -0.2542 0.9447 0.2070
vn -0.2650 0.9441 0.1961
vn -0.2744 0.9435 0.1857
vn -0.2831 0.9429 0.1753
vn -0.2917 0.9423 0.1642
vn -0.2986 0.9419 0.1536
vn -0.3040 0.9416 0.1450
vn -0.3102 0.9410 0.1352
vn -0.3175 0.9404 0.1221
vn -0.3244 0.9398 0.1074
vn -0.3300 0.9394 0.0932
vn -0.3341 0.9391 0.0809
vn -0.3376 0.9387 0.0697
vn -0.3402 0.9385 0.0591
vn -0.3415 0.9384 0.0517
vn -0.3423 0.9384 0.0473
vn -0.3427 0.9384 0.0445
vn -0.3429 0.9384 0.0430
vn -0.3428 0.9384 0.0426
vn -0.3429 0.9384 0.0426
vn -0.3435 0.9382 0.0408
vn -0.3444 0.9381 0.0369
vn -0.3453 0.9379 0.0318
vn -0.3459 0.9379 0.0270
vn -0.3459 0.9379 0.0243
vn -0.3457 0.9380 0.0242
vn -0.3463 0.9378 0.0232
vn -0.3462 0.9379 0.0214
# 1210 vertex normals

vt 0.9118 0.5785 0.9995
vt 0.9186 0.5801 0.9995
vt 0.9249 0.5836 0.9995
vt 0.9312 0.5891 0.9995
vt 0.9375 0.5970 0.9995
vt 0.9443 0.6083 0.9995
vt 0.9515 0.6233 0.9995
vt 0.9587 0.6413 0.9995
vt 0.9654 0.6613 0.9995
vt 0.9713 0.6824 0.9995
vt 0.9761 0.7036 0.9995
vt 0.9795 0.7241 0.9995
vt 0.9818 0.7458 0.9995
vt 0.9834 0.7698 0.9995
vt 0.9839 0.7948 0.9995
vt 0.9834 0.8196 0.9995
vt 0.9818 0.8430 0.9995
vt 0.9791 0.8636 0.9995
vt 0.9754 0.8804 0.9995
vt 0.9705 0.8944 0.9995
vt 0.9643 0.9070 0.9995
vt 0.9568 0.9184 0.9995
vt 0.9480 0.9287 0.9995
vt 0.9379 0.9380 0.9995
vt 0.9265 0.9464 0.9995
vt 0.9142 0.9538 0.9995
vt 0.9005 0.9602 0.9995
vt 0.8850 0.9654 0.9995
vt 0.8683 0.9695 0.9995
vt 0.8507 0.9722 0.9995
vt 0.8328 0.9735 0.9995
vt 0.8148 0.9733 0.9995
vt 0.7973 0.9717 0.9995
vt 0.7808 0.9690 0.9995
vt 0.7652 0.9656 0.9995
vt 0.7499 0.9610 0.9995
vt 0.7340 0.9547 0.9995
vt 0.7167 0.9460 0.9995
vt 0.6973 0.9344 0.9995
vt 0.6750 0.9193 0.9995
vt 0.6482 0.8990 0.9995
vt 0.6170 0.8732 0.9995
vt 0.5832 0.8439 0.9995
vt 0.5487 0.8132 0.9995
vt 0.5155 0.7831 0.9995
vt 0.4854 0.7555 0.9995
vt 0.4602 0.7326 0.9995
vt 0.4410 0.7150 0.9995
vt 0.4265 0.7013 0.9995
vt 0.4149 0.6900 0.9995
vt 0.4049 0.6798 0.9995
vt 0.3948 0.6692 0.9995
vt 0.3832 0.6569 0.9995
vt 0.3687 0.6416 0.9995
vt 0.2300 0.4918 0.9995
vt 0.0255 0.2706 0.9995
vt 0.1256 0.0413 0.9995
vt 0.1324 0.0547 0.9995
vt 0.1494 0.0872 0.9995
vt 0.1668 0.1197 0.9995
vt 0.1848 0.1519 0.9995
vt 0.2036 0.1836 0.9995
vt 0.2235 0.2148 0.9995
vt 0.2444 0.2452 0.9995
vt 0.2668 0.2753 0.9995
vt 0.2904 0.3055 0.9995
vt 0.3149 0.3355 0.9995
vt 0.3398 0.3646 0.9995
vt 0.3646 0.3923 0.9995
vt 0.3889 0.4182 0.9995
vt 0.4121 0.4417 0.9995
vt 0.4344 0.4629 0.9995
vt 0.4563 0.4822 0.9995
vt 0.4776 0.4996 0.9995
vt 0.4986 0.5155 0.9995
vt 0.5193 0.5299 0.9995
vt 0.5397 0.5432 0.9995
vt 0.5598 0.5555 0.9995
vt 0.5797 0.5666 0.9995
vt 0.5993 0.5764 0.9995
vt 0.6186 0.5848 0.9995
vt 0.6376 0.5921 0.9995
vt 0.6564 0.5982 0.9995
vt 0.6752 0.6034 0.9995
vt 0.6939 0.6078 0.9995
vt 0.7133 0.6111 0.9995
vt 0.7333 0.6132 0.9995
vt 0.7533 0.6142 0.9995
vt 0.7728 0.6143 0.9995
vt 0.7912 0.6137 0.9995
vt 0.8081 0.6126 0.9995
vt 0.8230 0.6110 0.9995
vt 0.8353 0.6089 0.9995
vt 0.8452 0.6060 0.9995
vt 0.8535 0.6023 0.9995
vt 0.8606 0.5982 0.9995
vt 0.8675 0.5939 0.9995
vt 0.8752 0.5894 0.9995
vt 0.8848 0.5846 0.9995
vt 0.8951 0.5806 0.9995
vt 0.9040 0.5786 0.9995
vt 0.0680 0.5617 0.5519
vt 0.0764 0.5571 0.5519
vt 0.0852 0.5550 0.5519
vt 0.0946 0.5552 0.5519
vt 0.1049 0.5575 0.5519
vt 0.1161 0.5618 0.5519
vt 0.1264 0.5670 0.5519
vt 0.1346 0.5717 0.5519
vt 0.1415 0.5761 0.5519
vt 0.1482 0.5800 0.5519
vt 0.1556 0.5833 0.5519
vt 0.1647 0.5859 0.5519
vt 0.1765 0.5879 0.5519
vt 0.1912 0.5895 0.5519
vt 0.2080 0.5906 0.5519
vt 0.2264 0.5912 0.5519
vt 0.2457 0.5911 0.5519
vt 0.2656 0.5901 0.5519
vt 0.2853 0.5880 0.5519
vt 0.3045 0.5848 0.5519
vt 0.3231 0.5804 0.5519
vt 0.3417 0.5753 0.5519
vt 0.3604 0.5692 0.5519
vt 0.3792 0.5620 0.5519
vt 0.3983 0.5536 0.5519
vt 0.4177 0.5439 0.5519
vt 0.4374 0.5329 0.5519
vt 0.4575 0.5207 0.5519
vt 0.4778 0.5075 0.5519
vt 0.4984 0.4930 0.5519
vt 0.5193 0.4773 0.5519
vt 0.5405 0.4599 0.5519
vt 0.5622 0.4408 0.5519
vt 0.5844 0.4197 0.5519
vt 0.6076 0.3962 0.5519
vt 0.6319 0.3703 0.5519
vt 0.6567 0.3425 0.5519
vt 0.6816 0.3134 0.5519
vt 0.7062 0.2835 0.5519
vt 0.7298 0.2532 0.5519
vt 0.7521 0.2232 0.5519
vt 0.7729 0.1931 0.5519
vt 0.7925 0.1622 0.5519
vt 0.8112 0.1306 0.5519
vt 0.8292 0.0985 0.5519
vt 0.8466 0.0661 0.5519
vt 0.8636 0.0333 0.5519
vt 0.8805 0.0005 0.5519
vt 0.9995 0.2732 0.5519
vt 0.7807 0.5099 0.5519
vt 0.6406 0.6613 0.5519
vt 0.6259 0.6767 0.5519
vt 0.6142 0.6892 0.5519
vt 0.6039 0.7000 0.5519
vt 0.5936 0.7105 0.5519
vt 0.5818 0.7220 0.5519
vt 0.5669 0.7360 0.5519
vt 0.5475 0.7538 0.5519
vt 0.5221 0.7770 0.5519
vt 0.4917 0.8048 0.5519
vt 0.4581 0.8353 0.5519
vt 0.4232 0.8664 0.5519
vt 0.3889 0.8961 0.5519
vt 0.3571 0.9224 0.5519
vt 0.3296 0.9432 0.5519
vt 0.3066 0.9587 0.5519
vt 0.2865 0.9707 0.5519
vt 0.2685 0.9798 0.5519
vt 0.2518 0.9865 0.5519
vt 0.2357 0.9914 0.5519
vt 0.2195 0.9949 0.5519
vt 0.2024 0.9976 0.5519
vt 0.1842 0.9993 0.5519
vt 0.1655 0.9995 0.5519
vt 0.1468 0.9981 0.5519
vt 0.1285 0.9953 0.5519
vt 0.1109 0.9911 0.5519
vt 0.0946 0.9855 0.5519
vt 0.0799 0.9787 0.5519
vt 0.0667 0.9707 0.5519
vt 0.0544 0.9617 0.5519
vt 0.0431 0.9513 0.5519
vt 0.0330 0.9395 0.5519
vt 0.0241 0.9260 0.5519
vt 0.0166 0.9106 0.5519
vt 0.0105 0.8931 0.5519
vt 0.0059 0.8727 0.5519
vt 0.0028 0.8490 0.5519
vt 0.0010 0.8231 0.5519
vt 0.0005 0.7962 0.5519
vt 0.0011 0.7692 0.5519
vt 0.0027 0.7433 0.5519
vt 0.0053 0.7194 0.5519
vt 0.0091 0.6965 0.5519
vt 0.0144 0.6732 0.5519
vt 0.0208 0.6503 0.5519
vt 0.0281 0.6286 0.5519
vt 0.0360 0.6089 0.5519
vt 0.0441 0.5920 0.5519
vt 0.0521 0.5787 0.5519
vt 0.0600 0.5688 0.5519
vt 0.0005 0.2732 0.6922
vt 0.1195 0.0005 0.6922
vt 0.1248 0.0067 0.8059
vt 0.0070 0.2767 0.8059
vt 0.0005 0.5519 0.2732
vt 0.1195 0.5519 0.0005
vt 0.1195 0.6922 0.0005
vt 0.0005 0.6922 0.2732
vt 0.8805 0.0005 0.6922
vt 0.8636 0.0333 0.6922
vt 0.8585 0.0392 0.8059
vt 0.8752 0.0067 0.8059
vt 0.1364 0.5519 0.0333
vt 0.1364 0.6922 0.0333
vt 0.2193 0.5099 0.6922
vt 0.2236 0.5112 0.8059
vt 0.7807 0.5519 0.5099
vt 0.9995 0.5519 0.2732
vt 0.9995 0.6922 0.2732
vt 0.7807 0.6922 0.5099
vt 0.8466 0.0661 0.6922
vt 0.8416 0.0716 0.8059
vt 0.1534 0.5519 0.0661
vt 0.1534 0.6922 0.0661
vt 0.8292 0.0985 0.6922
vt 0.8244 0.1038 0.8059
vt 0.1708 0.5519 0.0985
vt 0.1708 0.6922 0.0985
vt 0.8112 0.1306 0.6922
vt 0.8066 0.1355 0.8059
vt 0.1888 0.5519 0.1306
vt 0.1888 0.6922 0.1306
vt 0.7925 0.1622 0.6922
vt 0.7880 0.1668 0.8059
vt 0.2075 0.5519 0.1622
vt 0.2075 0.6922 0.1622
vt 0.7729 0.1931 0.6922
vt 0.7686 0.1974 0.8059
vt 0.2271 0.5519 0.1931
vt 0.2271 0.6922 0.1931
vt 0.7521 0.2232 0.6922
vt 0.7480 0.2273 0.8059
vt 0.2479 0.5519 0.2232
vt 0.2479 0.6922 0.2232
vt 0.7298 0.2532 0.6922
vt 0.7259 0.2570 0.8059
vt 0.2702 0.5519 0.2532
vt 0.2702 0.6922 0.2532
vt 0.7062 0.2835 0.6922
vt 0.7025 0.2869 0.8059
vt 0.2938 0.5519 0.2835
vt 0.2938 0.6922 0.2835
vt 0.6816 0.3134 0.6922
vt 0.6782 0.3166 0.8059
vt 0.3184 0.5519 0.3134
vt 0.3184 0.6922 0.3134
vt 0.3594 0.6613 0.6922
vt 0.3624 0.6611 0.8059
vt 0.6406 0.5519 0.6613
vt 0.6406 0.6922 0.6613
vt 0.6567 0.3425 0.6922
vt 0.6535 0.3454 0.8059
vt 0.3433 0.5519 0.3425
vt 0.3433 0.6922 0.3425
vt 0.6319 0.3703 0.6922
vt 0.6289 0.3729 0.8059
vt 0.3681 0.5519 0.3703
vt 0.3681 0.6922 0.3703
vt 0.6076 0.3962 0.6922
vt 0.6049 0.3986 0.8059
vt 0.3924 0.5519 0.3962
vt 0.3924 0.6922 0.3962
vt 0.5844 0.4197 0.6922
vt 0.5820 0.4219 0.8059
vt 0.4156 0.5519 0.4197
vt 0.4156 0.6922 0.4197
vt 0.5622 0.4408 0.6922
vt 0.5600 0.4427 0.8059
vt 0.4378 0.5519 0.4408
vt 0.4378 0.6922 0.4408
vt 0.3741 0.6767 0.6922
vt 0.3770 0.6764 0.8059
vt 0.6259 0.5519 0.6767
vt 0.6259 0.6922 0.6767
vt 0.4595 0.6922 0.4599
vt 0.4615 0.8059 0.4617
vt 0.4400 0.8059 0.4427
vt 0.4595 0.5519 0.4599
vt 0.3858 0.6892 0.6922
vt 0.3886 0.6888 0.8059
vt 0.6142 0.5519 0.6892
vt 0.6142 0.6922 0.6892
vt 0.3961 0.7000 0.6922
vt 0.3987 0.6994 0.8059
vt 0.6039 0.5519 0.7000
vt 0.6039 0.6922 0.7000
vt 0.4807 0.6922 0.4773
vt 0.4826 0.8059 0.4789
vt 0.4807 0.5519 0.4773
vt 0.4064 0.7105 0.6922
vt 0.4089 0.7098 0.8059
vt 0.5936 0.5519 0.7105
vt 0.5936 0.6922 0.7105
vt 0.4182 0.7220 0.6922
vt 0.4206 0.7213 0.8059
vt 0.5818 0.5519 0.7220
vt 0.5818 0.6922 0.7220
vt 0.4807 0.4773 0.6922
vt 0.5016 0.4930 0.6922
vt 0.5033 0.4945 0.8059
vt 0.4826 0.4789 0.8059
vt 0.5016 0.5519 0.4930
vt 0.5016 0.6922 0.4930
vt 0.4331 0.7360 0.6922
vt 0.4354 0.7352 0.8059
vt 0.5669 0.5519 0.7360
vt 0.5669 0.6922 0.7360
vt 0.4525 0.7538 0.6922
vt 0.4546 0.7528 0.8059
vt 0.5475 0.5519 0.7538
vt 0.5475 0.6922 0.7538
vt 0.5222 0.5075 0.6922
vt 0.5236 0.5088 0.8059
vt 0.5222 0.5519 0.5075
vt 0.5222 0.6922 0.5075
vt 0.4779 0.7770 0.6922
vt 0.4798 0.7757 0.8059
vt 0.5221 0.5519 0.7770
vt 0.5221 0.6922 0.7770
vt 0.5425 0.5207 0.6922
vt 0.5437 0.5219 0.8059
vt 0.5425 0.5519 0.5207
vt 0.5425 0.6922 0.5207
vt 0.5083 0.8048 0.6922
vt 0.5099 0.8033 0.8059
vt 0.4917 0.5519 0.8048
vt 0.4917 0.6922 0.8048
vt 0.5626 0.5329 0.6922
vt 0.5636 0.5340 0.8059
vt 0.5626 0.5519 0.5329
vt 0.5626 0.6922 0.5329
vt 0.5823 0.5439 0.6922
vt 0.5832 0.5449 0.8059
vt 0.5823 0.5519 0.5439
vt 0.5823 0.6922 0.5439
vt 0.5419 0.8353 0.6922
vt 0.5432 0.8335 0.8059
vt 0.4581 0.5519 0.8353
vt 0.4581 0.6922 0.8353
vt 0.6017 0.5536 0.6922
vt 0.6024 0.5545 0.8059
vt 0.6017 0.5519 0.5536
vt 0.6017 0.6922 0.5536
vt 0.5768 0.8664 0.6922
vt 0.5777 0.8643 0.8059
vt 0.4232 0.5519 0.8664
vt 0.4232 0.6922 0.8664
vt 0.6208 0.5620 0.6922
vt 0.6213 0.5628 0.8059
vt 0.6208 0.5519 0.5620
vt 0.6208 0.6922 0.5620
vt 0.6396 0.5692 0.6922
vt 0.6400 0.5699 0.8059
vt 0.6396 0.5519 0.5692
vt 0.6396 0.6922 0.5692
vt 0.6111 0.8961 0.6922
vt 0.6117 0.8937 0.8059
vt 0.3889 0.5519 0.8961
vt 0.3889 0.6922 0.8961
vt 0.6583 0.5753 0.6922
vt 0.6585 0.5759 0.8059
vt 0.6583 0.5519 0.5753
vt 0.6583 0.6922 0.5753
vt 0.6769 0.5804 0.6922
vt 0.6769 0.5811 0.8059
vt 0.6769 0.5519 0.5804
vt 0.6769 0.6922 0.5804
vt 0.6429 0.9224 0.6922
vt 0.6432 0.9197 0.8059
vt 0.3571 0.5519 0.9224
vt 0.3571 0.6922 0.9224
vt 0.6955 0.5848 0.6922
vt 0.6953 0.5853 0.8059
vt 0.6955 0.5519 0.5848
vt 0.6955 0.6922 0.5848
vt 0.6704 0.9432 0.6922
vt 0.6704 0.9403 0.8059
vt 0.3296 0.5519 0.9432
vt 0.3296 0.6922 0.9432
vt 0.7147 0.5880 0.6922
vt 0.7143 0.5886 0.8059
vt 0.7147 0.5519 0.5880
vt 0.7147 0.6922 0.5880
vt 0.6934 0.9587 0.6922
vt 0.6932 0.9557 0.8059
vt 0.3066 0.5519 0.9587
vt 0.3066 0.6922 0.9587
vt 0.7344 0.5901 0.6922
vt 0.7338 0.5906 0.8059
vt 0.7344 0.5519 0.5901
vt 0.7344 0.6922 0.5901
vt 0.7135 0.9707 0.6922
vt 0.7131 0.9676 0.8059
vt 0.2865 0.5519 0.9707
vt 0.2865 0.6922 0.9707
vt 0.7543 0.5911 0.6922
vt 0.7535 0.5916 0.8059
vt 0.7543 0.5519 0.5911
vt 0.7543 0.6922 0.5911
vt 0.7315 0.9798 0.6922
vt 0.7310 0.9766 0.8059
vt 0.2685 0.5519 0.9798
vt 0.2685 0.6922 0.9798
vt 0.7736 0.5912 0.6922
vt 0.7727 0.5917 0.8059
vt 0.7736 0.5519 0.5912
vt 0.7736 0.6922 0.5912
vt 0.7482 0.9865 0.6922
vt 0.7475 0.9832 0.8059
vt 0.2518 0.5519 0.9865
vt 0.2518 0.6922 0.9865
vt 0.7643 0.9914 0.6922
vt 0.7634 0.9880 0.8059
vt 0.2357 0.5519 0.9914
vt 0.2357 0.6922 0.9914
vt 0.7920 0.5906 0.6922
vt 0.7908 0.5911 0.8059
vt 0.7920 0.5519 0.5906
vt 0.7920 0.6922 0.5906
vt 0.7805 0.9949 0.6922
vt 0.7795 0.9915 0.8059
vt 0.2195 0.5519 0.9949
vt 0.2195 0.6922 0.9949
vt 0.7976 0.9976 0.6922
vt 0.7965 0.9942 0.8059
vt 0.2024 0.5519 0.9976
vt 0.2024 0.6922 0.9976
vt 0.8088 0.5895 0.6922
vt 0.8075 0.5900 0.8059
vt 0.8088 0.5519 0.5895
vt 0.8088 0.6922 0.5895
vt 0.8158 0.9993 0.6922
vt 0.8145 0.9959 0.8059
vt 0.1842 0.5519 0.9993
vt 0.1842 0.6922 0.9993
vt 0.8235 0.5879 0.6922
vt 0.8220 0.5885 0.8059
vt 0.8235 0.5519 0.5879
vt 0.8235 0.6922 0.5879
vt 0.8345 0.9995 0.6922
vt 0.8330 0.9961 0.8059
vt 0.1655 0.5519 0.9995
vt 0.1655 0.6922 0.9995
vt 0.8532 0.9981 0.6922
vt 0.8515 0.9947 0.8059
vt 0.1468 0.5519 0.9981
vt 0.1468 0.6922 0.9981
vt 0.8353 0.5859 0.6922
vt 0.8337 0.5865 0.8059
vt 0.8353 0.5519 0.5859
vt 0.8353 0.6922 0.5859
vt 0.8715 0.9953 0.6922
vt 0.8697 0.9919 0.8059
vt 0.1285 0.5519 0.9953
vt 0.1285 0.6922 0.9953
vt 0.8444 0.6922 0.5833
vt 0.8427 0.8059 0.5838
vt 0.8337 0.8059 0.5865
vt 0.8444 0.5519 0.5833
vt 0.8891 0.9911 0.6922
vt 0.8870 0.9878 0.8059
vt 0.1109 0.5519 0.9911
vt 0.1109 0.6922 0.9911
vt 0.9054 0.9855 0.6922
vt 0.9032 0.9823 0.8059
vt 0.0946 0.5519 0.9855
vt 0.0946 0.6922 0.9855
vt 0.8518 0.6922 0.5800
vt 0.8501 0.8059 0.5806
vt 0.8518 0.5519 0.5800
vt 0.9201 0.9787 0.6922
vt 0.9177 0.9755 0.8059
vt 0.0799 0.5519 0.9787
vt 0.0799 0.6922 0.9787
vt 0.9333 0.9707 0.6922
vt 0.9308 0.9676 0.8059
vt 0.0667 0.5519 0.9707
vt 0.0667 0.6922 0.9707
vt 0.1482 0.5800 0.6922
vt 0.1415 0.5761 0.6922
vt 0.1433 0.5768 0.8059
vt 0.1499 0.5806 0.8059
vt 0.8585 0.5519 0.5761
vt 0.8585 0.6922 0.5761
vt 0.9456 0.9617 0.6922
vt 0.9430 0.9586 0.8059
vt 0.0544 0.5519 0.9617
vt 0.0544 0.6922 0.9617
vt 0.9569 0.9513 0.6922
vt 0.9542 0.9484 0.8059
vt 0.0431 0.5519 0.9513
vt 0.0431 0.6922 0.9513
vt 0.9670 0.9395 0.6922
vt 0.9642 0.9366 0.8059
vt 0.0330 0.5519 0.9395
vt 0.0330 0.6922 0.9395
vt 0.9759 0.9260 0.6922
vt 0.9730 0.9232 0.8059
vt 0.0241 0.5519 0.9260
vt 0.0241 0.6922 0.9260
vt 0.9834 0.9106 0.6922
vt 0.9805 0.9080 0.8059
vt 0.0166 0.5519 0.9106
vt 0.0166 0.6922 0.9106
vt 0.9895 0.8931 0.6922
vt 0.9865 0.8908 0.8059
vt 0.0105 0.5519 0.8931
vt 0.0105 0.6922 0.8931
vt 0.9941 0.8727 0.6922
vt 0.9910 0.8705 0.8059
vt 0.8727 0.5519 0.9941
vt 0.8931 0.5519 0.9895
vt 0.8931 0.6922 0.9895
vt 0.8727 0.6922 0.9941
vt 0.9972 0.8490 0.6922
vt 0.9941 0.8470 0.8059
vt 0.8490 0.5519 0.9972
vt 0.8490 0.6922 0.9972
vt 0.9990 0.8231 0.6922
vt 0.9959 0.8214 0.8059
vt 0.8231 0.5519 0.9990
vt 0.8231 0.6922 0.9990
vt 0.9995 0.7962 0.6922
vt 0.9964 0.7947 0.8059
vt 0.7962 0.5519 0.9995
vt 0.7962 0.6922 0.9995
vt 0.9989 0.7692 0.6922
vt 0.9958 0.7680 0.8059
vt 0.7692 0.5519 0.9989
vt 0.7692 0.6922 0.9989
vt 0.9973 0.7433 0.6922
vt 0.9942 0.7423 0.8059
vt 0.7433 0.5519 0.9973
vt 0.7433 0.6922 0.9973
vt 0.9947 0.7194 0.6922
vt 0.9916 0.7187 0.8059
vt 0.7194 0.5519 0.9947
vt 0.7194 0.6922 0.9947
vt 0.9909 0.6965 0.6922
vt 0.9879 0.6960 0.8059
vt 0.6965 0.5519 0.9909
vt 0.6965 0.6922 0.9909
vt 0.9856 0.6732 0.6922
vt 0.9826 0.6729 0.8059
vt 0.6732 0.5519 0.9856
vt 0.6732 0.6922 0.9856
vt 0.9792 0.6503 0.6922
vt 0.9763 0.6502 0.8059
vt 0.6503 0.5519 0.9792
vt 0.6503 0.6922 0.9792
vt 0.1346 0.5717 0.6922
vt 0.1364 0.5724 0.8059
vt 0.8654 0.5519 0.5717
vt 0.8654 0.6922 0.5717
vt 0.9719 0.6286 0.6922
vt 0.9690 0.6287 0.8059
vt 0.9719 0.5519 0.6286
vt 0.9792 0.5519 0.6503
vt 0.9792 0.6922 0.6503
vt 0.9719 0.6922 0.6286
vt 0.1264 0.5670 0.6922
vt 0.1283 0.5677 0.8059
vt 0.8736 0.5519 0.5670
vt 0.8736 0.6922 0.5670
vt 0.1161 0.5618 0.6922
vt 0.1181 0.5626 0.8059
vt 0.8839 0.5519 0.5618
vt 0.8839 0.6922 0.5618
vt 0.9640 0.6089 0.6922
vt 0.9613 0.6092 0.8059
vt 0.9640 0.5519 0.6089
vt 0.9640 0.6922 0.6089
vt 0.8951 0.6922 0.5575
vt 0.8930 0.8059 0.5583
vt 0.8819 0.8059 0.5626
vt 0.8951 0.5519 0.5575
vt 0.9559 0.5920 0.6922
vt 0.9532 0.5925 0.8059
vt 0.9559 0.5519 0.5920
vt 0.9559 0.6922 0.5920
vt 0.8951 0.5575 0.6922
vt 0.9054 0.5552 0.6922
vt 0.9032 0.5560 0.8059
vt 0.8930 0.5583 0.8059
vt 0.9054 0.5519 0.5552
vt 0.9054 0.6922 0.5552
vt 0.9479 0.5787 0.6922
vt 0.9453 0.5793 0.8059
vt 0.9479 0.5519 0.5787
vt 0.9479 0.6922 0.5787
vt 0.9400 0.5688 0.6922
vt 0.9374 0.5695 0.8059
vt 0.9400 0.5519 0.5688
vt 0.9400 0.6922 0.5688
vt 0.9148 0.5550 0.6922
vt 0.9125 0.5558 0.8059
vt 0.9148 0.5519 0.5550
vt 0.9148 0.6922 0.5550
vt 0.9320 0.5617 0.6922
vt 0.9295 0.5625 0.8059
vt 0.9320 0.5519 0.5617
vt 0.9320 0.6922 0.5617
vt 0.9236 0.5571 0.6922
vt 0.9212 0.5579 0.8059
vt 0.9236 0.5519 0.5571
vt 0.9236 0.6922 0.5571
vt 0.1250 0.0129 0.8705
vt 0.0103 0.2756 0.8705
vt 0.1415 0.0392 0.8059
vt 0.1399 0.0420 0.8705
vt 0.1584 0.0716 0.8059
vt 0.1568 0.0744 0.8705
vt 0.1756 0.1038 0.8059
vt 0.1740 0.1066 0.8705
vt 0.1934 0.1355 0.8059
vt 0.1919 0.1384 0.8705
vt 0.2120 0.1668 0.8059
vt 0.2105 0.1698 0.8705
vt 0.2314 0.1974 0.8059
vt 0.2300 0.2005 0.8705
vt 0.2520 0.2273 0.8059
vt 0.2507 0.2305 0.8705
vt 0.2741 0.2570 0.8059
vt 0.2728 0.2602 0.8705
vt 0.2975 0.2869 0.8059
vt 0.2962 0.2903 0.8705
vt 0.3218 0.3166 0.8059
vt 0.3205 0.3200 0.8705
vt 0.3465 0.3454 0.8059
vt 0.3453 0.3488 0.8705
vt 0.3711 0.3729 0.8059
vt 0.3699 0.3764 0.8705
vt 0.3951 0.3986 0.8059
vt 0.3940 0.4021 0.8705
vt 0.4180 0.4219 0.8059
vt 0.4170 0.4254 0.8705
vt 0.4400 0.4427 0.8059
vt 0.4390 0.4463 0.8705
vt 0.4615 0.4617 0.8059
vt 0.4606 0.4653 0.8705
vt 0.4817 0.4826 0.8705
vt 0.5025 0.4982 0.8705
vt 0.5229 0.5125 0.8705
vt 0.5430 0.5257 0.8705
vt 0.5630 0.5378 0.8705
vt 0.5826 0.5488 0.8705
vt 0.6019 0.5584 0.8705
vt 0.6208 0.5667 0.8705
vt 0.6395 0.5738 0.8705
vt 0.6581 0.5799 0.8705
vt 0.6766 0.5851 0.8705
vt 0.6951 0.5893 0.8705
vt 0.7141 0.5926 0.8705
vt 0.7337 0.5946 0.8705
vt 0.7534 0.5956 0.8705
vt 0.7727 0.5957 0.8705
vt 0.7909 0.5951 0.8705
vt 0.8076 0.5940 0.8705
vt 0.8222 0.5925 0.8705
vt 0.8340 0.5905 0.8705
vt 0.8427 0.5838 0.8059
vt 0.8432 0.5878 0.8705
vt 0.8501 0.5806 0.8059
vt 0.8507 0.5845 0.8705
vt 0.8567 0.5768 0.8059
vt 0.8574 0.5806 0.8705
vt 0.8636 0.5724 0.8059
vt 0.8643 0.5763 0.8705
vt 0.8717 0.5677 0.8059
vt 0.8723 0.5716 0.8705
vt 0.8819 0.5626 0.8059
vt 0.8824 0.5665 0.8705
vt 0.8934 0.5623 0.8705
vt 0.9033 0.5600 0.8705
vt 0.9124 0.5599 0.8705
vt 0.9208 0.5619 0.8705
vt 0.9287 0.5662 0.8705
vt 0.9363 0.5730 0.8705
vt 0.9439 0.5825 0.8705
vt 0.9517 0.5953 0.8705
vt 0.9595 0.6117 0.8705
vt 0.9672 0.6310 0.8705
vt 0.9743 0.6522 0.8705
vt 0.9806 0.6746 0.8705
vt 0.9858 0.6973 0.8705
vt 0.9895 0.7197 0.8705
vt 0.9920 0.7429 0.8705
vt 0.9936 0.7683 0.8705
vt 0.9942 0.7947 0.8705
vt 0.9936 0.8211 0.8705
vt 0.9919 0.8463 0.8705
vt 0.9889 0.8692 0.8705
vt 0.9845 0.8889 0.8705
vt 0.9787 0.9056 0.8705
vt 0.9715 0.9203 0.8705
vt 0.9629 0.9334 0.8705
vt 0.9531 0.9449 0.8705
vt 0.9421 0.9550 0.8705
vt 0.9301 0.9638 0.8705
vt 0.9171 0.9716 0.8705
vt 0.9027 0.9783 0.8705
vt 0.8867 0.9838 0.8705
vt 0.8694 0.9879 0.8705
vt 0.8514 0.9907 0.8705
vt 0.8329 0.9921 0.8705
vt 0.8145 0.9919 0.8705
vt 0.7966 0.9902 0.8705
vt 0.7797 0.9875 0.8705
vt 0.7637 0.9840 0.8705
vt 0.7479 0.9793 0.8705
vt 0.7315 0.9727 0.8705
vt 0.7138 0.9637 0.8705
vt 0.6939 0.9519 0.8705
vt 0.6712 0.9366 0.8705
vt 0.6441 0.9160 0.8705
vt 0.6126 0.8900 0.8705
vt 0.5787 0.8606 0.8705
vt 0.5442 0.8298 0.8705
vt 0.5109 0.7997 0.8705
vt 0.4808 0.7721 0.8705
vt 0.4556 0.7492 0.8705
vt 0.4364 0.7316 0.8705
vt 0.4217 0.7177 0.8705
vt 0.4100 0.7063 0.8705
vt 0.3998 0.6959 0.8705
vt 0.3897 0.6853 0.8705
vt 0.3781 0.6729 0.8705
vt 0.3636 0.6576 0.8705
vt 0.2248 0.5077 0.8705
vt 0.1251 0.0215 0.9350
vt 0.0149 0.2741 0.9350
vt 0.1376 0.0458 0.9350
vt 0.1545 0.0783 0.9350
vt 0.1718 0.1106 0.9350
vt 0.1897 0.1425 0.9350
vt 0.2084 0.1740 0.9350
vt 0.2280 0.2048 0.9350
vt 0.2488 0.2349 0.9350
vt 0.2709 0.2648 0.9350
vt 0.2944 0.2949 0.9350
vt 0.3188 0.3247 0.9350
vt 0.3436 0.3536 0.9350
vt 0.3683 0.3812 0.9350
vt 0.3924 0.4070 0.9350
vt 0.4155 0.4304 0.9350
vt 0.4376 0.4514 0.9350
vt 0.4593 0.4704 0.9350
vt 0.4805 0.4878 0.9350
vt 0.5013 0.5035 0.9350
vt 0.5218 0.5178 0.9350
vt 0.5420 0.5310 0.9350
vt 0.5620 0.5432 0.9350
vt 0.5817 0.5542 0.9350
vt 0.6011 0.5639 0.9350
vt 0.6201 0.5722 0.9350
vt 0.6389 0.5794 0.9350
vt 0.6576 0.5855 0.9350
vt 0.6761 0.5907 0.9350
vt 0.6947 0.5950 0.9350
vt 0.7139 0.5982 0.9350
vt 0.7336 0.6003 0.9350
vt 0.7534 0.6013 0.9350
vt 0.7727 0.6014 0.9350
vt 0.7910 0.6008 0.9350
vt 0.8077 0.5997 0.9350
vt 0.8224 0.5981 0.9350
vt 0.8344 0.5961 0.9350
vt 0.8438 0.5933 0.9350
vt 0.8515 0.5899 0.9350
vt 0.8584 0.5859 0.9350
vt 0.8653 0.5816 0.9350
vt 0.8732 0.5770 0.9350
vt 0.8832 0.5720 0.9350
vt 0.8939 0.5679 0.9350
vt 0.9035 0.5657 0.9350
vt 0.9122 0.5655 0.9350
vt 0.9201 0.5674 0.9350
vt 0.9275 0.5715 0.9350
vt 0.9347 0.5779 0.9350
vt 0.9420 0.5869 0.9350
vt 0.9494 0.5993 0.9350
vt 0.9571 0.6152 0.9350
vt 0.9646 0.6341 0.9350
vt 0.9716 0.6550 0.9350
vt 0.9778 0.6770 0.9350
vt 0.9828 0.6992 0.9350
vt 0.9864 0.7210 0.9350
vt 0.9889 0.7438 0.9350
vt 0.9905 0.7688 0.9350
vt 0.9910 0.7948 0.9350
vt 0.9905 0.8206 0.9350
vt 0.9889 0.8453 0.9350
vt 0.9859 0.8675 0.9350
vt 0.9817 0.8863 0.9350
vt 0.9762 0.9022 0.9350
vt 0.9693 0.9163 0.9350
vt 0.9611 0.9288 0.9350
vt 0.9515 0.9400 0.9350
vt 0.9408 0.9498 0.9350
vt 0.9290 0.9585 0.9350
vt 0.9162 0.9662 0.9350
vt 0.9020 0.9728 0.9350
vt 0.8862 0.9782 0.9350
vt 0.8691 0.9823 0.9350
vt 0.8512 0.9851 0.9350
vt 0.8329 0.9864 0.9350
vt 0.8146 0.9863 0.9350
vt 0.7968 0.9846 0.9350
vt 0.7800 0.9819 0.9350
vt 0.7642 0.9784 0.9350
vt 0.7485 0.9737 0.9350
vt 0.7323 0.9672 0.9350
vt 0.7147 0.9583 0.9350
vt 0.6949 0.9466 0.9350
vt 0.6724 0.9313 0.9350
vt 0.6454 0.9108 0.9350
vt 0.6140 0.8849 0.9350
vt 0.5801 0.8556 0.9350
vt 0.5455 0.8248 0.9350
vt 0.5123 0.7946 0.9350
vt 0.4822 0.7670 0.9350
vt 0.4570 0.7441 0.9350
vt 0.4378 0.7265 0.9350
vt 0.4231 0.7127 0.9350
vt 0.4115 0.7013 0.9350
vt 0.4014 0.6910 0.9350
vt 0.3913 0.6804 0.9350
vt 0.3797 0.6681 0.9350
vt 0.3651 0.6528 0.9350
vt 0.2264 0.5029 0.9350
vt 0.0751 0.5836 0.0005
vt 0.0814 0.5801 0.0005
vt 0.0882 0.5785 0.0005
vt 0.0960 0.5786 0.0005
vt 0.1049 0.5806 0.0005
vt 0.1152 0.5846 0.0005
vt 0.1248 0.5894 0.0005
vt 0.1325 0.5939 0.0005
vt 0.1394 0.5982 0.0005
vt 0.1465 0.6023 0.0005
vt 0.1548 0.6060 0.0005
vt 0.1647 0.6089 0.0005
vt 0.1770 0.6110 0.0005
vt 0.1919 0.6126 0.0005
vt 0.2088 0.6137 0.0005
vt 0.2272 0.6143 0.0005
vt 0.2467 0.6142 0.0005
vt 0.2667 0.6132 0.0005
vt 0.2867 0.6111 0.0005
vt 0.3061 0.6078 0.0005
vt 0.3248 0.6034 0.0005
vt 0.3436 0.5982 0.0005
vt 0.3624 0.5921 0.0005
vt 0.3814 0.5848 0.0005
vt 0.4007 0.5764 0.0005
vt 0.4203 0.5666 0.0005
vt 0.4402 0.5555 0.0005
vt 0.4603 0.5432 0.0005
vt 0.4807 0.5299 0.0005
vt 0.5014 0.5155 0.0005
vt 0.5224 0.4996 0.0005
vt 0.5437 0.4822 0.0005
vt 0.5656 0.4629 0.0005
vt 0.5879 0.4417 0.0005
vt 0.6111 0.4182 0.0005
vt 0.6354 0.3923 0.0005
vt 0.6602 0.3646 0.0005
vt 0.6851 0.3355 0.0005
vt 0.7096 0.3055 0.0005
vt 0.7332 0.2753 0.0005
vt 0.7556 0.2452 0.0005
vt 0.7765 0.2148 0.0005
vt 0.7964 0.1836 0.0005
vt 0.8152 0.1519 0.0005
vt 0.8332 0.1197 0.0005
vt 0.8506 0.0872 0.0005
vt 0.8676 0.0547 0.0005
vt 0.8744 0.0413 0.0005
vt 0.9745 0.2706 0.0005
vt 0.7700 0.4918 0.0005
vt 0.6313 0.6416 0.0005
vt 0.6168 0.6569 0.0005
vt 0.6052 0.6692 0.0005
vt 0.5951 0.6798 0.0005
vt 0.5851 0.6900 0.0005
vt 0.5735 0.7013 0.0005
vt 0.5590 0.7150 0.0005
vt 0.5398 0.7326 0.0005
vt 0.5146 0.7555 0.0005
vt 0.4845 0.7831 0.0005
vt 0.4513 0.8132 0.0005
vt 0.4168 0.8439 0.0005
vt 0.3830 0.8732 0.0005
vt 0.3518 0.8990 0.0005
vt 0.3250 0.9193 0.0005
vt 0.3027 0.9344 0.0005
vt 0.2833 0.9460 0.0005
vt 0.2660 0.9547 0.0005
vt 0.2501 0.9610 0.0005
vt 0.2348 0.9656 0.0005
vt 0.2192 0.9690 0.0005
vt 0.2027 0.9717 0.0005
vt 0.1852 0.9733 0.0005
vt 0.1672 0.9735 0.0005
vt 0.1493 0.9722 0.0005
vt 0.1317 0.9695 0.0005
vt 0.1150 0.9654 0.0005
vt 0.0995 0.9602 0.0005
vt 0.0858 0.9538 0.0005
vt 0.0735 0.9464 0.0005
vt 0.0621 0.9380 0.0005
vt 0.0520 0.9287 0.0005
vt 0.0432 0.9184 0.0005
vt 0.0357 0.9070 0.0005
vt 0.0295 0.8944 0.0005
vt 0.0246 0.8804 0.0005
vt 0.0209 0.8636 0.0005
vt 0.0182 0.8430 0.0005
vt 0.0166 0.8196 0.0005
vt 0.0161 0.7948 0.0005
vt 0.0166 0.7698 0.0005
vt 0.0182 0.7458 0.0005
vt 0.0205 0.7241 0.0005
vt 0.0239 0.7036 0.0005
vt 0.0287 0.6824 0.0005
vt 0.0346 0.6613 0.0005
vt 0.0413 0.6413 0.0005
vt 0.0485 0.6233 0.0005
vt 0.0557 0.6083 0.0005
vt 0.0625 0.5970 0.0005
vt 0.0688 0.5891 0.0005
vt 0.9148 0.5550 0.4481
vt 0.9236 0.5571 0.4481
vt 0.9320 0.5617 0.4481
vt 0.9400 0.5688 0.4481
vt 0.9479 0.5787 0.4481
vt 0.9559 0.5920 0.4481
vt 0.9640 0.6089 0.4481
vt 0.9719 0.6286 0.4481
vt 0.9792 0.6503 0.4481
vt 0.9856 0.6732 0.4481
vt 0.9909 0.6965 0.4481
vt 0.9947 0.7194 0.4481
vt 0.9973 0.7433 0.4481
vt 0.9989 0.7692 0.4481
vt 0.9995 0.7962 0.4481
vt 0.9990 0.8231 0.4481
vt 0.9972 0.8490 0.4481
vt 0.9941 0.8727 0.4481
vt 0.9895 0.8931 0.4481
vt 0.9834 0.9106 0.4481
vt 0.9759 0.9260 0.4481
vt 0.9670 0.9395 0.4481
vt 0.9569 0.9513 0.4481
vt 0.9456 0.9617 0.4481
vt 0.9333 0.9707 0.4481
vt 0.9201 0.9787 0.4481
vt 0.9054 0.9855 0.4481
vt 0.8891 0.9911 0.4481
vt 0.8715 0.9953 0.4481
vt 0.8532 0.9981 0.4481
vt 0.8345 0.9995 0.4481
vt 0.8158 0.9993 0.4481
vt 0.7976 0.9976 0.4481
vt 0.7805 0.9949 0.4481
vt 0.7643 0.9914 0.4481
vt 0.7482 0.9865 0.4481
vt 0.7315 0.9798 0.4481
vt 0.7135 0.9707 0.4481
vt 0.6934 0.9587 0.4481
vt 0.6704 0.9432 0.4481
vt 0.6429 0.9224 0.4481
vt 0.6111 0.8961 0.4481
vt 0.5768 0.8664 0.4481
vt 0.5419 0.8353 0.4481
vt 0.5083 0.8048 0.4481
vt 0.4779 0.7770 0.4481
vt 0.4525 0.7538 0.4481
vt 0.4331 0.7360 0.4481
vt 0.4182 0.7220 0.4481
vt 0.4064 0.7105 0.4481
vt 0.3961 0.7000 0.4481
vt 0.3858 0.6892 0.4481
vt 0.3741 0.6767 0.4481
vt 0.3594 0.6613 0.4481
vt 0.2193 0.5099 0.4481
vt 0.0005 0.2732 0.4481
vt 0.1195 0.0005 0.4481
vt 0.1364 0.0333 0.4481
vt 0.1534 0.0661 0.4481
vt 0.1708 0.0985 0.4481
vt 0.1888 0.1306 0.4481
vt 0.2075 0.1622 0.4481
vt 0.2271 0.1931 0.4481
vt 0.2479 0.2232 0.4481
vt 0.2702 0.2532 0.4481
vt 0.2938 0.2835 0.4481
vt 0.3184 0.3134 0.4481
vt 0.3433 0.3425 0.4481
vt 0.3681 0.3703 0.4481
vt 0.3924 0.3962 0.4481
vt 0.4156 0.4197 0.4481
vt 0.4378 0.4408 0.4481
vt 0.4595 0.4599 0.4481
vt 0.4807 0.4773 0.4481
vt 0.5016 0.4930 0.4481
vt 0.5222 0.5075 0.4481
vt 0.5425 0.5207 0.4481
vt 0.5626 0.5329 0.4481
vt 0.5823 0.5439 0.4481
vt 0.6017 0.5536 0.4481
vt 0.6208 0.5620 0.4481
vt 0.6396 0.5692 0.4481
vt 0.6583 0.5753 0.4481
vt 0.6769 0.5804 0.4481
vt 0.6955 0.5848 0.4481
vt 0.7147 0.5880 0.4481
vt 0.7344 0.5901 0.4481
vt 0.7543 0.5911 0.4481
vt 0.7736 0.5912 0.4481
vt 0.7920 0.5906 0.4481
vt 0.8088 0.5895 0.4481
vt 0.8235 0.5879 0.4481
vt 0.8353 0.5859 0.4481
vt 0.8444 0.5833 0.4481
vt 0.8518 0.5800 0.4481
vt 0.8585 0.5761 0.4481
vt 0.8654 0.5717 0.4481
vt 0.8736 0.5670 0.4481
vt 0.8839 0.5618 0.4481
vt 0.8951 0.5575 0.4481
vt 0.9054 0.5552 0.4481
vt 0.9995 0.2732 0.3078
vt 0.9930 0.2767 0.1941
vt 0.8752 0.0067 0.1941
vt 0.8805 0.0005 0.3078
vt 0.0005 0.4481 0.2732
vt 0.0005 0.3078 0.2732
vt 0.1195 0.3078 0.0005
vt 0.1195 0.4481 0.0005
vt 0.1195 0.0005 0.3078
vt 0.1248 0.0067 0.1941
vt 0.1415 0.0392 0.1941
vt 0.1364 0.0333 0.3078
vt 0.1364 0.3078 0.0333
vt 0.1364 0.4481 0.0333
vt 0.7807 0.5099 0.3078
vt 0.7764 0.5112 0.1941
vt 0.7807 0.4481 0.5099
vt 0.7807 0.3078 0.5099
vt 0.9995 0.3078 0.2732
vt 0.9995 0.4481 0.2732
vt 0.1584 0.0716 0.1941
vt 0.1534 0.0661 0.3078
vt 0.1534 0.3078 0.0661
vt 0.1534 0.4481 0.0661
vt 0.1756 0.1038 0.1941
vt 0.1708 0.0985 0.3078
vt 0.1708 0.3078 0.0985
vt 0.1708 0.4481 0.0985
vt 0.1934 0.1355 0.1941
vt 0.1888 0.1306 0.3078
vt 0.1888 0.3078 0.1306
vt 0.1888 0.4481 0.1306
vt 0.2120 0.1668 0.1941
vt 0.2075 0.1622 0.3078
vt 0.2075 0.3078 0.1622
vt 0.2075 0.4481 0.1622
vt 0.2314 0.1974 0.1941
vt 0.2271 0.1931 0.3078
vt 0.2271 0.3078 0.1931
vt 0.2271 0.4481 0.1931
vt 0.2520 0.2273 0.1941
vt 0.2479 0.2232 0.3078
vt 0.2479 0.3078 0.2232
vt 0.2479 0.4481 0.2232
vt 0.2741 0.2570 0.1941
vt 0.2702 0.2532 0.3078
vt 0.2702 0.3078 0.2532
vt 0.2702 0.4481 0.2532
vt 0.2975 0.2869 0.1941
vt 0.2938 0.2835 0.3078
vt 0.2938 0.3078 0.2835
vt 0.2938 0.4481 0.2835
vt 0.3218 0.3166 0.1941
vt 0.3184 0.3134 0.3078
vt 0.3184 0.3078 0.3134
vt 0.3184 0.4481 0.3134
vt 0.6406 0.6613 0.3078
vt 0.6376 0.6611 0.1941
vt 0.6406 0.4481 0.6613
vt 0.6406 0.3078 0.6613
vt 0.3465 0.3454 0.1941
vt 0.3433 0.3425 0.3078
vt 0.3433 0.3078 0.3425
vt 0.3433 0.4481 0.3425
vt 0.3711 0.3729 0.1941
vt 0.3681 0.3703 0.3078
vt 0.3681 0.3078 0.3703
vt 0.3681 0.4481 0.3703
vt 0.3951 0.3986 0.1941
vt 0.3924 0.3962 0.3078
vt 0.3924 0.3078 0.3962
vt 0.3924 0.4481 0.3962
vt 0.4180 0.4219 0.1941
vt 0.4156 0.4197 0.3078
vt 0.4156 0.3078 0.4197
vt 0.4156 0.4481 0.4197
vt 0.4400 0.4427 0.1941
vt 0.4378 0.4408 0.3078
vt 0.4378 0.3078 0.4408
vt 0.4378 0.4481 0.4408
vt 0.6259 0.6767 0.3078
vt 0.6230 0.6764 0.1941
vt 0.6259 0.4481 0.6767
vt 0.6259 0.3078 0.6767
vt 0.4400 0.1941 0.4427
vt 0.4615 0.1941 0.4617
vt 0.4595 0.3078 0.4599
vt 0.4595 0.4481 0.4599
vt 0.6142 0.6892 0.3078
vt 0.6114 0.6888 0.1941
vt 0.6142 0.4481 0.6892
vt 0.6142 0.3078 0.6892
vt 0.6039 0.7000 0.3078
vt 0.6013 0.6994 0.1941
vt 0.6039 0.4481 0.7000
vt 0.6039 0.3078 0.7000
vt 0.4826 0.1941 0.4789
vt 0.4807 0.3078 0.4773
vt 0.4807 0.4481 0.4773
vt 0.5936 0.7105 0.3078
vt 0.5911 0.7098 0.1941
vt 0.5936 0.4481 0.7105
vt 0.5936 0.3078 0.7105
vt 0.5818 0.7220 0.3078
vt 0.5794 0.7213 0.1941
vt 0.5818 0.4481 0.7220
vt 0.5818 0.3078 0.7220
vt 0.5193 0.4773 0.3078
vt 0.5174 0.4789 0.1941
vt 0.4967 0.4945 0.1941
vt 0.4984 0.4930 0.3078
vt 0.5016 0.3078 0.4930
vt 0.5016 0.4481 0.4930
vt 0.5669 0.7360 0.3078
vt 0.5646 0.7352 0.1941
vt 0.5669 0.4481 0.7360
vt 0.5669 0.3078 0.7360
vt 0.5475 0.7538 0.3078
vt 0.5454 0.7528 0.1941
vt 0.5475 0.4481 0.7538
vt 0.5475 0.3078 0.7538
vt 0.4764 0.5088 0.1941
vt 0.4778 0.5075 0.3078
vt 0.5222 0.3078 0.5075
vt 0.5222 0.4481 0.5075
vt 0.5221 0.7770 0.3078
vt 0.5202 0.7757 0.1941
vt 0.5221 0.4481 0.7770
vt 0.5221 0.3078 0.7770
vt 0.4563 0.5219 0.1941
vt 0.4575 0.5207 0.3078
vt 0.5425 0.3078 0.5207
vt 0.5425 0.4481 0.5207
vt 0.4917 0.8048 0.3078
vt 0.4901 0.8033 0.1941
vt 0.4917 0.4481 0.8048
vt 0.4917 0.3078 0.8048
vt 0.4364 0.5340 0.1941
vt 0.4374 0.5329 0.3078
vt 0.5626 0.3078 0.5329
vt 0.5626 0.4481 0.5329
vt 0.4168 0.5449 0.1941
vt 0.4177 0.5439 0.3078
vt 0.5823 0.3078 0.5439
vt 0.5823 0.4481 0.5439
vt 0.4581 0.8353 0.3078
vt 0.4568 0.8335 0.1941
vt 0.4581 0.4481 0.8353
vt 0.4581 0.3078 0.8353
vt 0.3976 0.5545 0.1941
vt 0.3983 0.5536 0.3078
vt 0.6017 0.3078 0.5536
vt 0.6017 0.4481 0.5536
vt 0.4232 0.8664 0.3078
vt 0.4223 0.8643 0.1941
vt 0.4232 0.4481 0.8664
vt 0.4232 0.3078 0.8664
vt 0.3787 0.5628 0.1941
vt 0.3792 0.5620 0.3078
vt 0.6208 0.3078 0.5620
vt 0.6208 0.4481 0.5620
vt 0.3600 0.5699 0.1941
vt 0.3604 0.5692 0.3078
vt 0.6396 0.3078 0.5692
vt 0.6396 0.4481 0.5692
vt 0.3889 0.8961 0.3078
vt 0.3883 0.8937 0.1941
vt 0.3889 0.4481 0.8961
vt 0.3889 0.3078 0.8961
vt 0.3415 0.5759 0.1941
vt 0.3417 0.5753 0.3078
vt 0.6583 0.3078 0.5753
vt 0.6583 0.4481 0.5753
vt 0.3231 0.5811 0.1941
vt 0.3231 0.5804 0.3078
vt 0.6769 0.3078 0.5804
vt 0.6769 0.4481 0.5804
vt 0.3571 0.9224 0.3078
vt 0.3568 0.9197 0.1941
vt 0.3571 0.4481 0.9224
vt 0.3571 0.3078 0.9224
vt 0.3047 0.5853 0.1941
vt 0.3045 0.5848 0.3078
vt 0.6955 0.3078 0.5848
vt 0.6955 0.4481 0.5848
vt 0.3296 0.9432 0.3078
vt 0.3296 0.9403 0.1941
vt 0.3296 0.4481 0.9432
vt 0.3296 0.3078 0.9432
vt 0.2857 0.5886 0.1941
vt 0.2853 0.5880 0.3078
vt 0.7147 0.3078 0.5880
vt 0.7147 0.4481 0.5880
vt 0.3066 0.9587 0.3078
vt 0.3068 0.9557 0.1941
vt 0.3066 0.4481 0.9587
vt 0.3066 0.3078 0.9587
vt 0.2662 0.5906 0.1941
vt 0.2656 0.5901 0.3078
vt 0.7344 0.3078 0.5901
vt 0.7344 0.4481 0.5901
vt 0.2865 0.9707 0.3078
vt 0.2869 0.9676 0.1941
vt 0.2865 0.4481 0.9707
vt 0.2865 0.3078 0.9707
vt 0.2465 0.5916 0.1941
vt 0.2457 0.5911 0.3078
vt 0.7543 0.3078 0.5911
vt 0.7543 0.4481 0.5911
vt 0.2685 0.9798 0.3078
vt 0.2690 0.9766 0.1941
vt 0.2685 0.4481 0.9798
vt 0.2685 0.3078 0.9798
vt 0.2273 0.5917 0.1941
vt 0.2264 0.5912 0.3078
vt 0.7736 0.3078 0.5912
vt 0.7736 0.4481 0.5912
vt 0.2518 0.9865 0.3078
vt 0.2525 0.9832 0.1941
vt 0.2518 0.4481 0.9865
vt 0.2518 0.3078 0.9865
vt 0.2357 0.9914 0.3078
vt 0.2366 0.9880 0.1941
vt 0.2357 0.4481 0.9914
vt 0.2357 0.3078 0.9914
vt 0.2092 0.5911 0.1941
vt 0.2080 0.5906 0.3078
vt 0.7920 0.3078 0.5906
vt 0.7920 0.4481 0.5906
vt 0.2195 0.9949 0.3078
vt 0.2205 0.9915 0.1941
vt 0.2195 0.4481 0.9949
vt 0.2195 0.3078 0.9949
vt 0.2024 0.9976 0.3078
vt 0.2035 0.9942 0.1941
vt 0.2024 0.4481 0.9976
vt 0.2024 0.3078 0.9976
vt 0.1925 0.5900 0.1941
vt 0.1912 0.5895 0.3078
vt 0.8088 0.3078 0.5895
vt 0.8088 0.4481 0.5895
vt 0.1842 0.9993 0.3078
vt 0.1855 0.9959 0.1941
vt 0.1842 0.4481 0.9993
vt 0.1842 0.3078 0.9993
vt 0.1780 0.5885 0.1941
vt 0.1765 0.5879 0.3078
vt 0.8235 0.3078 0.5879
vt 0.8235 0.4481 0.5879
vt 0.1655 0.9995 0.3078
vt 0.1670 0.9961 0.1941
vt 0.1655 0.4481 0.9995
vt 0.1655 0.3078 0.9995
vt 0.1468 0.9981 0.3078
vt 0.1485 0.9947 0.1941
vt 0.1468 0.4481 0.9981
vt 0.1468 0.3078 0.9981
vt 0.1663 0.5865 0.1941
vt 0.1647 0.5859 0.3078
vt 0.8353 0.3078 0.5859
vt 0.8353 0.4481 0.5859
vt 0.1285 0.9953 0.3078
vt 0.1303 0.9919 0.1941
vt 0.1285 0.4481 0.9953
vt 0.1285 0.3078 0.9953
vt 0.8337 0.1941 0.5865
vt 0.8427 0.1941 0.5838
vt 0.8444 0.3078 0.5833
vt 0.8444 0.4481 0.5833
vt 0.1109 0.9911 0.3078
vt 0.1130 0.9878 0.1941
vt 0.1109 0.4481 0.9911
vt 0.1109 0.3078 0.9911
vt 0.0946 0.9855 0.3078
vt 0.0968 0.9823 0.1941
vt 0.0946 0.4481 0.9855
vt 0.0946 0.3078 0.9855
vt 0.8501 0.1941 0.5806
vt 0.8518 0.3078 0.5800
vt 0.8518 0.4481 0.5800
vt 0.0799 0.9787 0.3078
vt 0.0823 0.9755 0.1941
vt 0.0799 0.4481 0.9787
vt 0.0799 0.3078 0.9787
vt 0.0667 0.9707 0.3078
vt 0.0692 0.9676 0.1941
vt 0.0667 0.4481 0.9707
vt 0.0667 0.3078 0.9707
vt 0.8518 0.5800 0.3078
vt 0.8501 0.5806 0.1941
vt 0.8567 0.5768 0.1941
vt 0.8585 0.5761 0.3078
vt 0.8585 0.3078 0.5761
vt 0.8585 0.4481 0.5761
vt 0.0544 0.9617 0.3078
vt 0.0570 0.9586 0.1941
vt 0.0544 0.4481 0.9617
vt 0.0544 0.3078 0.9617
vt 0.0431 0.9513 0.3078
vt 0.0458 0.9484 0.1941
vt 0.0431 0.4481 0.9513
vt 0.0431 0.3078 0.9513
vt 0.0330 0.9395 0.3078
vt 0.0358 0.9366 0.1941
vt 0.0330 0.4481 0.9395
vt 0.0330 0.3078 0.9395
vt 0.0241 0.9260 0.3078
vt 0.0270 0.9232 0.1941
vt 0.0241 0.4481 0.9260
vt 0.0241 0.3078 0.9260
vt 0.0166 0.9106 0.3078
vt 0.0195 0.9080 0.1941
vt 0.0166 0.4481 0.9106
vt 0.0166 0.3078 0.9106
vt 0.0105 0.8931 0.3078
vt 0.0135 0.8908 0.1941
vt 0.0105 0.4481 0.8931
vt 0.0105 0.3078 0.8931
vt 0.0059 0.8727 0.3078
vt 0.0090 0.8705 0.1941
vt 0.8727 0.4481 0.9941
vt 0.8727 0.3078 0.9941
vt 0.8931 0.3078 0.9895
vt 0.8931 0.4481 0.9895
vt 0.0028 0.8490 0.3078
vt 0.0059 0.8470 0.1941
vt 0.8490 0.4481 0.9972
vt 0.8490 0.3078 0.9972
vt 0.0010 0.8231 0.3078
vt 0.0041 0.8214 0.1941
vt 0.8231 0.4481 0.9990
vt 0.8231 0.3078 0.9990
vt 0.0005 0.7962 0.3078
vt 0.0036 0.7947 0.1941
vt 0.7962 0.4481 0.9995
vt 0.7962 0.3078 0.9995
vt 0.0011 0.7692 0.3078
vt 0.0042 0.7680 0.1941
vt 0.7692 0.4481 0.9989
vt 0.7692 0.3078 0.9989
vt 0.0027 0.7433 0.3078
vt 0.0058 0.7423 0.1941
vt 0.7433 0.4481 0.9973
vt 0.7433 0.3078 0.9973
vt 0.0053 0.7194 0.3078
vt 0.0084 0.7187 0.1941
vt 0.7194 0.4481 0.9947
vt 0.7194 0.3078 0.9947
vt 0.0091 0.6965 0.3078
vt 0.0121 0.6960 0.1941
vt 0.6965 0.4481 0.9909
vt 0.6965 0.3078 0.9909
vt 0.0144 0.6732 0.3078
vt 0.0174 0.6729 0.1941
vt 0.6732 0.4481 0.9856
vt 0.6732 0.3078 0.9856
vt 0.0208 0.6503 0.3078
vt 0.0237 0.6502 0.1941
vt 0.6503 0.4481 0.9792
vt 0.6503 0.3078 0.9792
vt 0.8636 0.5724 0.1941
vt 0.8654 0.5717 0.3078
vt 0.8654 0.3078 0.5717
vt 0.8654 0.4481 0.5717
vt 0.0281 0.6286 0.3078
vt 0.0310 0.6287 0.1941
vt 0.9719 0.4481 0.6286
vt 0.9719 0.3078 0.6286
vt 0.9792 0.3078 0.6503
vt 0.9792 0.4481 0.6503
vt 0.8717 0.5677 0.1941
vt 0.8736 0.5670 0.3078
vt 0.8736 0.3078 0.5670
vt 0.8736 0.4481 0.5670
vt 0.8819 0.5626 0.1941
vt 0.8839 0.5618 0.3078
vt 0.8839 0.3078 0.5618
vt 0.8839 0.4481 0.5618
vt 0.0360 0.6089 0.3078
vt 0.0387 0.6092 0.1941
vt 0.9640 0.4481 0.6089
vt 0.9640 0.3078 0.6089
vt 0.8819 0.1941 0.5626
vt 0.8930 0.1941 0.5583
vt 0.8951 0.3078 0.5575
vt 0.8951 0.4481 0.5575
vt 0.0441 0.5920 0.3078
vt 0.0468 0.5925 0.1941
vt 0.9559 0.4481 0.5920
vt 0.9559 0.3078 0.5920
vt 0.1049 0.5575 0.3078
vt 0.1070 0.5583 0.1941
vt 0.0968 0.5560 0.1941
vt 0.0946 0.5552 0.3078
vt 0.9054 0.3078 0.5552
vt 0.9054 0.4481 0.5552
vt 0.0521 0.5787 0.3078
vt 0.0547 0.5793 0.1941
vt 0.9479 0.4481 0.5787
vt 0.9479 0.3078 0.5787
vt 0.0600 0.5688 0.3078
vt 0.0626 0.5695 0.1941
vt 0.9400 0.4481 0.5688
vt 0.9400 0.3078 0.5688
vt 0.0875 0.5558 0.1941
vt 0.0852 0.5550 0.3078
vt 0.9148 0.3078 0.5550
vt 0.9148 0.4481 0.5550
vt 0.0680 0.5617 0.3078
vt 0.0705 0.5625 0.1941
vt 0.9320 0.4481 0.5617
vt 0.9320 0.3078 0.5617
vt 0.0788 0.5579 0.1941
vt 0.0764 0.5571 0.3078
vt 0.9236 0.3078 0.5571
vt 0.9236 0.4481 0.5571
vt 0.9897 0.2756 0.1295
vt 0.8750 0.0129 0.1295
vt 0.8601 0.0420 0.1295
vt 0.8585 0.0392 0.1941
vt 0.8432 0.0744 0.1295
vt 0.8416 0.0716 0.1941
vt 0.8260 0.1066 0.1295
vt 0.8244 0.1038 0.1941
vt 0.8081 0.1384 0.1295
vt 0.8066 0.1355 0.1941
vt 0.7895 0.1698 0.1295
vt 0.7880 0.1668 0.1941
vt 0.7700 0.2005 0.1295
vt 0.7686 0.1974 0.1941
vt 0.7493 0.2305 0.1295
vt 0.7480 0.2273 0.1941
vt 0.7272 0.2602 0.1295
vt 0.7259 0.2570 0.1941
vt 0.7038 0.2903 0.1295
vt 0.7025 0.2869 0.1941
vt 0.6795 0.3200 0.1295
vt 0.6782 0.3166 0.1941
vt 0.6547 0.3488 0.1295
vt 0.6535 0.3454 0.1941
vt 0.6301 0.3764 0.1295
vt 0.6289 0.3729 0.1941
vt 0.6060 0.4021 0.1295
vt 0.6049 0.3986 0.1941
vt 0.5830 0.4254 0.1295
vt 0.5820 0.4219 0.1941
vt 0.5610 0.4463 0.1295
vt 0.5600 0.4427 0.1941
vt 0.5394 0.4653 0.1295
vt 0.5385 0.4617 0.1941
vt 0.5183 0.4826 0.1295
vt 0.4975 0.4982 0.1295
vt 0.4771 0.5125 0.1295
vt 0.4570 0.5257 0.1295
vt 0.4370 0.5378 0.1295
vt 0.4174 0.5488 0.1295
vt 0.3981 0.5584 0.1295
vt 0.3792 0.5667 0.1295
vt 0.3605 0.5738 0.1295
vt 0.3419 0.5799 0.1295
vt 0.3234 0.5851 0.1295
vt 0.3049 0.5893 0.1295
vt 0.2859 0.5926 0.1295
vt 0.2663 0.5946 0.1295
vt 0.2466 0.5956 0.1295
vt 0.2273 0.5957 0.1295
vt 0.2091 0.5951 0.1295
vt 0.1924 0.5940 0.1295
vt 0.1778 0.5925 0.1295
vt 0.1660 0.5905 0.1295
vt 0.1568 0.5878 0.1295
vt 0.1573 0.5838 0.1941
vt 0.1493 0.5845 0.1295
vt 0.1499 0.5806 0.1941
vt 0.1426 0.5806 0.1295
vt 0.1433 0.5768 0.1941
vt 0.1357 0.5763 0.1295
vt 0.1364 0.5724 0.1941
vt 0.1277 0.5716 0.1295
vt 0.1283 0.5677 0.1941
vt 0.1176 0.5665 0.1295
vt 0.1181 0.5626 0.1941
vt 0.1066 0.5623 0.1295
vt 0.0967 0.5600 0.1295
vt 0.0876 0.5599 0.1295
vt 0.0792 0.5619 0.1295
vt 0.0713 0.5662 0.1295
vt 0.0637 0.5730 0.1295
vt 0.0561 0.5825 0.1295
vt 0.0483 0.5953 0.1295
vt 0.0405 0.6117 0.1295
vt 0.0328 0.6310 0.1295
vt 0.0257 0.6522 0.1295
vt 0.0194 0.6746 0.1295
vt 0.0142 0.6973 0.1295
vt 0.0105 0.7197 0.1295
vt 0.0080 0.7429 0.1295
vt 0.0064 0.7683 0.1295
vt 0.0058 0.7947 0.1295
vt 0.0064 0.8211 0.1295
vt 0.0081 0.8463 0.1295
vt 0.0111 0.8692 0.1295
vt 0.0155 0.8889 0.1295
vt 0.0213 0.9056 0.1295
vt 0.0285 0.9203 0.1295
vt 0.0371 0.9334 0.1295
vt 0.0469 0.9449 0.1295
vt 0.0579 0.9550 0.1295
vt 0.0699 0.9638 0.1295
vt 0.0829 0.9716 0.1295
vt 0.0973 0.9783 0.1295
vt 0.1133 0.9838 0.1295
vt 0.1306 0.9879 0.1295
vt 0.1486 0.9907 0.1295
vt 0.1671 0.9921 0.1295
vt 0.1855 0.9919 0.1295
vt 0.2034 0.9902 0.1295
vt 0.2203 0.9875 0.1295
vt 0.2363 0.9840 0.1295
vt 0.2521 0.9793 0.1295
vt 0.2685 0.9727 0.1295
vt 0.2862 0.9637 0.1295
vt 0.3061 0.9519 0.1295
vt 0.3288 0.9366 0.1295
vt 0.3559 0.9160 0.1295
vt 0.3874 0.8900 0.1295
vt 0.4213 0.8606 0.1295
vt 0.4558 0.8298 0.1295
vt 0.4891 0.7997 0.1295
vt 0.5192 0.7721 0.1295
vt 0.5444 0.7492 0.1295
vt 0.5636 0.7316 0.1295
vt 0.5783 0.7177 0.1295
vt 0.5900 0.7063 0.1295
vt 0.6002 0.6959 0.1295
vt 0.6103 0.6853 0.1295
vt 0.6219 0.6729 0.1295
vt 0.6364 0.6576 0.1295
vt 0.7752 0.5077 0.1295
vt 0.9851 0.2741 0.0650
vt 0.8749 0.0215 0.0650
vt 0.8624 0.0458 0.0650
vt 0.8455 0.0783 0.0650
vt 0.8282 0.1106 0.0650
vt 0.8103 0.1425 0.0650
vt 0.7916 0.1740 0.0650
vt 0.7720 0.2048 0.0650
vt 0.7512 0.2349 0.0650
vt 0.7291 0.2648 0.0650
vt 0.7056 0.2949 0.0650
vt 0.6812 0.3247 0.0650
vt 0.6564 0.3536 0.0650
vt 0.6317 0.3812 0.0650
vt 0.6076 0.4070 0.0650
vt 0.5845 0.4304 0.0650
vt 0.5624 0.4514 0.0650
vt 0.5407 0.4704 0.0650
vt 0.5195 0.4878 0.0650
vt 0.4987 0.5035 0.0650
vt 0.4782 0.5178 0.0650
vt 0.4580 0.5310 0.0650
vt 0.4380 0.5432 0.0650
vt 0.4183 0.5542 0.0650
vt 0.3989 0.5639 0.0650
vt 0.3799 0.5722 0.0650
vt 0.3611 0.5794 0.0650
vt 0.3424 0.5855 0.0650
vt 0.3239 0.5907 0.0650
vt 0.3053 0.5950 0.0650
vt 0.2861 0.5982 0.0650
vt 0.2664 0.6003 0.0650
vt 0.2466 0.6013 0.0650
vt 0.2273 0.6014 0.0650
vt 0.2090 0.6008 0.0650
vt 0.1923 0.5997 0.0650
vt 0.1776 0.5981 0.0650
vt 0.1656 0.5961 0.0650
vt 0.1562 0.5933 0.0650
vt 0.1485 0.5899 0.0650
vt 0.1416 0.5859 0.0650
vt 0.1347 0.5816 0.0650
vt 0.1268 0.5770 0.0650
vt 0.1168 0.5720 0.0650
vt 0.1061 0.5679 0.0650
vt 0.0965 0.5657 0.0650
vt 0.0878 0.5655 0.0650
vt 0.0799 0.5674 0.0650
vt 0.0725 0.5715 0.0650
vt 0.0653 0.5779 0.0650
vt 0.0580 0.5869 0.0650
vt 0.0506 0.5993 0.0650
vt 0.0429 0.6152 0.0650
vt 0.0354 0.6341 0.0650
vt 0.0284 0.6550 0.0650
vt 0.0222 0.6770 0.0650
vt 0.0172 0.6992 0.0650
vt 0.0136 0.7210 0.0650
vt 0.0111 0.7438 0.0650
vt 0.0095 0.7688 0.0650
vt 0.0090 0.7948 0.0650
vt 0.0095 0.8206 0.0650
vt 0.0111 0.8453 0.0650
vt 0.0141 0.8675 0.0650
vt 0.0183 0.8863 0.0650
vt 0.0238 0.9022 0.0650
vt 0.0307 0.9163 0.0650
vt 0.0389 0.9288 0.0650
vt 0.0485 0.9400 0.0650
vt 0.0592 0.9498 0.0650
vt 0.0710 0.9585 0.0650
vt 0.0838 0.9662 0.0650
vt 0.0980 0.9728 0.0650
vt 0.1138 0.9782 0.0650
vt 0.1309 0.9823 0.0650
vt 0.1488 0.9851 0.0650
vt 0.1671 0.9864 0.0650
vt 0.1854 0.9863 0.0650
vt 0.2032 0.9846 0.0650
vt 0.2200 0.9819 0.0650
vt 0.2358 0.9784 0.0650
vt 0.2515 0.9737 0.0650
vt 0.2677 0.9672 0.0650
vt 0.2853 0.9583 0.0650
vt 0.3051 0.9466 0.0650
vt 0.3276 0.9313 0.0650
vt 0.3546 0.9108 0.0650
vt 0.3860 0.8849 0.0650
vt 0.4199 0.8556 0.0650
vt 0.4545 0.8248 0.0650
vt 0.4877 0.7946 0.0650
vt 0.5178 0.7670 0.0650
vt 0.5430 0.7441 0.0650
vt 0.5622 0.7265 0.0650
vt 0.5769 0.7127 0.0650
vt 0.5885 0.7013 0.0650
vt 0.5986 0.6910 0.0650
vt 0.6087 0.6804 0.0650
vt 0.6203 0.6681 0.0650
vt 0.6349 0.6528 0.0650
vt 0.7736 0.5029 0.0650
# 1684 texture coords

g Line02
usemtl 03___Default
s 9
f 1/1/1 2/2/2 3/3/3 4/4/4 5/5/5 6/6/6 7/7/7 8/8/8 9/9/9 10/10/10 11/11/11 12/12/12 13/13/13 14/14/14 15/15/15 16/16/16 17/17/17 18/18/18 19/19/19 20/20/20 21/21/21 22/22/22 23/23/23 24/24/24 25/25/25 26/26/26 27/27/27 28/28/28 29/29/29 30/30/30 31/31/31 32/32/32 33/33/33 34/34/34 35/35/35 36/36/36 37/37/37 38/38/38 39/39/39 40/40/40 41/41/41 42/42/42 43/43/43 44/44/44 45/45/45 46/46/46 47/47/46 48/48/47 49/49/48 50/50/49 51/51/50 52/52/51 53/53/52 54/54/53 55/55/54 56/56/55 57/57/56 58/58/57 59/59/58 60/60/59 61/61/60 62/62/61 63/63/62 64/64/63 65/65/64 66/66/65 67/67/66 68/68/67 69/69/68 70/70/69 71/71/70 72/72/71 73/73/72 74/74/73 75/75/74 76/76/75 77/77/76 78/78/77 79/79/78 80/80/79 81/81/80 82/82/81 83/83/82 84/84/83 85/85/84 86/86/85 87/87/86 88/88/87 89/89/88 90/90/89 91/91/90 92/92/91 93/93/92 94/94/93 95/95/94 96/96/95 97/97/96 98/98/97 99/99/98 100/100/99 101/101/100 
f 102/102/101 103/103/102 104/104/103 105/105/104 106/106/105 107/107/106 108/108/107 109/109/108 110/110/109 111/111/110 112/112/111 113/113/112 114/114/113 115/115/114 116/116/115 117/117/116 118/118/117 119/119/118 120/120/119 121/121/120 122/122/121 123/123/122 124/124/123 125/125/124 126/126/125 127/127/126 128/128/127 129/129/128 130/130/129 131/131/130 132/132/131 133/133/132 134/134/133 135/135/134 136/136/135 137/137/136 138/138/137 139/139/138 140/140/139 141/141/140 142/142/141 143/143/142 144/144/143 145/145/144 146/146/145 147/147/146 148/148/147 149/149/148 150/150/149 151/151/150 152/152/151 153/153/152 154/154/153 155/155/154 156/156/155 157/157/156 158/158/157 159/159/158 160/160/159 161/161/160 162/162/161 163/163/162 164/164/163 165/165/164 166/166/165 167/167/166 168/168/167 169/169/168 170/170/169 171/171/170 172/172/171 173/173/172 174/174/173 175/175/174 176/176/175 177/177/176 178/178/177 179/179/178 180/180/179 181/181/180 182/182/181 183/183/182 184/184/183 185/185/184 186/186/185 187/187/186 188/188/187 189/189/188 190/190/189 191/191/190 192/192/191 193/193/192 194/194/193 195/195/194 196/196/195 197/197/196 198/198/197 199/199/198 200/200/199 201/201/200 202/202/201 
s 10
f 203/203/202 204/204/203 205/205/204 206/206/205 
f 150/207/149 149/208/148 204/209/203 203/210/202 
s 12
f 204/211/203 207/212/206 208/213/207 205/214/204 
f 149/208/148 148/215/147 207/216/206 204/209/203 
f 209/217/208 203/203/202 206/206/205 210/218/209 
f 151/219/150 150/220/149 203/221/202 209/222/208 
f 207/212/206 211/223/210 212/224/211 208/213/207 
f 148/215/147 147/225/146 211/226/210 207/216/206 
f 211/223/210 213/227/212 214/228/213 212/224/211 
f 147/225/146 146/229/145 213/230/212 211/226/210 
f 213/227/212 215/231/214 216/232/215 214/228/213 
f 146/229/145 145/233/144 215/234/214 213/230/212 
f 215/231/214 217/235/216 218/236/217 216/232/215 
f 145/233/144 144/237/143 217/238/216 215/234/214 
f 217/235/216 219/239/218 220/240/219 218/236/217 
f 144/237/143 143/241/142 219/242/218 217/238/216 
f 219/239/218 221/243/220 222/244/221 220/240/219 
f 143/241/142 142/245/141 221/246/220 219/242/218 
f 221/243/220 223/247/222 224/248/223 222/244/221 
f 142/245/141 141/249/140 223/250/222 221/246/220 
f 223/247/222 225/251/224 226/252/225 224/248/223 
f 141/249/140 140/253/139 225/254/224 223/250/222 
f 225/251/224 227/255/226 228/256/227 226/252/225 
f 140/253/139 139/257/138 227/258/226 225/254/224 
f 229/259/228 209/217/208 210/218/209 230/260/229 
f 152/261/151 151/219/150 209/222/208 229/262/228 
f 227/255/226 231/263/230 232/264/231 228/256/227 
f 139/257/138 138/265/137 231/266/230 227/258/226 
f 231/263/230 233/267/232 234/268/233 232/264/231 
f 138/265/137 137/269/136 233/270/232 231/266/230 
f 233/267/232 235/271/234 236/272/235 234/268/233 
f 137/269/136 136/273/135 235/274/234 233/270/232 
f 235/271/234 237/275/236 238/276/237 236/272/235 
f 136/273/135 135/277/134 237/278/236 235/274/234 
f 237/275/236 239/279/238 240/280/239 238/276/237 
f 135/277/134 134/281/133 239/282/238 237/278/236 
f 241/283/240 229/259/228 230/260/229 242/284/241 
f 153/285/152 152/261/151 229/262/228 241/286/240 
f 239/282/238 243/287/242 244/288/243 240/289/239 
f 134/281/133 133/290/132 243/287/242 239/282/238 
f 245/291/244 241/283/240 242/284/241 246/292/245 
f 154/293/153 153/285/152 241/286/240 245/294/244 
f 247/295/246 245/291/244 246/292/245 248/296/247 
f 155/297/154 154/293/153 245/294/244 247/298/246 
f 243/287/242 249/299/248 250/300/249 244/288/243 
f 133/290/132 132/301/131 249/299/248 243/287/242 
f 251/302/250 247/295/246 248/296/247 252/303/251 
f 156/304/155 155/297/154 247/298/246 251/305/250 
f 253/306/252 251/302/250 252/303/251 254/307/253 
f 157/308/156 156/304/155 251/305/250 253/309/252 
f 249/310/248 255/311/254 256/312/255 250/313/249 
f 132/301/131 131/314/130 255/315/254 249/299/248 
f 257/316/256 253/306/252 254/307/253 258/317/257 
f 158/318/157 157/308/156 253/309/252 257/319/256 
f 259/320/258 257/316/256 258/317/257 260/321/259 
f 159/322/158 158/318/157 257/319/256 259/323/258 
f 255/311/254 261/324/260 262/325/261 256/312/255 
f 131/314/130 130/326/129 261/327/260 255/315/254 
f 263/328/262 259/320/258 260/321/259 264/329/263 
f 160/330/159 159/322/158 259/323/258 263/331/262 
f 261/324/260 265/332/264 266/333/265 262/325/261 
f 130/326/129 129/334/128 265/335/264 261/327/260 
f 267/336/266 263/328/262 264/329/263 268/337/267 
f 161/338/160 160/330/159 263/331/262 267/339/266 
f 265/332/264 269/340/268 270/341/269 266/333/265 
f 129/334/128 128/342/127 269/343/268 265/335/264 
f 269/340/268 271/344/270 272/345/271 270/341/269 
f 128/342/127 127/346/126 271/347/270 269/343/268 
f 273/348/272 267/336/266 268/337/267 274/349/273 
f 162/350/161 161/338/160 267/339/266 273/351/272 
f 271/344/270 275/352/274 276/353/275 272/345/271 
f 127/346/126 126/354/125 275/355/274 271/347/270 
f 277/356/276 273/348/272 274/349/273 278/357/277 
f 163/358/162 162/350/161 273/351/272 277/359/276 
f 275/352/274 279/360/278 280/361/279 276/353/275 
f 126/354/125 125/362/124 279/363/278 275/355/274 
f 279/360/278 281/364/280 282/365/281 280/361/279 
f 125/362/124 124/366/123 281/367/280 279/363/278 
f 283/368/282 277/356/276 278/357/277 284/369/283 
f 164/370/163 163/358/162 277/359/276 283/371/282 
f 281/364/280 285/372/284 286/373/285 282/365/281 
f 124/366/123 123/374/122 285/375/284 281/367/280 
f 285/372/284 287/376/286 288/377/287 286/373/285 
f 123/374/122 122/378/121 287/379/286 285/375/284 
f 289/380/288 283/368/282 284/369/283 290/381/289 
f 165/382/164 164/370/163 283/371/282 289/383/288 
f 287/376/286 291/384/290 292/385/291 288/377/287 
f 122/378/121 121/386/120 291/387/290 287/379/286 
f 293/388/292 289/380/288 290/381/289 294/389/293 
f 166/390/165 165/382/164 289/383/288 293/391/292 
f 291/384/290 295/392/294 296/393/295 292/385/291 
f 121/386/120 120/394/119 295/395/294 291/387/290 
f 297/396/296 293/388/292 294/389/293 298/397/297 
f 167/398/166 166/390/165 293/391/292 297/399/296 
f 295/392/294 299/400/298 300/401/299 296/393/295 
f 120/394/119 119/402/118 299/403/298 295/395/294 
f 301/404/300 297/396/296 298/397/297 302/405/301 
f 168/406/167 167/398/166 297/399/296 301/407/300 
f 299/400/298 303/408/302 304/409/303 300/401/299 
f 119/402/118 118/410/117 303/411/302 299/403/298 
f 305/412/304 301/404/300 302/405/301 306/413/305 
f 169/414/168 168/406/167 301/407/300 305/415/304 
f 303/408/302 307/416/306 308/417/307 304/409/303 
f 118/410/117 117/418/116 307/419/306 303/411/302 
f 309/420/308 305/412/304 306/413/305 310/421/309 
f 170/422/169 169/414/168 305/415/304 309/423/308 
f 311/424/310 309/420/308 310/421/309 312/425/311 
f 171/426/170 170/422/169 309/423/308 311/427/310 
f 307/416/306 313/428/312 314/429/313 308/417/307 
f 117/418/116 116/430/115 313/431/312 307/419/306 
f 315/432/314 311/424/310 312/425/311 316/433/315 
f 172/434/171 171/426/170 311/427/310 315/435/314 
f 317/436/316 315/432/314 316/433/315 318/437/317 
f 173/438/172 172/434/171 315/435/314 317/439/316 
f 313/428/312 319/440/318 320/441/319 314/429/313 
f 116/430/115 115/442/114 319/443/318 313/431/312 
f 321/444/320 317/436/316 318/437/317 322/445/321 
f 174/446/173 173/438/172 317/439/316 321/447/320 
f 319/440/318 323/448/322 324/449/323 320/441/319 
f 115/442/114 114/450/113 323/451/322 319/443/318 
f 325/452/324 321/444/320 322/445/321 326/453/325 
f 175/454/174 174/446/173 321/447/320 325/455/324 
f 327/456/326 325/452/324 326/453/325 328/457/327 
f 176/458/175 175/454/174 325/455/324 327/459/326 
f 323/448/322 329/460/328 330/461/329 324/449/323 
f 114/450/113 113/462/112 329/463/328 323/451/322 
f 331/464/330 327/456/326 328/457/327 332/465/331 
f 177/466/176 176/458/175 327/459/326 331/467/330 
f 329/463/328 333/468/332 334/469/333 330/470/329 
f 113/462/112 112/471/111 333/468/332 329/463/328 
f 335/472/334 331/464/330 332/465/331 336/473/335 
f 178/474/177 177/466/176 331/467/330 335/475/334 
f 337/476/336 335/472/334 336/473/335 338/477/337 
f 179/478/178 178/474/177 335/475/334 337/479/336 
f 333/468/332 339/480/338 340/481/339 334/469/333 
f 112/471/111 111/482/110 339/480/338 333/468/332 
f 341/483/340 337/476/336 338/477/337 342/484/341 
f 180/485/179 179/478/178 337/479/336 341/486/340 
f 343/487/342 341/483/340 342/484/341 344/488/343 
f 181/489/180 180/485/179 341/486/340 343/490/342 
f 339/491/338 345/492/344 346/493/345 340/494/339 
f 111/482/110 110/495/109 345/496/344 339/480/338 
f 347/497/346 343/487/342 344/488/343 348/498/347 
f 182/499/181 181/489/180 343/490/342 347/500/346 
f 349/501/348 347/497/346 348/498/347 350/502/349 
f 183/503/182 182/499/181 347/500/346 349/504/348 
f 351/505/350 349/501/348 350/502/349 352/506/351 
f 184/507/183 183/503/182 349/504/348 351/508/350 
f 353/509/352 351/505/350 352/506/351 354/510/353 
f 185/511/184 184/507/183 351/508/350 353/512/352 
f 355/513/354 353/509/352 354/510/353 356/514/355 
f 186/515/185 185/511/184 353/512/352 355/516/354 
f 357/517/356 355/513/354 356/514/355 358/518/357 
f 187/519/186 186/515/185 355/516/354 357/520/356 
f 359/521/358 357/517/356 358/518/357 360/522/359 
f 188/523/187 187/524/186 357/525/356 359/526/358 
f 361/527/360 359/521/358 360/522/359 362/528/361 
f 189/529/188 188/523/187 359/526/358 361/530/360 
f 363/531/362 361/527/360 362/528/361 364/532/363 
f 190/533/189 189/529/188 361/530/360 363/534/362 
f 365/535/364 363/531/362 364/532/363 366/536/365 
f 191/537/190 190/533/189 363/534/362 365/538/364 
f 367/539/366 365/535/364 366/536/365 368/540/367 
f 192/541/191 191/537/190 365/538/364 367/542/366 
f 369/543/368 367/539/366 368/540/367 370/544/369 
f 193/545/192 192/541/191 367/542/366 369/546/368 
f 371/547/370 369/543/368 370/544/369 372/548/371 
f 194/549/193 193/545/192 369/546/368 371/550/370 
f 373/551/372 371/547/370 372/548/371 374/552/373 
f 195/553/194 194/549/193 371/550/370 373/554/372 
f 375/555/374 373/551/372 374/552/373 376/556/375 
f 196/557/195 195/553/194 373/554/372 375/558/374 
f 377/559/376 375/555/374 376/556/375 378/560/377 
f 197/561/196 196/557/195 375/558/374 377/562/376 
f 345/492/344 379/563/378 380/564/379 346/493/345 
f 110/495/109 109/565/108 379/566/378 345/496/344 
f 381/567/380 377/559/376 378/560/377 382/568/381 
f 198/569/197 197/570/196 377/571/376 381/572/380 
f 379/563/378 383/573/382 384/574/383 380/564/379 
f 109/565/108 108/575/107 383/576/382 379/566/378 
f 383/573/382 385/577/384 386/578/385 384/574/383 
f 108/575/107 107/579/106 385/580/384 383/576/382 
f 387/581/386 381/567/380 382/568/381 388/582/387 
f 199/583/198 198/569/197 381/572/380 387/584/386 
f 385/580/384 389/585/388 390/586/389 386/587/385 
f 107/579/106 106/588/105 389/585/388 385/580/384 
f 391/589/390 387/581/386 388/582/387 392/590/391 
f 200/591/199 199/583/198 387/584/386 391/592/390 
f 389/593/388 393/594/392 394/595/393 390/596/389 
f 106/588/105 105/597/104 393/598/392 389/585/388 
f 395/599/394 391/589/390 392/590/391 396/600/395 
f 201/601/200 200/591/199 391/592/390 395/602/394 
f 397/603/396 395/599/394 396/600/395 398/604/397 
f 202/605/201 201/601/200 395/602/394 397/606/396 
f 393/594/392 399/607/398 400/608/399 394/595/393 
f 105/597/104 104/609/103 399/610/398 393/598/392 
f 401/611/400 397/603/396 398/604/397 402/612/401 
f 102/613/101 202/605/201 397/606/396 401/614/400 
f 399/607/398 403/615/402 404/616/403 400/608/399 
f 104/609/103 103/617/102 403/618/402 399/610/398 
f 403/615/402 401/611/400 402/612/401 404/616/403 
f 103/617/102 102/613/101 401/614/400 403/618/402 
s 8
f 206/206/205 205/205/204 405/619/404 406/620/405 
f 205/205/204 208/621/207 407/622/406 405/619/404 
f 208/621/207 212/623/211 408/624/407 407/622/406 
f 212/623/211 214/625/213 409/626/408 408/624/407 
f 214/625/213 216/627/215 410/628/409 409/626/408 
f 216/627/215 218/629/217 411/630/410 410/628/409 
f 218/629/217 220/631/219 412/632/411 411/630/410 
f 220/631/219 222/633/221 413/634/412 412/632/411 
f 222/633/221 224/635/223 414/636/413 413/634/412 
f 224/635/223 226/637/225 415/638/414 414/636/413 
f 226/637/225 228/639/227 416/640/415 415/638/414 
f 228/639/227 232/641/231 417/642/416 416/640/415 
f 232/641/231 234/643/233 418/644/417 417/642/416 
f 234/643/233 236/645/235 419/646/418 418/644/417 
f 236/645/235 238/647/237 420/648/419 419/646/418 
f 238/647/237 240/649/239 421/650/420 420/648/419 
f 240/649/239 244/651/243 422/652/421 421/650/420 
f 244/651/243 250/313/249 423/653/422 422/652/421 
f 250/313/249 256/312/255 424/654/423 423/653/422 
f 256/312/255 262/325/261 425/655/424 424/654/423 
f 262/325/261 266/333/265 426/656/425 425/655/424 
f 266/333/265 270/341/269 427/657/426 426/656/425 
f 270/341/269 272/345/271 428/658/427 427/657/426 
f 272/345/271 276/353/275 429/659/428 428/658/427 
f 276/353/275 280/361/279 430/660/429 429/659/428 
f 280/361/279 282/365/281 431/661/430 430/660/429 
f 282/365/281 286/373/285 432/662/431 431/661/430 
f 286/373/285 288/377/287 433/663/432 432/662/431 
f 288/377/287 292/385/291 434/664/433 433/663/432 
f 292/385/291 296/393/295 435/665/434 434/664/433 
f 296/393/295 300/401/299 436/666/435 435/665/434 
f 300/401/299 304/409/303 437/667/436 436/666/435 
f 304/409/303 308/417/307 438/668/437 437/667/436 
f 308/417/307 314/429/313 439/669/438 438/668/437 
f 314/429/313 320/441/319 440/670/439 439/669/438 
f 320/441/319 324/449/323 441/671/440 440/670/439 
f 324/449/323 330/461/329 442/672/441 441/671/440 
f 330/461/329 334/673/333 443/674/442 442/672/441 
f 334/673/333 340/675/339 444/676/443 443/674/442 
f 340/675/339 346/677/345 445/678/444 444/676/443 
f 346/677/345 380/679/379 446/680/445 445/678/444 
f 380/679/379 384/681/383 447/682/446 446/680/445 
f 384/681/383 386/683/385 448/684/447 447/682/446 
f 386/683/385 390/596/389 449/685/448 448/684/447 
f 390/596/389 394/595/393 450/686/449 449/685/448 
f 394/595/393 400/608/399 451/687/450 450/686/449 
f 400/608/399 404/616/403 452/688/451 451/687/450 
f 404/616/403 402/612/401 453/689/452 452/688/451 
f 402/612/401 398/604/397 454/690/453 453/689/452 
f 398/604/397 396/600/395 455/691/454 454/690/453 
f 396/600/395 392/590/391 456/692/455 455/691/454 
f 392/590/391 388/582/387 457/693/456 456/692/455 
f 388/582/387 382/568/381 458/694/457 457/693/456 
f 382/568/381 378/560/377 459/695/458 458/694/457 
f 378/560/377 376/556/375 460/696/459 459/695/458 
f 376/556/375 374/552/373 461/697/460 460/696/459 
f 374/552/373 372/548/371 462/698/461 461/697/460 
f 372/548/371 370/544/369 463/699/462 462/698/461 
f 370/544/369 368/540/367 464/700/463 463/699/462 
f 368/540/367 366/536/365 465/701/464 464/700/463 
f 366/536/365 364/532/363 466/702/465 465/701/464 
f 364/532/363 362/528/361 467/703/466 466/702/465 
f 362/528/361 360/522/359 468/704/467 467/703/466 
f 360/522/359 358/518/357 469/705/468 468/704/467 
f 358/518/357 356/514/355 470/706/469 469/705/468 
f 356/514/355 354/510/353 471/707/470 470/706/469 
f 354/510/353 352/506/351 472/708/471 471/707/470 
f 352/506/351 350/502/349 473/709/472 472/708/471 
f 350/502/349 348/498/347 474/710/473 473/709/472 
f 348/498/347 344/488/343 475/711/474 474/710/473 
f 344/488/343 342/484/341 476/712/475 475/711/474 
f 342/484/341 338/477/337 477/713/476 476/712/475 
f 338/477/337 336/473/335 478/714/477 477/713/476 
f 336/473/335 332/465/331 479/715/478 478/714/477 
f 332/465/331 328/457/327 480/716/479 479/715/478 
f 328/457/327 326/453/325 481/717/480 480/716/479 
f 326/453/325 322/445/321 482/718/481 481/717/480 
f 322/445/321 318/437/317 483/719/482 482/718/481 
f 318/437/317 316/433/315 484/720/483 483/719/482 
f 316/433/315 312/425/311 485/721/484 484/720/483 
f 312/425/311 310/421/309 486/722/485 485/721/484 
f 310/421/309 306/413/305 487/723/486 486/722/485 
f 306/413/305 302/405/301 488/724/487 487/723/486 
f 302/405/301 298/397/297 489/725/488 488/724/487 
f 298/397/297 294/389/293 490/726/489 489/725/488 
f 294/389/293 290/381/289 491/727/490 490/726/489 
f 290/381/289 284/369/283 492/728/491 491/727/490 
f 284/369/283 278/357/277 493/729/492 492/728/491 
f 278/357/277 274/349/273 494/730/493 493/729/492 
f 274/349/273 268/337/267 495/731/494 494/730/493 
f 268/337/267 264/329/263 496/732/495 495/731/494 
f 264/329/263 260/321/259 497/733/496 496/732/495 
f 260/321/259 258/317/257 498/734/497 497/733/496 
f 258/317/257 254/307/253 499/735/498 498/734/497 
f 254/307/253 252/303/251 500/736/499 499/735/498 
f 252/303/251 248/296/247 501/737/500 500/736/499 
f 248/296/247 246/292/245 502/738/501 501/737/500 
f 246/292/245 242/284/241 503/739/502 502/738/501 
f 242/284/241 230/260/229 504/740/503 503/739/502 
f 230/260/229 210/218/209 505/741/504 504/740/503 
f 210/218/209 206/206/205 406/620/405 505/741/504 
f 406/620/405 405/619/404 506/742/505 507/743/506 
f 405/619/404 407/622/406 508/744/507 506/742/505 
f 407/622/406 408/624/407 509/745/508 508/744/507 
f 408/624/407 409/626/408 510/746/509 509/745/508 
f 409/626/408 410/628/409 511/747/510 510/746/509 
f 410/628/409 411/630/410 512/748/511 511/747/510 
f 411/630/410 412/632/411 513/749/512 512/748/511 
f 412/632/411 413/634/412 514/750/513 513/749/512 
f 413/634/412 414/636/413 515/751/514 514/750/513 
f 414/636/413 415/638/414 516/752/515 515/751/514 
f 415/638/414 416/640/415 517/753/516 516/752/515 
f 416/640/415 417/642/416 518/754/517 517/753/516 
f 417/642/416 418/644/417 519/755/518 518/754/517 
f 418/644/417 419/646/418 520/756/519 519/755/518 
f 419/646/418 420/648/419 521/757/520 520/756/519 
f 420/648/419 421/650/420 522/758/521 521/757/520 
f 421/650/420 422/652/421 523/759/522 522/758/521 
f 422/652/421 423/653/422 524/760/523 523/759/522 
f 423/653/422 424/654/423 525/761/524 524/760/523 
f 424/654/423 425/655/424 526/762/525 525/761/524 
f 425/655/424 426/656/425 527/763/526 526/762/525 
f 426/656/425 427/657/426 528/764/527 527/763/526 
f 427/657/426 428/658/427 529/765/528 528/764/527 
f 428/658/427 429/659/428 530/766/529 529/765/528 
f 429/659/428 430/660/429 531/767/530 530/766/529 
f 430/660/429 431/661/430 532/768/531 531/767/530 
f 431/661/430 432/662/431 533/769/532 532/768/531 
f 432/662/431 433/663/432 534/770/533 533/769/532 
f 433/663/432 434/664/433 535/771/534 534/770/533 
f 434/664/433 435/665/434 536/772/535 535/771/534 
f 435/665/434 436/666/435 537/773/536 536/772/535 
f 436/666/435 437/667/436 538/774/537 537/773/536 
f 437/667/436 438/668/437 539/775/538 538/774/537 
f 438/668/437 439/669/438 540/776/539 539/775/538 
f 439/669/438 440/670/439 541/777/540 540/776/539 
f 440/670/439 441/671/440 542/778/541 541/777/540 
f 441/671/440 442/672/441 543/779/542 542/778/541 
f 442/672/441 443/674/442 544/780/543 543/779/542 
f 443/674/442 444/676/443 545/781/544 544/780/543 
f 444/676/443 445/678/444 546/782/545 545/781/544 
f 445/678/444 446/680/445 547/783/546 546/782/545 
f 446/680/445 447/682/446 548/784/547 547/783/546 
f 447/682/446 448/684/447 549/785/548 548/784/547 
f 448/684/447 449/685/448 550/786/549 549/785/548 
f 449/685/448 450/686/449 551/787/550 550/786/549 
f 450/686/449 451/687/450 552/788/551 551/787/550 
f 451/687/450 452/688/451 553/789/552 552/788/551 
f 452/688/451 453/689/452 554/790/553 553/789/552 
f 453/689/452 454/690/453 555/791/554 554/790/553 
f 454/690/453 455/691/454 556/792/555 555/791/554 
f 455/691/454 456/692/455 557/793/556 556/792/555 
f 456/692/455 457/693/456 558/794/557 557/793/556 
f 457/693/456 458/694/457 559/795/558 558/794/557 
f 458/694/457 459/695/458 560/796/559 559/795/558 
f 459/695/458 460/696/459 561/797/560 560/796/559 
f 460/696/459 461/697/460 562/798/561 561/797/560 
f 461/697/460 462/698/461 563/799/562 562/798/561 
f 462/698/461 463/699/462 564/800/563 563/799/562 
f 463/699/462 464/700/463 565/801/564 564/800/563 
f 464/700/463 465/701/464 566/802/565 565/801/564 
f 465/701/464 466/702/465 567/803/566 566/802/565 
f 466/702/465 467/703/466 568/804/567 567/803/566 
f 467/703/466 468/704/467 569/805/568 568/804/567 
f 468/704/467 469/705/468 570/806/569 569/805/568 
f 469/705/468 470/706/469 571/807/570 570/806/569 
f 470/706/469 471/707/470 572/808/571 571/807/570 
f 471/707/470 472/708/471 573/809/572 572/808/571 
f 472/708/471 473/709/472 574/810/573 573/809/572 
f 473/709/472 474/710/473 575/811/574 574/810/573 
f 474/710/473 475/711/474 576/812/575 575/811/574 
f 475/711/474 476/712/475 577/813/576 576/812/575 
f 476/712/475 477/713/476 578/814/577 577/813/576 
f 477/713/476 478/714/477 579/815/578 578/814/577 
f 478/714/477 479/715/478 580/816/579 579/815/578 
f 479/715/478 480/716/479 581/817/580 580/816/579 
f 480/716/479 481/717/480 582/818/581 581/817/580 
f 481/717/480 482/718/481 583/819/582 582/818/581 
f 482/718/481 483/719/482 584/820/583 583/819/582 
f 483/719/482 484/720/483 585/821/584 584/820/583 
f 484/720/483 485/721/484 586/822/585 585/821/584 
f 485/721/484 486/722/485 587/823/586 586/822/585 
f 486/722/485 487/723/486 588/824/587 587/823/586 
f 487/723/486 488/724/487 589/825/588 588/824/587 
f 488/724/487 489/725/488 590/826/589 589/825/588 
f 489/725/488 490/726/489 591/827/590 590/826/589 
f 490/726/489 491/727/490 592/828/591 591/827/590 
f 491/727/490 492/728/491 593/829/592 592/828/591 
f 492/728/491 493/729/492 594/830/593 593/829/592 
f 493/729/492 494/730/493 595/831/594 594/830/593 
f 494/730/493 495/731/494 596/832/595 595/831/594 
f 495/731/494 496/732/495 597/833/596 596/832/595 
f 496/732/495 497/733/496 598/834/597 597/833/596 
f 497/733/496 498/734/497 599/835/598 598/834/597 
f 498/734/497 499/735/498 600/836/599 599/835/598 
f 499/735/498 500/736/499 601/837/600 600/836/599 
f 500/736/499 501/737/500 602/838/601 601/837/600 
f 501/737/500 502/738/501 603/839/602 602/838/601 
f 502/738/501 503/739/502 604/840/603 603/839/602 
f 503/739/502 504/740/503 605/841/604 604/840/603 
f 504/740/503 505/741/504 606/842/605 605/841/604 
f 505/741/504 406/620/405 507/743/506 606/842/605 
f 507/743/506 506/742/505 57/57/56 56/56/55 
f 506/742/505 508/744/507 58/58/57 57/57/56 
f 508/744/507 509/745/508 59/59/58 58/58/57 
f 509/745/508 510/746/509 60/60/59 59/59/58 
f 510/746/509 511/747/510 61/61/60 60/60/59 
f 511/747/510 512/748/511 62/62/61 61/61/60 
f 512/748/511 513/749/512 63/63/62 62/62/61 
f 513/749/512 514/750/513 64/64/63 63/63/62 
f 514/750/513 515/751/514 65/65/64 64/64/63 
f 515/751/514 516/752/515 66/66/65 65/65/64 
f 516/752/515 517/753/516 67/67/66 66/66/65 
f 517/753/516 518/754/517 68/68/67 67/67/66 
f 518/754/517 519/755/518 69/69/68 68/68/67 
f 519/755/518 520/756/519 70/70/69 69/69/68 
f 520/756/519 521/757/520 71/71/70 70/70/69 
f 521/757/520 522/758/521 72/72/71 71/71/70 
f 522/758/521 523/759/522 73/73/72 72/72/71 
f 523/759/522 524/760/523 74/74/73 73/73/72 
f 524/760/523 525/761/524 75/75/74 74/74/73 
f 525/761/524 526/762/525 76/76/75 75/75/74 
f 526/762/525 527/763/526 77/77/76 76/76/75 
f 527/763/526 528/764/527 78/78/77 77/77/76 
f 528/764/527 529/765/528 79/79/78 78/78/77 
f 529/765/528 530/766/529 80/80/79 79/79/78 
f 530/766/529 531/767/530 81/81/80 80/80/79 
f 531/767/530 532/768/531 82/82/81 81/81/80 
f 532/768/531 533/769/532 83/83/82 82/82/81 
f 533/769/532 534/770/533 84/84/83 83/83/82 
f 534/770/533 535/771/534 85/85/84 84/84/83 
f 535/771/534 536/772/535 86/86/85 85/85/84 
f 536/772/535 537/773/536 87/87/86 86/86/85 
f 537/773/536 538/774/537 88/88/87 87/87/86 
f 538/774/537 539/775/538 89/89/88 88/88/87 
f 539/775/538 540/776/539 90/90/89 89/89/88 
f 540/776/539 541/777/540 91/91/90 90/90/89 
f 541/777/540 542/778/541 92/92/91 91/91/90 
f 542/778/541 543/779/542 93/93/92 92/92/91 
f 543/779/542 544/780/543 94/94/93 93/93/92 
f 544/780/543 545/781/544 95/95/94 94/94/93 
f 545/781/544 546/782/545 96/96/95 95/95/94 
f 546/782/545 547/783/546 97/97/96 96/96/95 
f 547/783/546 548/784/547 98/98/97 97/97/96 
f 548/784/547 549/785/548 99/99/98 98/98/97 
f 549/785/548 550/786/549 100/100/99 99/99/98 
f 550/786/549 551/787/550 101/101/100 100/100/99 
f 551/787/550 552/788/551 1/1/1 101/101/100 
f 552/788/551 553/789/552 2/2/2 1/1/1 
f 553/789/552 554/790/553 3/3/3 2/2/2 
f 554/790/553 555/791/554 4/4/4 3/3/3 
f 555/791/554 556/792/555 5/5/5 4/4/4 
f 556/792/555 557/793/556 6/6/6 5/5/5 
f 557/793/556 558/794/557 7/7/7 6/6/6 
f 558/794/557 559/795/558 8/8/8 7/7/7 
f 559/795/558 560/796/559 9/9/9 8/8/8 
f 560/796/559 561/797/560 10/10/10 9/9/9 
f 561/797/560 562/798/561 11/11/11 10/10/10 
f 562/798/561 563/799/562 12/12/12 11/11/11 
f 563/799/562 564/800/563 13/13/13 12/12/12 
f 564/800/563 565/801/564 14/14/14 13/13/13 
f 565/801/564 566/802/565 15/15/15 14/14/14 
f 566/802/565 567/803/566 16/16/16 15/15/15 
f 567/803/566 568/804/567 17/17/17 16/16/16 
f 568/804/567 569/805/568 18/18/18 17/17/17 
f 569/805/568 570/806/569 19/19/19 18/18/18 
f 570/806/569 571/807/570 20/20/20 19/19/19 
f 571/807/570 572/808/571 21/21/21 20/20/20 
f 572/808/571 573/809/572 22/22/22 21/21/21 
f 573/809/572 574/810/573 23/23/23 22/22/22 
f 574/810/573 575/811/574 24/24/24 23/23/23 
f 575/811/574 576/812/575 25/25/25 24/24/24 
f 576/812/575 577/813/576 26/26/26 25/25/25 
f 577/813/576 578/814/577 27/27/27 26/26/26 
f 578/814/577 579/815/578 28/28/28 27/27/27 
f 579/815/578 580/816/579 29/29/29 28/28/28 
f 580/816/579 581/817/580 30/30/30 29/29/29 
f 581/817/580 582/818/581 31/31/31 30/30/30 
f 582/818/581 583/819/582 32/32/32 31/31/31 
f 583/819/582 584/820/583 33/33/33 32/32/32 
f 584/820/583 585/821/584 34/34/34 33/33/33 
f 585/821/584 586/822/585 35/35/35 34/34/34 
f 586/822/585 587/823/586 36/36/36 35/35/35 
f 587/823/586 588/824/587 37/37/37 36/36/36 
f 588/824/587 589/825/588 38/38/38 37/37/37 
f 589/825/588 590/826/589 39/39/39 38/38/38 
f 590/826/589 591/827/590 40/40/40 39/39/39 
f 591/827/590 592/828/591 41/41/41 40/40/40 
f 592/828/591 593/829/592 42/42/42 41/41/41 
f 593/829/592 594/830/593 43/43/43 42/42/42 
f 594/830/593 595/831/594 44/44/44 43/43/43 
f 595/831/594 596/832/595 45/45/45 44/44/44 
f 596/832/595 597/833/596 46/46/46 45/45/45 
f 597/833/596 598/834/597 47/47/46 46/46/46 
f 598/834/597 599/835/598 48/48/47 47/47/46 
f 599/835/598 600/836/599 49/49/48 48/48/47 
f 600/836/599 601/837/600 50/50/49 49/49/48 
f 601/837/600 602/838/601 51/51/50 50/50/49 
f 602/838/601 603/839/602 52/52/51 51/51/50 
f 603/839/602 604/840/603 53/53/52 52/52/51 
f 604/840/603 605/841/604 54/54/53 53/53/52 
f 605/841/604 606/842/605 55/55/54 54/54/53 
f 606/842/605 507/743/506 56/56/55 55/55/54 
s 9
f 607/843/606 608/844/607 609/845/608 610/846/609 611/847/610 612/848/611 613/849/612 614/850/613 615/851/614 616/852/615 617/853/616 618/854/617 619/855/618 620/856/619 621/857/620 622/858/621 623/859/622 624/860/623 625/861/624 626/862/625 627/863/626 628/864/627 629/865/628 630/866/629 631/867/630 632/868/631 633/869/632 634/870/633 635/871/634 636/872/635 637/873/636 638/874/637 639/875/638 640/876/639 641/877/640 642/878/641 643/879/642 644/880/643 645/881/644 646/882/645 647/883/646 648/884/647 649/885/648 650/886/649 651/887/650 652/888/651 653/889/652 654/890/653 655/891/654 656/892/655 657/893/656 658/894/657 659/895/658 660/896/659 661/897/660 662/898/661 663/899/662 664/900/663 665/901/663 666/902/664 667/903/665 668/904/666 669/905/667 670/906/668 671/907/669 672/908/670 673/909/671 674/910/672 675/911/673 676/912/674 677/913/675 678/914/676 679/915/677 680/916/678 681/917/679 682/918/680 683/919/681 684/920/682 685/921/683 686/922/684 687/923/685 688/924/686 689/925/687 690/926/688 691/927/689 692/928/690 693/929/691 694/930/692 695/931/693 696/932/694 697/933/695 698/934/696 699/935/697 700/936/698 701/937/699 702/938/700 703/939/701 704/940/702 705/941/703 706/942/704 707/943/705 
f 708/944/706 709/945/707 710/946/708 711/947/709 712/948/710 713/949/711 714/950/712 715/951/713 716/952/714 717/953/715 718/954/716 719/955/717 720/956/718 721/957/719 722/958/720 723/959/721 724/960/722 725/961/723 726/962/724 727/963/725 728/964/726 729/965/727 730/966/728 731/967/729 732/968/730 733/969/731 734/970/732 735/971/733 736/972/734 737/973/735 738/974/736 739/975/737 740/976/738 741/977/739 742/978/740 743/979/741 744/980/742 745/981/743 746/982/744 747/983/745 748/984/746 749/985/747 750/986/748 751/987/749 752/988/750 753/989/751 754/990/752 755/991/753 756/992/754 757/993/755 758/994/756 759/995/757 760/996/758 761/997/759 762/998/760 763/999/761 764/1000/762 765/1001/763 766/1002/764 767/1003/765 768/1004/766 769/1005/767 770/1006/768 771/1007/769 772/1008/770 773/1009/771 774/1010/772 775/1011/773 776/1012/774 777/1013/775 778/1014/776 779/1015/777 780/1016/778 781/1017/779 782/1018/780 783/1019/781 784/1020/782 785/1021/783 786/1022/784 787/1023/785 788/1024/786 789/1025/787 790/1026/788 791/1027/789 792/1028/790 793/1029/791 794/1030/792 795/1031/793 796/1032/794 797/1033/795 798/1034/796 799/1035/797 800/1036/798 801/1037/799 802/1038/800 803/1039/801 804/1040/802 805/1041/803 806/1042/804 807/1043/805 808/1044/806 
s 10
f 809/1045/807 810/1046/808 811/1047/809 812/1048/810 
f 763/1049/761 809/1050/807 812/1051/810 764/1052/762 
s 12
f 812/1053/810 811/1054/809 813/1055/811 814/1056/812 
f 764/1052/762 812/1051/810 814/1057/812 765/1058/763 
f 815/1059/813 816/1060/814 810/1046/808 809/1045/807 
f 762/1061/760 815/1062/813 809/1063/807 763/1064/761 
f 814/1056/812 813/1055/811 817/1065/815 818/1066/816 
f 765/1058/763 814/1057/812 818/1067/816 766/1068/764 
f 818/1066/816 817/1065/815 819/1069/817 820/1070/818 
f 766/1068/764 818/1067/816 820/1071/818 767/1072/765 
f 820/1070/818 819/1069/817 821/1073/819 822/1074/820 
f 767/1072/765 820/1071/818 822/1075/820 768/1076/766 
f 822/1074/820 821/1073/819 823/1077/821 824/1078/822 
f 768/1076/766 822/1075/820 824/1079/822 769/1080/767 
f 824/1078/822 823/1077/821 825/1081/823 826/1082/824 
f 769/1080/767 824/1079/822 826/1083/824 770/1084/768 
f 826/1082/824 825/1081/823 827/1085/825 828/1086/826 
f 770/1084/768 826/1083/824 828/1087/826 771/1088/769 
f 828/1086/826 827/1085/825 829/1089/827 830/1090/828 
f 771/1088/769 828/1087/826 830/1091/828 772/1092/770 
f 830/1090/828 829/1089/827 831/1093/829 832/1094/830 
f 772/1092/770 830/1091/828 832/1095/830 773/1096/771 
f 832/1094/830 831/1093/829 833/1097/831 834/1098/832 
f 773/1096/771 832/1095/830 834/1099/832 774/1100/772 
f 835/1101/833 836/1102/834 816/1060/814 815/1059/813 
f 761/1103/759 835/1104/833 815/1062/813 762/1061/760 
f 834/1098/832 833/1097/831 837/1105/835 838/1106/836 
f 774/1100/772 834/1099/832 838/1107/836 775/1108/773 
f 838/1106/836 837/1105/835 839/1109/837 840/1110/838 
f 775/1108/773 838/1107/836 840/1111/838 776/1112/774 
f 840/1110/838 839/1109/837 841/1113/839 842/1114/840 
f 776/1112/774 840/1111/838 842/1115/840 777/1116/775 
f 842/1114/840 841/1113/839 843/1117/841 844/1118/842 
f 777/1116/775 842/1115/840 844/1119/842 778/1120/776 
f 844/1118/842 843/1117/841 845/1121/843 846/1122/844 
f 778/1120/776 844/1119/842 846/1123/844 779/1124/777 
f 847/1125/845 848/1126/846 836/1102/834 835/1101/833 
f 760/1127/758 847/1128/845 835/1104/833 761/1103/759 
f 846/1123/844 845/1129/843 849/1130/847 850/1131/848 
f 779/1124/777 846/1123/844 850/1131/848 780/1132/778 
f 851/1133/849 852/1134/850 848/1126/846 847/1125/845 
f 759/1135/757 851/1136/849 847/1128/845 760/1127/758 
f 853/1137/851 854/1138/852 852/1134/850 851/1133/849 
f 758/1139/756 853/1140/851 851/1136/849 759/1135/757 
f 850/1131/848 849/1130/847 855/1141/853 856/1142/854 
f 780/1132/778 850/1131/848 856/1142/854 781/1143/779 
f 857/1144/855 858/1145/856 854/1138/852 853/1137/851 
f 757/1146/755 857/1147/855 853/1140/851 758/1139/756 
f 859/1148/857 860/1149/858 858/1145/856 857/1144/855 
f 756/1150/754 859/1151/857 857/1147/855 757/1146/755 
f 856/1152/854 855/1153/853 861/1154/859 862/1155/860 
f 781/1143/779 856/1142/854 862/1156/860 782/1157/780 
f 863/1158/861 864/1159/862 860/1149/858 859/1148/857 
f 755/1160/753 863/1161/861 859/1151/857 756/1150/754 
f 865/1162/863 866/1163/864 864/1159/862 863/1158/861 
f 754/1164/752 865/1165/863 863/1161/861 755/1160/753 
f 862/1155/860 861/1154/859 867/1166/865 868/1167/866 
f 782/1157/780 862/1156/860 868/1168/866 783/1169/781 
f 869/1170/867 870/1171/868 866/1163/864 865/1162/863 
f 753/1172/751 869/1173/867 865/1165/863 754/1164/752 
f 868/1167/866 867/1166/865 871/1174/869 872/1175/870 
f 783/1169/781 868/1168/866 872/1176/870 784/1177/782 
f 873/1178/871 874/1179/872 870/1171/868 869/1170/867 
f 752/1180/750 873/1181/871 869/1173/867 753/1172/751 
f 872/1175/870 871/1174/869 875/1182/873 876/1183/874 
f 784/1177/782 872/1176/870 876/1184/874 785/1185/783 
f 876/1183/874 875/1182/873 877/1186/875 878/1187/876 
f 785/1185/783 876/1184/874 878/1188/876 786/1189/784 
f 879/1190/877 880/1191/878 874/1179/872 873/1178/871 
f 751/1192/749 879/1193/877 873/1181/871 752/1180/750 
f 878/1187/876 877/1186/875 881/1194/879 882/1195/880 
f 786/1189/784 878/1188/876 882/1196/880 787/1197/785 
f 883/1198/881 884/1199/882 880/1191/878 879/1190/877 
f 750/1200/748 883/1201/881 879/1193/877 751/1192/749 
f 882/1195/880 881/1194/879 885/1202/883 886/1203/884 
f 787/1197/785 882/1196/880 886/1204/884 788/1205/786 
f 886/1203/884 885/1202/883 887/1206/885 888/1207/886 
f 788/1205/786 886/1204/884 888/1208/886 789/1209/787 
f 889/1210/887 890/1211/888 884/1199/882 883/1198/881 
f 749/1212/747 889/1213/887 883/1201/881 750/1200/748 
f 888/1207/886 887/1206/885 891/1214/889 892/1215/890 
f 789/1209/787 888/1208/886 892/1216/890 790/1217/788 
f 892/1215/890 891/1214/889 893/1218/891 894/1219/892 
f 790/1217/788 892/1216/890 894/1220/892 791/1221/789 
f 895/1222/893 896/1223/894 890/1211/888 889/1210/887 
f 748/1224/746 895/1225/893 889/1213/887 749/1212/747 
f 894/1219/892 893/1218/891 897/1226/895 898/1227/896 
f 791/1221/789 894/1220/892 898/1228/896 792/1229/790 
f 899/1230/897 900/1231/898 896/1223/894 895/1222/893 
f 747/1232/745 899/1233/897 895/1225/893 748/1224/746 
f 898/1227/896 897/1226/895 901/1234/899 902/1235/900 
f 792/1229/790 898/1228/896 902/1236/900 793/1237/791 
f 903/1238/901 904/1239/902 900/1231/898 899/1230/897 
f 746/1240/744 903/1241/901 899/1233/897 747/1232/745 
f 902/1235/900 901/1234/899 905/1242/903 906/1243/904 
f 793/1237/791 902/1236/900 906/1244/904 794/1245/792 
f 907/1246/905 908/1247/906 904/1239/902 903/1238/901 
f 745/1248/743 907/1249/905 903/1241/901 746/1240/744 
f 906/1243/904 905/1242/903 909/1250/907 910/1251/908 
f 794/1245/792 906/1244/904 910/1252/908 795/1253/793 
f 911/1254/909 912/1255/910 908/1247/906 907/1246/905 
f 744/1256/742 911/1257/909 907/1249/905 745/1248/743 
f 910/1251/908 909/1250/907 913/1258/911 914/1259/912 
f 795/1253/793 910/1252/908 914/1260/912 796/1261/794 
f 915/1262/913 916/1263/914 912/1255/910 911/1254/909 
f 743/1264/741 915/1265/913 911/1257/909 744/1256/742 
f 917/1266/915 918/1267/916 916/1263/914 915/1262/913 
f 742/1268/740 917/1269/915 915/1265/913 743/1264/741 
f 914/1259/912 913/1258/911 919/1270/917 920/1271/918 
f 796/1261/794 914/1260/912 920/1272/918 797/1273/795 
f 921/1274/919 922/1275/920 918/1267/916 917/1266/915 
f 741/1276/739 921/1277/919 917/1269/915 742/1268/740 
f 923/1278/921 924/1279/922 922/1275/920 921/1274/919 
f 740/1280/738 923/1281/921 921/1277/919 741/1276/739 
f 920/1271/918 919/1270/917 925/1282/923 926/1283/924 
f 797/1273/795 920/1272/918 926/1284/924 798/1285/796 
f 927/1286/925 928/1287/926 924/1279/922 923/1278/921 
f 739/1288/737 927/1289/925 923/1281/921 740/1280/738 
f 926/1283/924 925/1282/923 929/1290/927 930/1291/928 
f 798/1285/796 926/1284/924 930/1292/928 799/1293/797 
f 931/1294/929 932/1295/930 928/1287/926 927/1286/925 
f 738/1296/736 931/1297/929 927/1289/925 739/1288/737 
f 933/1298/931 934/1299/932 932/1295/930 931/1294/929 
f 737/1300/735 933/1301/931 931/1297/929 738/1296/736 
f 930/1291/928 929/1290/927 935/1302/933 936/1303/934 
f 799/1293/797 930/1292/928 936/1304/934 800/1305/798 
f 937/1306/935 938/1307/936 934/1299/932 933/1298/931 
f 736/1308/734 937/1309/935 933/1301/931 737/1300/735 
f 936/1304/934 935/1310/933 939/1311/937 940/1312/938 
f 800/1305/798 936/1304/934 940/1312/938 801/1313/799 
f 941/1314/939 942/1315/940 938/1307/936 937/1306/935 
f 735/1316/733 941/1317/939 937/1309/935 736/1308/734 
f 943/1318/941 944/1319/942 942/1315/940 941/1314/939 
f 734/1320/732 943/1321/941 941/1317/939 735/1316/733 
f 940/1312/938 939/1311/937 945/1322/943 946/1323/944 
f 801/1313/799 940/1312/938 946/1323/944 802/1324/800 
f 947/1325/945 948/1326/946 944/1319/942 943/1318/941 
f 733/1327/731 947/1328/945 943/1321/941 734/1320/732 
f 949/1329/947 950/1330/948 948/1326/946 947/1325/945 
f 732/1331/730 949/1332/947 947/1328/945 733/1327/731 
f 946/1333/944 945/1334/943 951/1335/949 952/1336/950 
f 802/1324/800 946/1323/944 952/1337/950 803/1338/801 
f 953/1339/951 954/1340/952 950/1330/948 949/1329/947 
f 731/1341/729 953/1342/951 949/1332/947 732/1331/730 
f 955/1343/953 956/1344/954 954/1340/952 953/1339/951 
f 730/1345/728 955/1346/953 953/1342/951 731/1341/729 
f 957/1347/955 958/1348/956 956/1344/954 955/1343/953 
f 729/1349/727 957/1350/955 955/1346/953 730/1345/728 
f 959/1351/957 960/1352/958 958/1348/956 957/1347/955 
f 728/1353/726 959/1354/957 957/1350/955 729/1349/727 
f 961/1355/959 962/1356/960 960/1352/958 959/1351/957 
f 727/1357/725 961/1358/959 959/1354/957 728/1353/726 
f 963/1359/961 964/1360/962 962/1356/960 961/1355/959 
f 726/1361/724 963/1362/961 961/1358/959 727/1357/725 
f 965/1363/963 966/1364/964 964/1360/962 963/1359/961 
f 725/1365/723 965/1366/963 963/1367/961 726/1368/724 
f 967/1369/965 968/1370/966 966/1364/964 965/1363/963 
f 724/1371/722 967/1372/965 965/1366/963 725/1365/723 
f 969/1373/967 970/1374/968 968/1370/966 967/1369/965 
f 723/1375/721 969/1376/967 967/1372/965 724/1371/722 
f 971/1377/969 972/1378/970 970/1374/968 969/1373/967 
f 722/1379/720 971/1380/969 969/1376/967 723/1375/721 
f 973/1381/971 974/1382/972 972/1378/970 971/1377/969 
f 721/1383/719 973/1384/971 971/1380/969 722/1379/720 
f 975/1385/973 976/1386/974 974/1382/972 973/1381/971 
f 720/1387/718 975/1388/973 973/1384/971 721/1383/719 
f 977/1389/975 978/1390/976 976/1386/974 975/1385/973 
f 719/1391/717 977/1392/975 975/1388/973 720/1387/718 
f 979/1393/977 980/1394/978 978/1390/976 977/1389/975 
f 718/1395/716 979/1396/977 977/1392/975 719/1391/717 
f 981/1397/979 982/1398/980 980/1394/978 979/1393/977 
f 717/1399/715 981/1400/979 979/1396/977 718/1395/716 
f 983/1401/981 984/1402/982 982/1398/980 981/1397/979 
f 716/1403/714 983/1404/981 981/1400/979 717/1399/715 
f 952/1336/950 951/1335/949 985/1405/983 986/1406/984 
f 803/1338/801 952/1337/950 986/1407/984 804/1408/802 
f 987/1409/985 988/1410/986 984/1402/982 983/1401/981 
f 715/1411/713 987/1412/985 983/1413/981 716/1414/714 
f 986/1406/984 985/1405/983 989/1415/987 990/1416/988 
f 804/1408/802 986/1407/984 990/1417/988 805/1418/803 
f 990/1416/988 989/1415/987 991/1419/989 992/1420/990 
f 805/1418/803 990/1417/988 992/1421/990 806/1422/804 
f 993/1423/991 994/1424/992 988/1410/986 987/1409/985 
f 714/1425/712 993/1426/991 987/1412/985 715/1411/713 
f 992/1421/990 991/1427/989 995/1428/993 996/1429/994 
f 806/1422/804 992/1421/990 996/1429/994 807/1430/805 
f 997/1431/995 998/1432/996 994/1424/992 993/1423/991 
f 713/1433/711 997/1434/995 993/1426/991 714/1425/712 
f 996/1435/994 995/1436/993 999/1437/997 1000/1438/998 
f 807/1430/805 996/1429/994 1000/1439/998 808/1440/806 
f 1001/1441/999 1002/1442/1000 998/1432/996 997/1431/995 
f 712/1443/710 1001/1444/999 997/1434/995 713/1433/711 
f 1003/1445/1001 1004/1446/1002 1002/1442/1000 1001/1441/999 
f 711/1447/709 1003/1448/1001 1001/1444/999 712/1443/710 
f 1000/1438/998 999/1437/997 1005/1449/1003 1006/1450/1004 
f 808/1440/806 1000/1439/998 1006/1451/1004 708/1452/706 
f 1007/1453/1005 1008/1454/1006 1004/1446/1002 1003/1445/1001 
f 710/1455/708 1007/1456/1005 1003/1448/1001 711/1447/709 
f 1006/1450/1004 1005/1449/1003 1009/1457/1007 1010/1458/1008 
f 708/1452/706 1006/1451/1004 1010/1459/1008 709/1460/707 
f 1010/1458/1008 1009/1457/1007 1008/1454/1006 1007/1453/1005 
f 709/1460/707 1010/1459/1008 1007/1456/1005 710/1455/708 
s 8
f 810/1046/808 1011/1461/1009 1012/1462/1010 811/1047/809 
f 811/1047/809 1012/1462/1010 1013/1463/1011 813/1464/811 
f 813/1464/811 1013/1463/1011 1014/1465/1012 817/1466/815 
f 817/1466/815 1014/1465/1012 1015/1467/1013 819/1468/817 
f 819/1468/817 1015/1467/1013 1016/1469/1014 821/1470/819 
f 821/1470/819 1016/1469/1014 1017/1471/1015 823/1472/821 
f 823/1472/821 1017/1471/1015 1018/1473/1016 825/1474/823 
f 825/1474/823 1018/1473/1016 1019/1475/1017 827/1476/825 
f 827/1476/825 1019/1475/1017 1020/1477/1018 829/1478/827 
f 829/1478/827 1020/1477/1018 1021/1479/1019 831/1480/829 
f 831/1480/829 1021/1479/1019 1022/1481/1020 833/1482/831 
f 833/1482/831 1022/1481/1020 1023/1483/1021 837/1484/835 
f 837/1484/835 1023/1483/1021 1024/1485/1022 839/1486/837 
f 839/1486/837 1024/1485/1022 1025/1487/1023 841/1488/839 
f 841/1488/839 1025/1487/1023 1026/1489/1024 843/1490/841 
f 843/1490/841 1026/1489/1024 1027/1491/1025 845/1492/843 
f 845/1492/843 1027/1491/1025 1028/1493/1026 849/1494/847 
f 849/1494/847 1028/1493/1026 1029/1495/1027 855/1153/853 
f 855/1153/853 1029/1495/1027 1030/1496/1028 861/1154/859 
f 861/1154/859 1030/1496/1028 1031/1497/1029 867/1166/865 
f 867/1166/865 1031/1497/1029 1032/1498/1030 871/1174/869 
f 871/1174/869 1032/1498/1030 1033/1499/1031 875/1182/873 
f 875/1182/873 1033/1499/1031 1034/1500/1032 877/1186/875 
f 877/1186/875 1034/1500/1032 1035/1501/1033 881/1194/879 
f 881/1194/879 1035/1501/1033 1036/1502/1034 885/1202/883 
f 885/1202/883 1036/1502/1034 1037/1503/1035 887/1206/885 
f 887/1206/885 1037/1503/1035 1038/1504/1036 891/1214/889 
f 891/1214/889 1038/1504/1036 1039/1505/1037 893/1218/891 
f 893/1218/891 1039/1505/1037 1040/1506/1038 897/1226/895 
f 897/1226/895 1040/1506/1038 1041/1507/1039 901/1234/899 
f 901/1234/899 1041/1507/1039 1042/1508/1040 905/1242/903 
f 905/1242/903 1042/1508/1040 1043/1509/1041 909/1250/907 
f 909/1250/907 1043/1509/1041 1044/1510/1042 913/1258/911 
f 913/1258/911 1044/1510/1042 1045/1511/1043 919/1270/917 
f 919/1270/917 1045/1511/1043 1046/1512/1044 925/1282/923 
f 925/1282/923 1046/1512/1044 1047/1513/1045 929/1290/927 
f 929/1290/927 1047/1513/1045 1048/1514/1046 935/1302/933 
f 935/1302/933 1048/1514/1046 1049/1515/1047 939/1516/937 
f 939/1516/937 1049/1515/1047 1050/1517/1048 945/1518/943 
f 945/1518/943 1050/1517/1048 1051/1519/1049 951/1520/949 
f 951/1520/949 1051/1519/1049 1052/1521/1050 985/1522/983 
f 985/1522/983 1052/1521/1050 1053/1523/1051 989/1524/987 
f 989/1524/987 1053/1523/1051 1054/1525/1052 991/1526/989 
f 991/1526/989 1054/1525/1052 1055/1527/1053 995/1436/993 
f 995/1436/993 1055/1527/1053 1056/1528/1054 999/1437/997 
f 999/1437/997 1056/1528/1054 1057/1529/1055 1005/1449/1003 
f 1005/1449/1003 1057/1529/1055 1058/1530/1056 1009/1457/1007 
f 1009/1457/1007 1058/1530/1056 1059/1531/1057 1008/1454/1006 
f 1008/1454/1006 1059/1531/1057 1060/1532/1058 1004/1446/1002 
f 1004/1446/1002 1060/1532/1058 1061/1533/1059 1002/1442/1000 
f 1002/1442/1000 1061/1533/1059 1062/1534/1060 998/1432/996 
f 998/1432/996 1062/1534/1060 1063/1535/1061 994/1424/992 
f 994/1424/992 1063/1535/1061 1064/1536/1062 988/1410/986 
f 988/1410/986 1064/1536/1062 1065/1537/1063 984/1402/982 
f 984/1402/982 1065/1537/1063 1066/1538/1064 982/1398/980 
f 982/1398/980 1066/1538/1064 1067/1539/1065 980/1394/978 
f 980/1394/978 1067/1539/1065 1068/1540/1066 978/1390/976 
f 978/1390/976 1068/1540/1066 1069/1541/1067 976/1386/974 
f 976/1386/974 1069/1541/1067 1070/1542/1068 974/1382/972 
f 974/1382/972 1070/1542/1068 1071/1543/1069 972/1378/970 
f 972/1378/970 1071/1543/1069 1072/1544/1070 970/1374/968 
f 970/1374/968 1072/1544/1070 1073/1545/1071 968/1370/966 
f 968/1370/966 1073/1545/1071 1074/1546/1072 966/1364/964 
f 966/1364/964 1074/1546/1072 1075/1547/1073 964/1360/962 
f 964/1360/962 1075/1547/1073 1076/1548/1074 962/1356/960 
f 962/1356/960 1076/1548/1074 1077/1549/1075 960/1352/958 
f 960/1352/958 1077/1549/1075 1078/1550/1076 958/1348/956 
f 958/1348/956 1078/1550/1076 1079/1551/1077 956/1344/954 
f 956/1344/954 1079/1551/1077 1080/1552/1078 954/1340/952 
f 954/1340/952 1080/1552/1078 1081/1553/1079 950/1330/948 
f 950/1330/948 1081/1553/1079 1082/1554/1080 948/1326/946 
f 948/1326/946 1082/1554/1080 1083/1555/1081 944/1319/942 
f 944/1319/942 1083/1555/1081 1084/1556/1082 942/1315/940 
f 942/1315/940 1084/1556/1082 1085/1557/1083 938/1307/936 
f 938/1307/936 1085/1557/1083 1086/1558/1084 934/1299/932 
f 934/1299/932 1086/1558/1084 1087/1559/1085 932/1295/930 
f 932/1295/930 1087/1559/1085 1088/1560/1086 928/1287/926 
f 928/1287/926 1088/1560/1086 1089/1561/1087 924/1279/922 
f 924/1279/922 1089/1561/1087 1090/1562/1088 922/1275/920 
f 922/1275/920 1090/1562/1088 1091/1563/1089 918/1267/916 
f 918/1267/916 1091/1563/1089 1092/1564/1090 916/1263/914 
f 916/1263/914 1092/1564/1090 1093/1565/1091 912/1255/910 
f 912/1255/910 1093/1565/1091 1094/1566/1092 908/1247/906 
f 908/1247/906 1094/1566/1092 1095/1567/1093 904/1239/902 
f 904/1239/902 1095/1567/1093 1096/1568/1094 900/1231/898 
f 900/1231/898 1096/1568/1094 1097/1569/1095 896/1223/894 
f 896/1223/894 1097/1569/1095 1098/1570/1096 890/1211/888 
f 890/1211/888 1098/1570/1096 1099/1571/1097 884/1199/882 
f 884/1199/882 1099/1571/1097 1100/1572/1098 880/1191/878 
f 880/1191/878 1100/1572/1098 1101/1573/1099 874/1179/872 
f 874/1179/872 1101/1573/1099 1102/1574/1100 870/1171/868 
f 870/1171/868 1102/1574/1100 1103/1575/1101 866/1163/864 
f 866/1163/864 1103/1575/1101 1104/1576/1102 864/1159/862 
f 864/1159/862 1104/1576/1102 1105/1577/1103 860/1149/858 
f 860/1149/858 1105/1577/1103 1106/1578/1104 858/1145/856 
f 858/1145/856 1106/1578/1104 1107/1579/1105 854/1138/852 
f 854/1138/852 1107/1579/1105 1108/1580/1106 852/1134/850 
f 852/1134/850 1108/1580/1106 1109/1581/1107 848/1126/846 
f 848/1126/846 1109/1581/1107 1110/1582/1108 836/1102/834 
f 836/1102/834 1110/1582/1108 1111/1583/1109 816/1060/814 
f 816/1060/814 1111/1583/1109 1011/1461/1009 810/1046/808 
f 1011/1461/1009 1112/1584/1110 1113/1585/1111 1012/1462/1010 
f 1012/1462/1010 1113/1585/1111 1114/1586/1112 1013/1463/1011 
f 1013/1463/1011 1114/1586/1112 1115/1587/1113 1014/1465/1012 
f 1014/1465/1012 1115/1587/1113 1116/1588/1114 1015/1467/1013 
f 1015/1467/1013 1116/1588/1114 1117/1589/1115 1016/1469/1014 
f 1016/1469/1014 1117/1589/1115 1118/1590/1116 1017/1471/1015 
f 1017/1471/1015 1118/1590/1116 1119/1591/1117 1018/1473/1016 
f 1018/1473/1016 1119/1591/1117 1120/1592/1118 1019/1475/1017 
f 1019/1475/1017 1120/1592/1118 1121/1593/1119 1020/1477/1018 
f 1020/1477/1018 1121/1593/1119 1122/1594/1120 1021/1479/1019 
f 1021/1479/1019 1122/1594/1120 1123/1595/1121 1022/1481/1020 
f 1022/1481/1020 1123/1595/1121 1124/1596/1122 1023/1483/1021 
f 1023/1483/1021 1124/1596/1122 1125/1597/1123 1024/1485/1022 
f 1024/1485/1022 1125/1597/1123 1126/1598/1124 1025/1487/1023 
f 1025/1487/1023 1126/1598/1124 1127/1599/1125 1026/1489/1024 
f 1026/1489/1024 1127/1599/1125 1128/1600/1126 1027/1491/1025 
f 1027/1491/1025 1128/1600/1126 1129/1601/1127 1028/1493/1026 
f 1028/1493/1026 1129/1601/1127 1130/1602/1128 1029/1495/1027 
f 1029/1495/1027 1130/1602/1128 1131/1603/1129 1030/1496/1028 
f 1030/1496/1028 1131/1603/1129 1132/1604/1130 1031/1497/1029 
f 1031/1497/1029 1132/1604/1130 1133/1605/1131 1032/1498/1030 
f 1032/1498/1030 1133/1605/1131 1134/1606/1132 1033/1499/1031 
f 1033/1499/1031 1134/1606/1132 1135/1607/1133 1034/1500/1032 
f 1034/1500/1032 1135/1607/1133 1136/1608/1134 1035/1501/1033 
f 1035/1501/1033 1136/1608/1134 1137/1609/1135 1036/1502/1034 
f 1036/1502/1034 1137/1609/1135 1138/1610/1136 1037/1503/1035 
f 1037/1503/1035 1138/1610/1136 1139/1611/1137 1038/1504/1036 
f 1038/1504/1036 1139/1611/1137 1140/1612/1138 1039/1505/1037 
f 1039/1505/1037 1140/1612/1138 1141/1613/1139 1040/1506/1038 
f 1040/1506/1038 1141/1613/1139 1142/1614/1140 1041/1507/1039 
f 1041/1507/1039 1142/1614/1140 1143/1615/1141 1042/1508/1040 
f 1042/1508/1040 1143/1615/1141 1144/1616/1142 1043/1509/1041 
f 1043/1509/1041 1144/1616/1142 1145/1617/1143 1044/1510/1042 
f 1044/1510/1042 1145/1617/1143 1146/1618/1144 1045/1511/1043 
f 1045/1511/1043 1146/1618/1144 1147/1619/1145 1046/1512/1044 
f 1046/1512/1044 1147/1619/1145 1148/1620/1146 1047/1513/1045 
f 1047/1513/1045 1148/1620/1146 1149/1621/1147 1048/1514/1046 
f 1048/1514/1046 1149/1621/1147 1150/1622/1148 1049/1515/1047 
f 1049/1515/1047 1150/1622/1148 1151/1623/1149 1050/1517/1048 
f 1050/1517/1048 1151/1623/1149 1152/1624/1150 1051/1519/1049 
f 1051/1519/1049 1152/1624/1150 1153/1625/1151 1052/1521/1050 
f 1052/1521/1050 1153/1625/1151 1154/1626/1152 1053/1523/1051 
f 1053/1523/1051 1154/1626/1152 1155/1627/1153 1054/1525/1052 
f 1054/1525/1052 1155/1627/1153 1156/1628/1154 1055/1527/1053 
f 1055/1527/1053 1156/1628/1154 1157/1629/1155 1056/1528/1054 
f 1056/1528/1054 1157/1629/1155 1158/1630/1156 1057/1529/1055 
f 1057/1529/1055 1158/1630/1156 1159/1631/1157 1058/1530/1056 
f 1058/1530/1056 1159/1631/1157 1160/1632/1158 1059/1531/1057 
f 1059/1531/1057 1160/1632/1158 1161/1633/1159 1060/1532/1058 
f 1060/1532/1058 1161/1633/1159 1162/1634/1160 1061/1533/1059 
f 1061/1533/1059 1162/1634/1160 1163/1635/1161 1062/1534/1060 
f 1062/1534/1060 1163/1635/1161 1164/1636/1162 1063/1535/1061 
f 1063/1535/1061 1164/1636/1162 1165/1637/1163 1064/1536/1062 
f 1064/1536/1062 1165/1637/1163 1166/1638/1164 1065/1537/1063 
f 1065/1537/1063 1166/1638/1164 1167/1639/1165 1066/1538/1064 
f 1066/1538/1064 1167/1639/1165 1168/1640/1166 1067/1539/1065 
f 1067/1539/1065 1168/1640/1166 1169/1641/1167 1068/1540/1066 
f 1068/1540/1066 1169/1641/1167 1170/1642/1168 1069/1541/1067 
f 1069/1541/1067 1170/1642/1168 1171/1643/1169 1070/1542/1068 
f 1070/1542/1068 1171/1643/1169 1172/1644/1170 1071/1543/1069 
f 1071/1543/1069 1172/1644/1170 1173/1645/1171 1072/1544/1070 
f 1072/1544/1070 1173/1645/1171 1174/1646/1172 1073/1545/1071 
f 1073/1545/1071 1174/1646/1172 1175/1647/1173 1074/1546/1072 
f 1074/1546/1072 1175/1647/1173 1176/1648/1174 1075/1547/1073 
f 1075/1547/1073 1176/1648/1174 1177/1649/1175 1076/1548/1074 
f 1076/1548/1074 1177/1649/1175 1178/1650/1176 1077/1549/1075 
f 1077/1549/1075 1178/1650/1176 1179/1651/1177 1078/1550/1076 
f 1078/1550/1076 1179/1651/1177 1180/1652/1178 1079/1551/1077 
f 1079/1551/1077 1180/1652/1178 1181/1653/1179 1080/1552/1078 
f 1080/1552/1078 1181/1653/1179 1182/1654/1180 1081/1553/1079 
f 1081/1553/1079 1182/1654/1180 1183/1655/1181 1082/1554/1080 
f 1082/1554/1080 1183/1655/1181 1184/1656/1182 1083/1555/1081 
f 1083/1555/1081 1184/1656/1182 1185/1657/1183 1084/1556/1082 
f 1084/1556/1082 1185/1657/1183 1186/1658/1184 1085/1557/1083 
f 1085/1557/1083 1186/1658/1184 1187/1659/1185 1086/1558/1084 
f 1086/1558/1084 1187/1659/1185 1188/1660/1186 1087/1559/1085 
f 1087/1559/1085 1188/1660/1186 1189/1661/1187 1088/1560/1086 
f 1088/1560/1086 1189/1661/1187 1190/1662/1188 1089/1561/1087 
f 1089/1561/1087 1190/1662/1188 1191/1663/1189 1090/1562/1088 
f 1090/1562/1088 1191/1663/1189 1192/1664/1190 1091/1563/1089 
f 1091/1563/1089 1192/1664/1190 1193/1665/1191 1092/1564/1090 
f 1092/1564/1090 1193/1665/1191 1194/1666/1192 1093/1565/1091 
f 1093/1565/1091 1194/1666/1192 1195/1667/1193 1094/1566/1092 
f 1094/1566/1092 1195/1667/1193 1196/1668/1194 1095/1567/1093 
f 1095/1567/1093 1196/1668/1194 1197/1669/1195 1096/1568/1094 
f 1096/1568/1094 1197/1669/1195 1198/1670/1196 1097/1569/1095 
f 1097/1569/1095 1198/1670/1196 1199/1671/1197 1098/1570/1096 
f 1098/1570/1096 1199/1671/1197 1200/1672/1198 1099/1571/1097 
f 1099/1571/1097 1200/1672/1198 1201/1673/1199 1100/1572/1098 
f 1100/1572/1098 1201/1673/1199 1202/1674/1200 1101/1573/1099 
f 1101/1573/1099 1202/1674/1200 1203/1675/1201 1102/1574/1100 
f 1102/1574/1100 1203/1675/1201 1204/1676/1202 1103/1575/1101 
f 1103/1575/1101 1204/1676/1202 1205/1677/1203 1104/1576/1102 
f 1104/1576/1102 1205/1677/1203 1206/1678/1204 1105/1577/1103 
f 1105/1577/1103 1206/1678/1204 1207/1679/1205 1106/1578/1104 
f 1106/1578/1104 1207/1679/1205 1208/1680/1206 1107/1579/1105 
f 1107/1579/1105 1208/1680/1206 1209/1681/1207 1108/1580/1106 
f 1108/1580/1106 1209/1681/1207 1210/1682/1208 1109/1581/1107 
f 1109/1581/1107 1210/1682/1208 1211/1683/1209 1110/1582/1108 
f 1110/1582/1108 1211/1683/1209 1212/1684/1210 1111/1583/1109 
f 1111/1583/1109 1212/1684/1210 1112/1584/1110 1011/1461/1009 
f 1112/1584/1110 655/891/654 654/890/653 1113/1585/1111 
f 1113/1585/1111 654/890/653 653/889/652 1114/1586/1112 
f 1114/1586/1112 653/889/652 652/888/651 1115/1587/1113 
f 1115/1587/1113 652/888/651 651/887/650 1116/1588/1114 
f 1116/1588/1114 651/887/650 650/886/649 1117/1589/1115 
f 1117/1589/1115 650/886/649 649/885/648 1118/1590/1116 
f 1118/1590/1116 649/885/648 648/884/647 1119/1591/1117 
f 1119/1591/1117 648/884/647 647/883/646 1120/1592/1118 
f 1120/1592/1118 647/883/646 646/882/645 1121/1593/1119 
f 1121/1593/1119 646/882/645 645/881/644 1122/1594/1120 
f 1122/1594/1120 645/881/644 644/880/643 1123/1595/1121 
f 1123/1595/1121 644/880/643 643/879/642 1124/1596/1122 
f 1124/1596/1122 643/879/642 642/878/641 1125/1597/1123 
f 1125/1597/1123 642/878/641 641/877/640 1126/1598/1124 
f 1126/1598/1124 641/877/640 640/876/639 1127/1599/1125 
f 1127/1599/1125 640/876/639 639/875/638 1128/1600/1126 
f 1128/1600/1126 639/875/638 638/874/637 1129/1601/1127 
f 1129/1601/1127 638/874/637 637/873/636 1130/1602/1128 
f 1130/1602/1128 637/873/636 636/872/635 1131/1603/1129 
f 1131/1603/1129 636/872/635 635/871/634 1132/1604/1130 
f 1132/1604/1130 635/871/634 634/870/633 1133/1605/1131 
f 1133/1605/1131 634/870/633 633/869/632 1134/1606/1132 
f 1134/1606/1132 633/869/632 632/868/631 1135/1607/1133 
f 1135/1607/1133 632/868/631 631/867/630 1136/1608/1134 
f 1136/1608/1134 631/867/630 630/866/629 1137/1609/1135 
f 1137/1609/1135 630/866/629 629/865/628 1138/1610/1136 
f 1138/1610/1136 629/865/628 628/864/627 1139/1611/1137 
f 1139/1611/1137 628/864/627 627/863/626 1140/1612/1138 
f 1140/1612/1138 627/863/626 626/862/625 1141/1613/1139 
f 1141/1613/1139 626/862/625 625/861/624 1142/1614/1140 
f 1142/1614/1140 625/861/624 624/860/623 1143/1615/1141 
f 1143/1615/1141 624/860/623 623/859/622 1144/1616/1142 
f 1144/1616/1142 623/859/622 622/858/621 1145/1617/1143 
f 1145/1617/1143 622/858/621 621/857/620 1146/1618/1144 
f 1146/1618/1144 621/857/620 620/856/619 1147/1619/1145 
f 1147/1619/1145 620/856/619 619/855/618 1148/1620/1146 
f 1148/1620/1146 619/855/618 618/854/617 1149/1621/1147 
f 1149/1621/1147 618/854/617 617/853/616 1150/1622/1148 
f 1150/1622/1148 617/853/616 616/852/615 1151/1623/1149 
f 1151/1623/1149 616/852/615 615/851/614 1152/1624/1150 
f 1152/1624/1150 615/851/614 614/850/613 1153/1625/1151 
f 1153/1625/1151 614/850/613 613/849/612 1154/1626/1152 
f 1154/1626/1152 613/849/612 612/848/611 1155/1627/1153 
f 1155/1627/1153 612/848/611 611/847/610 1156/1628/1154 
f 1156/1628/1154 611/847/610 610/846/609 1157/1629/1155 
f 1157/1629/1155 610/846/609 609/845/608 1158/1630/1156 
f 1158/1630/1156 609/845/608 608/844/607 1159/1631/1157 
f 1159/1631/1157 608/844/607 607/843/606 1160/1632/1158 
f 1160/1632/1158 607/843/606 707/943/705 1161/1633/1159 
f 1161/1633/1159 707/943/705 706/942/704 1162/1634/1160 
f 1162/1634/1160 706/942/704 705/941/703 1163/1635/1161 
f 1163/1635/1161 705/941/703 704/940/702 1164/1636/1162 
f 1164/1636/1162 704/940/702 703/939/701 1165/1637/1163 
f 1165/1637/1163 703/939/701 702/938/700 1166/1638/1164 
f 1166/1638/1164 702/938/700 701/937/699 1167/1639/1165 
f 1167/1639/1165 701/937/699 700/936/698 1168/1640/1166 
f 1168/1640/1166 700/936/698 699/935/697 1169/1641/1167 
f 1169/1641/1167 699/935/697 698/934/696 1170/1642/1168 
f 1170/1642/1168 698/934/696 697/933/695 1171/1643/1169 
f 1171/1643/1169 697/933/695 696/932/694 1172/1644/1170 
f 1172/1644/1170 696/932/694 695/931/693 1173/1645/1171 
f 1173/1645/1171 695/931/693 694/930/692 1174/1646/1172 
f 1174/1646/1172 694/930/692 693/929/691 1175/1647/1173 
f 1175/1647/1173 693/929/691 692/928/690 1176/1648/1174 
f 1176/1648/1174 692/928/690 691/927/689 1177/1649/1175 
f 1177/1649/1175 691/927/689 690/926/688 1178/1650/1176 
f 1178/1650/1176 690/926/688 689/925/687 1179/1651/1177 
f 1179/1651/1177 689/925/687 688/924/686 1180/1652/1178 
f 1180/1652/1178 688/924/686 687/923/685 1181/1653/1179 
f 1181/1653/1179 687/923/685 686/922/684 1182/1654/1180 
f 1182/1654/1180 686/922/684 685/921/683 1183/1655/1181 
f 1183/1655/1181 685/921/683 684/920/682 1184/1656/1182 
f 1184/1656/1182 684/920/682 683/919/681 1185/1657/1183 
f 1185/1657/1183 683/919/681 682/918/680 1186/1658/1184 
f 1186/1658/1184 682/918/680 681/917/679 1187/1659/1185 
f 1187/1659/1185 681/917/679 680/916/678 1188/1660/1186 
f 1188/1660/1186 680/916/678 679/915/677 1189/1661/1187 
f 1189/1661/1187 679/915/677 678/914/676 1190/1662/1188 
f 1190/1662/1188 678/914/676 677/913/675 1191/1663/1189 
f 1191/1663/1189 677/913/675 676/912/674 1192/1664/1190 
f 1192/1664/1190 676/912/674 675/911/673 1193/1665/1191 
f 1193/1665/1191 675/911/673 674/910/672 1194/1666/1192 
f 1194/1666/1192 674/910/672 673/909/671 1195/1667/1193 
f 1195/1667/1193 673/909/671 672/908/670 1196/1668/1194 
f 1196/1668/1194 672/908/670 671/907/669 1197/1669/1195 
f 1197/1669/1195 671/907/669 670/906/668 1198/1670/1196 
f 1198/1670/1196 670/906/668 669/905/667 1199/1671/1197 
f 1199/1671/1197 669/905/667 668/904/666 1200/1672/1198 
f 1200/1672/1198 668/904/666 667/903/665 1201/1673/1199 
f 1201/1673/1199 667/903/665 666/902/664 1202/1674/1200 
f 1202/1674/1200 666/902/664 665/901/663 1203/1675/1201 
f 1203/1675/1201 665/901/663 664/900/663 1204/1676/1202 
f 1204/1676/1202 664/900/663 663/899/662 1205/1677/1203 
f 1205/1677/1203 663/899/662 662/898/661 1206/1678/1204 
f 1206/1678/1204 662/898/661 661/897/660 1207/1679/1205 
f 1207/1679/1205 661/897/660 660/896/659 1208/1680/1206 
f 1208/1680/1206 660/896/659 659/895/658 1209/1681/1207 
f 1209/1681/1207 659/895/658 658/894/657 1210/1682/1208 
f 1210/1682/1208 658/894/657 657/893/656 1211/1683/1209 
f 1211/1683/1209 657/893/656 656/892/655 1212/1684/1210 
f 1212/1684/1210 656/892/655 655/891/654 1112/1584/1110 
# 1014 polygons

#
# object Cylinder01
#

v  19.0583 1.8243 25.4517
v  18.9404 1.8188 25.4655
v  18.9596 1.4190 25.4720
v  19.0775 1.4244 25.4582
v  18.8249 1.8128 25.4380
v  18.8442 1.4130 25.4446
v  18.7258 1.8070 25.3727
v  18.7451 1.4072 25.3792
v  18.6550 1.8020 25.2774
v  18.6743 1.4022 25.2839
v  18.6211 1.7986 25.1636
v  18.6403 1.3987 25.1701
v  18.6281 1.7970 25.0450
v  18.6474 1.3971 25.0515
v  18.6752 1.7975 24.9359
v  18.6945 1.3976 24.9424
v  18.7568 1.8000 24.8495
v  18.7760 1.4001 24.8560
v  18.8629 1.8042 24.7962
v  18.8821 1.4043 24.8027
v  18.9808 1.8096 24.7824
v  19.0000 1.4098 24.7889
v  19.0963 1.8156 24.8098
v  19.1155 1.4158 24.8164
v  19.1954 1.8215 24.8751
v  19.2146 1.4216 24.8817
v  19.2661 1.8264 24.9704
v  19.2854 1.4266 24.9770
v  19.3001 1.8299 25.0843
v  19.3193 1.4301 25.0908
v  19.2931 1.8315 25.2029
v  19.3123 1.4317 25.2094
v  19.2459 1.8310 25.3120
v  19.2652 1.4312 25.3185
v  19.1644 1.8285 25.3984
v  19.1836 1.4287 25.4049
v  18.9789 1.0191 25.4785
v  19.0968 1.0246 25.4647
v  18.8634 1.0131 25.4511
v  18.7643 1.0073 25.3858
v  18.6935 1.0024 25.2905
v  18.6596 0.9989 25.1766
v  18.6666 0.9973 25.0580
v  18.7137 0.9978 24.9489
v  18.7952 1.0003 24.8625
v  18.9013 1.0045 24.8092
v  19.0192 1.0099 24.7955
v  19.1347 1.0159 24.8229
v  19.2338 1.0218 24.8882
v  19.3046 1.0267 24.9835
v  19.3385 1.0302 25.0973
v  19.3315 1.0318 25.2159
v  19.2844 1.0313 25.3250
v  19.2029 1.0288 25.4114
v  18.9981 0.6193 25.4850
v  19.1160 0.6247 25.4712
v  18.8826 0.6133 25.4576
v  18.7835 0.6075 25.3923
v  18.7127 0.6025 25.2970
v  18.6788 0.5990 25.1832
v  18.6858 0.5974 25.0645
v  18.7329 0.5979 24.9555
v  18.8145 0.6004 24.8691
v  18.9206 0.6047 24.8157
v  19.0385 0.6101 24.8020
v  19.1539 0.6161 24.8294
v  19.2530 0.6219 24.8947
v  19.3238 0.6269 24.9900
v  19.3578 0.6304 25.1038
v  19.3507 0.6320 25.2224
v  19.3036 0.6315 25.3315
v  19.2221 0.6290 25.4179
v  19.0173 0.2194 25.4915
v  19.1352 0.2249 25.4778
v  18.9018 0.2134 25.4641
v  18.8027 0.2076 25.3988
v  18.7320 0.2027 25.3035
v  18.6980 0.1992 25.1897
v  18.7050 0.1976 25.0711
v  18.7522 0.1981 24.9620
v  18.8337 0.2006 24.8756
v  18.9398 0.2048 24.8223
v  19.0577 0.2103 24.8085
v  19.1732 0.2163 24.8359
v  19.2723 0.2221 24.9012
v  19.3431 0.2270 24.9965
v  19.3770 0.2305 25.1104
v  19.3700 0.2321 25.2290
v  19.3229 0.2316 25.3380
v  19.2413 0.2291 25.4245
v  19.0365 -0.1804 25.4981
v  19.1544 -0.1750 25.4843
v  18.9211 -0.1864 25.4706
v  18.8220 -0.1922 25.4053
v  18.7512 -0.1972 25.3100
v  18.7173 -0.2007 25.1962
v  18.7243 -0.2023 25.0776
v  18.7714 -0.2018 24.9685
v  18.8529 -0.1993 24.8821
v  18.9590 -0.1950 24.8288
v  19.0769 -0.1896 24.8150
v  19.1924 -0.1836 24.8424
v  19.2915 -0.1778 24.9077
v  19.3623 -0.1728 25.0030
v  19.3962 -0.1693 25.1169
v  19.3892 -0.1677 25.2355
v  19.3421 -0.1682 25.3446
v  19.2606 -0.1707 25.4310
# 108 vertices

vn 0.2856 0.0294 0.9579
vn -0.0590 0.0134 0.9982
vn -0.3965 -0.0041 0.9180
vn -0.6861 -0.0211 0.7272
vn -0.8930 -0.0356 0.4486
vn -0.9922 -0.0458 0.1159
vn -0.9717 -0.0505 -0.2307
vn -0.8340 -0.0491 -0.5496
vn -0.5957 -0.0417 -0.8021
vn -0.2856 -0.0294 -0.9579
vn 0.0590 -0.0134 -0.9982
vn 0.3965 0.0041 -0.9180
vn 0.6861 0.0211 -0.7272
vn 0.8930 0.0356 -0.4486
vn 0.9922 0.0458 -0.1159
vn 0.9717 0.0505 0.2307
vn 0.8340 0.0491 0.5496
vn 0.5957 0.0417 0.8021
vn -0.0480 0.9987 -0.0163
vn 0.0480 -0.9987 0.0163
# 20 vertex normals

vt 0.7500 0.0000 1.0000
vt 0.8056 0.0000 1.0000
vt 0.8056 0.2000 1.0000
vt 0.7500 0.2000 1.0000
vt 0.8611 0.0000 1.0000
vt 0.8611 0.2000 1.0000
vt 0.9167 0.0000 1.0000
vt 0.9167 0.2000 1.0000
vt 0.9722 0.0000 1.0000
vt 0.9722 0.2000 1.0000
vt 1.0278 0.0000 1.0000
vt 1.0278 0.2000 1.0000
vt 0.0278 0.0000 1.0000
vt 0.0833 0.0000 1.0000
vt 0.0833 0.2000 1.0000
vt 0.0278 0.2000 1.0000
vt 0.1389 0.0000 1.0000
vt 0.1389 0.2000 1.0000
vt 0.1944 0.0000 1.0000
vt 0.1944 0.2000 1.0000
vt 0.2500 0.0000 1.0000
vt 0.2500 0.2000 1.0000
vt 0.3056 0.0000 1.0000
vt 0.3056 0.2000 1.0000
vt 0.3611 0.0000 1.0000
vt 0.3611 0.2000 1.0000
vt 0.4167 0.0000 1.0000
vt 0.4167 0.2000 1.0000
vt 0.4722 0.0000 1.0000
vt 0.4722 0.2000 1.0000
vt 0.5278 0.0000 1.0000
vt 0.5278 0.2000 1.0000
vt 0.5833 0.0000 1.0000
vt 0.5833 0.2000 1.0000
vt 0.6389 0.0000 1.0000
vt 0.6389 0.2000 1.0000
vt 0.6944 0.0000 1.0000
vt 0.6944 0.2000 1.0000
vt 0.8056 0.4000 1.0000
vt 0.7500 0.4000 1.0000
vt 0.8611 0.4000 1.0000
vt 0.9167 0.4000 1.0000
vt 0.9722 0.4000 1.0000
vt 1.0278 0.4000 1.0000
vt 0.0833 0.4000 1.0000
vt 0.0278 0.4000 1.0000
vt 0.1389 0.4000 1.0000
vt 0.1944 0.4000 1.0000
vt 0.2500 0.4000 1.0000
vt 0.3056 0.4000 1.0000
vt 0.3611 0.4000 1.0000
vt 0.4167 0.4000 1.0000
vt 0.4722 0.4000 1.0000
vt 0.5278 0.4000 1.0000
vt 0.5833 0.4000 1.0000
vt 0.6389 0.4000 1.0000
vt 0.6944 0.4000 1.0000
vt 0.8056 0.6000 1.0000
vt 0.7500 0.6000 1.0000
vt 0.8611 0.6000 1.0000
vt 0.9167 0.6000 1.0000
vt 0.9722 0.6000 1.0000
vt 1.0278 0.6000 1.0000
vt 0.0833 0.6000 1.0000
vt 0.0278 0.6000 1.0000
vt 0.1389 0.6000 1.0000
vt 0.1944 0.6000 1.0000
vt 0.2500 0.6000 1.0000
vt 0.3056 0.6000 1.0000
vt 0.3611 0.6000 1.0000
vt 0.4167 0.6000 1.0000
vt 0.4722 0.6000 1.0000
vt 0.5278 0.6000 1.0000
vt 0.5833 0.6000 1.0000
vt 0.6389 0.6000 1.0000
vt 0.6944 0.6000 1.0000
vt 0.8056 0.8000 1.0000
vt 0.7500 0.8000 1.0000
vt 0.8611 0.8000 1.0000
vt 0.9167 0.8000 1.0000
vt 0.9722 0.8000 1.0000
vt 1.0278 0.8000 1.0000
vt 0.0833 0.8000 1.0000
vt 0.0278 0.8000 1.0000
vt 0.1389 0.8000 1.0000
vt 0.1944 0.8000 1.0000
vt 0.2500 0.8000 1.0000
vt 0.3056 0.8000 1.0000
vt 0.3611 0.8000 1.0000
vt 0.4167 0.8000 1.0000
vt 0.4722 0.8000 1.0000
vt 0.5278 0.8000 1.0000
vt 0.5833 0.8000 1.0000
vt 0.6389 0.8000 1.0000
vt 0.6944 0.8000 1.0000
vt 0.8056 1.0000 1.0000
vt 0.7500 1.0000 1.0000
vt 0.8611 1.0000 1.0000
vt 0.9167 1.0000 1.0000
vt 0.9722 1.0000 1.0000
vt 1.0278 1.0000 1.0000
vt 0.0833 1.0000 1.0000
vt 0.0278 1.0000 1.0000
vt 0.1389 1.0000 1.0000
vt 0.1944 1.0000 1.0000
vt 0.2500 1.0000 1.0000
vt 0.3056 1.0000 1.0000
vt 0.3611 1.0000 1.0000
vt 0.4167 1.0000 1.0000
vt 0.4722 1.0000 1.0000
vt 0.5278 1.0000 1.0000
vt 0.5833 1.0000 1.0000
vt 0.6389 1.0000 1.0000
vt 0.6944 1.0000 1.0000
vt 0.1786 0.8830 -0.2500
vt 0.3290 0.9698 -0.2500
vt 0.5000 1.0000 -0.2500
vt 0.6710 0.9698 -0.2500
vt 0.8214 0.8830 -0.2500
vt 0.9330 0.7500 -0.2500
vt 0.9924 0.5868 -0.2500
vt 0.9924 0.4132 -0.2500
vt 0.9330 0.2500 -0.2500
vt 0.8214 0.1170 -0.2500
vt 0.6710 0.0302 -0.2500
vt 0.5000 0.0000 -0.2500
vt 0.3290 0.0302 -0.2500
vt 0.1786 0.1170 -0.2500
vt 0.0670 0.2500 -0.2500
vt 0.0076 0.4132 -0.2500
vt 0.0076 0.5868 -0.2500
vt 0.0670 0.7500 -0.2500
vt 0.9330 0.7500 0.2500
vt 0.8214 0.8830 0.2500
vt 0.6710 0.9698 0.2500
vt 0.5000 1.0000 0.2500
vt 0.3290 0.9698 0.2500
vt 0.1786 0.8830 0.2500
vt 0.0670 0.7500 0.2500
vt 0.0076 0.5868 0.2500
vt 0.0076 0.4132 0.2500
vt 0.0670 0.2500 0.2500
vt 0.1786 0.1170 0.2500
vt 0.3290 0.0302 0.2500
vt 0.5000 0.0000 0.2500
vt 0.6710 0.0302 0.2500
vt 0.8214 0.1170 0.2500
vt 0.9330 0.2500 0.2500
vt 0.9924 0.4132 0.2500
vt 0.9924 0.5868 0.2500
# 150 texture coords

g Cylinder01
usemtl 04___Default
s 8
f 1213/1685/1211 1214/1686/1212 1215/1687/1212 1216/1688/1211 
f 1214/1686/1212 1217/1689/1213 1218/1690/1213 1215/1687/1212 
f 1217/1689/1213 1219/1691/1214 1220/1692/1214 1218/1690/1213 
f 1219/1691/1214 1221/1693/1215 1222/1694/1215 1220/1692/1214 
f 1221/1693/1215 1223/1695/1216 1224/1696/1216 1222/1694/1215 
f 1223/1697/1216 1225/1698/1217 1226/1699/1217 1224/1700/1216 
f 1225/1698/1217 1227/1701/1218 1228/1702/1218 1226/1699/1217 
f 1227/1701/1218 1229/1703/1219 1230/1704/1219 1228/1702/1218 
f 1229/1703/1219 1231/1705/1220 1232/1706/1220 1230/1704/1219 
f 1231/1705/1220 1233/1707/1221 1234/1708/1221 1232/1706/1220 
f 1233/1707/1221 1235/1709/1222 1236/1710/1222 1234/1708/1221 
f 1235/1709/1222 1237/1711/1223 1238/1712/1223 1236/1710/1222 
f 1237/1711/1223 1239/1713/1224 1240/1714/1224 1238/1712/1223 
f 1239/1713/1224 1241/1715/1225 1242/1716/1225 1240/1714/1224 
f 1241/1715/1225 1243/1717/1226 1244/1718/1226 1242/1716/1225 
f 1243/1717/1226 1245/1719/1227 1246/1720/1227 1244/1718/1226 
f 1245/1719/1227 1247/1721/1228 1248/1722/1228 1246/1720/1227 
f 1247/1721/1228 1213/1685/1211 1216/1688/1211 1248/1722/1228 
f 1216/1688/1211 1215/1687/1212 1249/1723/1212 1250/1724/1211 
f 1215/1687/1212 1218/1690/1213 1251/1725/1213 1249/1723/1212 
f 1218/1690/1213 1220/1692/1214 1252/1726/1214 1251/1725/1213 
f 1220/1692/1214 1222/1694/1215 1253/1727/1215 1252/1726/1214 
f 1222/1694/1215 1224/1696/1216 1254/1728/1216 1253/1727/1215 
f 1224/1700/1216 1226/1699/1217 1255/1729/1217 1254/1730/1216 
f 1226/1699/1217 1228/1702/1218 1256/1731/1218 1255/1729/1217 
f 1228/1702/1218 1230/1704/1219 1257/1732/1219 1256/1731/1218 
f 1230/1704/1219 1232/1706/1220 1258/1733/1220 1257/1732/1219 
f 1232/1706/1220 1234/1708/1221 1259/1734/1221 1258/1733/1220 
f 1234/1708/1221 1236/1710/1222 1260/1735/1222 1259/1734/1221 
f 1236/1710/1222 1238/1712/1223 1261/1736/1223 1260/1735/1222 
f 1238/1712/1223 1240/1714/1224 1262/1737/1224 1261/1736/1223 
f 1240/1714/1224 1242/1716/1225 1263/1738/1225 1262/1737/1224 
f 1242/1716/1225 1244/1718/1226 1264/1739/1226 1263/1738/1225 
f 1244/1718/1226 1246/1720/1227 1265/1740/1227 1264/1739/1226 
f 1246/1720/1227 1248/1722/1228 1266/1741/1228 1265/1740/1227 
f 1248/1722/1228 1216/1688/1211 1250/1724/1211 1266/1741/1228 
f 1250/1724/1211 1249/1723/1212 1267/1742/1212 1268/1743/1211 
f 1249/1723/1212 1251/1725/1213 1269/1744/1213 1267/1742/1212 
f 1251/1725/1213 1252/1726/1214 1270/1745/1214 1269/1744/1213 
f 1252/1726/1214 1253/1727/1215 1271/1746/1215 1270/1745/1214 
f 1253/1727/1215 1254/1728/1216 1272/1747/1216 1271/1746/1215 
f 1254/1730/1216 1255/1729/1217 1273/1748/1217 1272/1749/1216 
f 1255/1729/1217 1256/1731/1218 1274/1750/1218 1273/1748/1217 
f 1256/1731/1218 1257/1732/1219 1275/1751/1219 1274/1750/1218 
f 1257/1732/1219 1258/1733/1220 1276/1752/1220 1275/1751/1219 
f 1258/1733/1220 1259/1734/1221 1277/1753/1221 1276/1752/1220 
f 1259/1734/1221 1260/1735/1222 1278/1754/1222 1277/1753/1221 
f 1260/1735/1222 1261/1736/1223 1279/1755/1223 1278/1754/1222 
f 1261/1736/1223 1262/1737/1224 1280/1756/1224 1279/1755/1223 
f 1262/1737/1224 1263/1738/1225 1281/1757/1225 1280/1756/1224 
f 1263/1738/1225 1264/1739/1226 1282/1758/1226 1281/1757/1225 
f 1264/1739/1226 1265/1740/1227 1283/1759/1227 1282/1758/1226 
f 1265/1740/1227 1266/1741/1228 1284/1760/1228 1283/1759/1227 
f 1266/1741/1228 1250/1724/1211 1268/1743/1211 1284/1760/1228 
f 1268/1743/1211 1267/1742/1212 1285/1761/1212 1286/1762/1211 
f 1267/1742/1212 1269/1744/1213 1287/1763/1213 1285/1761/1212 
f 1269/1744/1213 1270/1745/1214 1288/1764/1214 1287/1763/1213 
f 1270/1745/1214 1271/1746/1215 1289/1765/1215 1288/1764/1214 
f 1271/1746/1215 1272/1747/1216 1290/1766/1216 1289/1765/1215 
f 1272/1749/1216 1273/1748/1217 1291/1767/1217 1290/1768/1216 
f 1273/1748/1217 1274/1750/1218 1292/1769/1218 1291/1767/1217 
f 1274/1750/1218 1275/1751/1219 1293/1770/1219 1292/1769/1218 
f 1275/1751/1219 1276/1752/1220 1294/1771/1220 1293/1770/1219 
f 1276/1752/1220 1277/1753/1221 1295/1772/1221 1294/1771/1220 
f 1277/1753/1221 1278/1754/1222 1296/1773/1222 1295/1772/1221 
f 1278/1754/1222 1279/1755/1223 1297/1774/1223 1296/1773/1222 
f 1279/1755/1223 1280/1756/1224 1298/1775/1224 1297/1774/1223 
f 1280/1756/1224 1281/1757/1225 1299/1776/1225 1298/1775/1224 
f 1281/1757/1225 1282/1758/1226 1300/1777/1226 1299/1776/1225 
f 1282/1758/1226 1283/1759/1227 1301/1778/1227 1300/1777/1226 
f 1283/1759/1227 1284/1760/1228 1302/1779/1228 1301/1778/1227 
f 1284/1760/1228 1268/1743/1211 1286/1762/1211 1302/1779/1228 
f 1286/1762/1211 1285/1761/1212 1303/1780/1212 1304/1781/1211 
f 1285/1761/1212 1287/1763/1213 1305/1782/1213 1303/1780/1212 
f 1287/1763/1213 1288/1764/1214 1306/1783/1214 1305/1782/1213 
f 1288/1764/1214 1289/1765/1215 1307/1784/1215 1306/1783/1214 
f 1289/1765/1215 1290/1766/1216 1308/1785/1216 1307/1784/1215 
f 1290/1768/1216 1291/1767/1217 1309/1786/1217 1308/1787/1216 
f 1291/1767/1217 1292/1769/1218 1310/1788/1218 1309/1786/1217 
f 1292/1769/1218 1293/1770/1219 1311/1789/1219 1310/1788/1218 
f 1293/1770/1219 1294/1771/1220 1312/1790/1220 1311/1789/1219 
f 1294/1771/1220 1295/1772/1221 1313/1791/1221 1312/1790/1220 
f 1295/1772/1221 1296/1773/1222 1314/1792/1222 1313/1791/1221 
f 1296/1773/1222 1297/1774/1223 1315/1793/1223 1314/1792/1222 
f 1297/1774/1223 1298/1775/1224 1316/1794/1224 1315/1793/1223 
f 1298/1775/1224 1299/1776/1225 1317/1795/1225 1316/1794/1224 
f 1299/1776/1225 1300/1777/1226 1318/1796/1226 1317/1795/1225 
f 1300/1777/1226 1301/1778/1227 1319/1797/1227 1318/1796/1226 
f 1301/1778/1227 1302/1779/1228 1320/1798/1228 1319/1797/1227 
f 1302/1779/1228 1286/1762/1211 1304/1781/1211 1320/1798/1228 
s 1
f 1217/1799/1229 1214/1800/1229 1213/1801/1229 1247/1802/1229 1245/1803/1229 1243/1804/1229 1241/1805/1229 1239/1806/1229 1237/1807/1229 1235/1808/1229 1233/1809/1229 1231/1810/1229 1229/1811/1229 1227/1812/1229 1225/1813/1229 1223/1814/1229 1221/1815/1229 1219/1816/1229 
f 1318/1817/1230 1319/1818/1230 1320/1819/1230 1304/1820/1230 1303/1821/1230 1305/1822/1230 1306/1823/1230 1307/1824/1230 1308/1825/1230 1309/1826/1230 1310/1827/1230 1311/1828/1230 1312/1829/1230 1313/1830/1230 1314/1831/1230 1315/1832/1230 1316/1833/1230 1317/1834/1230 
# 92 polygons

#
# object Cylinder02
#

v  16.6985 1.5546 15.5173
v  16.5806 1.5491 15.5311
v  16.5998 1.1493 15.5376
v  16.7177 1.1547 15.5238
v  16.4651 1.5431 15.5037
v  16.4844 1.1433 15.5102
v  16.3660 1.5373 15.4384
v  16.3853 1.1374 15.4449
v  16.2953 1.5323 15.3431
v  16.3145 1.1325 15.3496
v  16.2613 1.5288 15.2292
v  16.2805 1.1290 15.2358
v  16.2683 1.5272 15.1106
v  16.2876 1.1274 15.1172
v  16.3154 1.5277 15.0015
v  16.3347 1.1279 15.0081
v  16.3970 1.5302 14.9151
v  16.4162 1.1304 14.9217
v  16.5031 1.5345 14.8618
v  16.5223 1.1346 14.8684
v  16.6210 1.5399 14.8481
v  16.6402 1.1401 14.8546
v  16.7365 1.5459 14.8755
v  16.7557 1.1461 14.8820
v  16.8356 1.5517 14.9408
v  16.8548 1.1519 14.9473
v  16.9063 1.5567 15.0361
v  16.9256 1.1569 15.0426
v  16.9403 1.5602 15.1499
v  16.9595 1.1603 15.1564
v  16.9333 1.5618 15.2685
v  16.9525 1.1619 15.2751
v  16.8861 1.5613 15.3776
v  16.9054 1.1615 15.3841
v  16.8046 1.5588 15.4640
v  16.8238 1.1589 15.4705
v  16.6191 0.7494 15.5441
v  16.7370 0.7549 15.5304
v  16.5036 0.7434 15.5167
v  16.4045 0.7376 15.4514
v  16.3337 0.7326 15.3561
v  16.2998 0.7291 15.2423
v  16.3068 0.7275 15.1237
v  16.3539 0.7280 15.0146
v  16.4354 0.7305 14.9282
v  16.5415 0.7348 14.8749
v  16.6595 0.7402 14.8611
v  16.7749 0.7462 14.8885
v  16.8740 0.7521 14.9538
v  16.9448 0.7570 15.0491
v  16.9787 0.7605 15.1630
v  16.9717 0.7621 15.2816
v  16.9246 0.7616 15.3907
v  16.8431 0.7591 15.4771
v  16.6383 0.3496 15.5507
v  16.7562 0.3550 15.5369
v  16.5228 0.3436 15.5232
v  16.4237 0.3377 15.4579
v  16.3529 0.3328 15.3626
v  16.3190 0.3293 15.2488
v  16.3260 0.3277 15.1302
v  16.3731 0.3282 15.0211
v  16.4547 0.3307 14.9347
v  16.5608 0.3349 14.8814
v  16.6787 0.3404 14.8676
v  16.7941 0.3464 14.8950
v  16.8932 0.3522 14.9603
v  16.9640 0.3572 15.0557
v  16.9980 0.3607 15.1695
v  16.9909 0.3622 15.2881
v  16.9438 0.3618 15.3972
v  16.8623 0.3593 15.4836
v  16.6575 -0.0503 15.5572
v  16.7754 -0.0448 15.5434
v  16.5421 -0.0563 15.5298
v  16.4430 -0.0621 15.4645
v  16.3722 -0.0671 15.3691
v  16.3382 -0.0706 15.2553
v  16.3452 -0.0721 15.1367
v  16.3924 -0.0717 15.0276
v  16.4739 -0.0692 14.9412
v  16.5800 -0.0649 14.8879
v  16.6979 -0.0595 14.8741
v  16.8134 -0.0535 14.9016
v  16.9125 -0.0476 14.9669
v  16.9833 -0.0427 15.0622
v  17.0172 -0.0392 15.1760
v  17.0102 -0.0376 15.2946
v  16.9631 -0.0381 15.4037
v  16.8815 -0.0406 15.4901
v  16.6767 -0.4501 15.5637
v  16.7946 -0.4447 15.5499
v  16.5613 -0.4561 15.5363
v  16.4622 -0.4620 15.4710
v  16.3914 -0.4669 15.3757
v  16.3575 -0.4704 15.2618
v  16.3645 -0.4720 15.1432
v  16.4116 -0.4715 15.0342
v  16.4931 -0.4690 14.9477
v  16.5992 -0.4648 14.8944
v  16.7171 -0.4593 14.8807
v  16.8326 -0.4533 14.9081
v  16.9317 -0.4475 14.9734
v  17.0025 -0.4425 15.0687
v  17.0364 -0.4390 15.1825
v  17.0294 -0.4374 15.3011
v  16.9823 -0.4379 15.4102
v  16.9008 -0.4404 15.4966
# 108 vertices

vn 0.2856 0.0294 0.9579
vn -0.0590 0.0134 0.9982
vn -0.3965 -0.0041 0.9180
vn -0.6861 -0.0211 0.7272
vn -0.8930 -0.0356 0.4486
vn -0.9922 -0.0458 0.1159
vn -0.9717 -0.0505 -0.2307
vn -0.8340 -0.0491 -0.5496
vn -0.5957 -0.0417 -0.8021
vn -0.2856 -0.0294 -0.9579
vn 0.0590 -0.0134 -0.9982
vn 0.3965 0.0041 -0.9180
vn 0.6861 0.0211 -0.7272
vn 0.8930 0.0356 -0.4486
vn 0.9922 0.0458 -0.1159
vn 0.9717 0.0505 0.2307
vn 0.8340 0.0491 0.5496
vn 0.5957 0.0417 0.8021
vn -0.0480 0.9987 -0.0163
vn 0.0480 -0.9987 0.0163
# 20 vertex normals

vt 0.7500 0.0000 1.0000
vt 0.8056 0.0000 1.0000
vt 0.8056 0.2000 1.0000
vt 0.7500 0.2000 1.0000
vt 0.8611 0.0000 1.0000
vt 0.8611 0.2000 1.0000
vt 0.9167 0.0000 1.0000
vt 0.9167 0.2000 1.0000
vt 0.9722 0.0000 1.0000
vt 0.9722 0.2000 1.0000
vt 1.0278 0.0000 1.0000
vt 1.0278 0.2000 1.0000
vt 0.0278 0.0000 1.0000
vt 0.0833 0.0000 1.0000
vt 0.0833 0.2000 1.0000
vt 0.0278 0.2000 1.0000
vt 0.1389 0.0000 1.0000
vt 0.1389 0.2000 1.0000
vt 0.1944 0.0000 1.0000
vt 0.1944 0.2000 1.0000
vt 0.2500 0.0000 1.0000
vt 0.2500 0.2000 1.0000
vt 0.3056 0.0000 1.0000
vt 0.3056 0.2000 1.0000
vt 0.3611 0.0000 1.0000
vt 0.3611 0.2000 1.0000
vt 0.4167 0.0000 1.0000
vt 0.4167 0.2000 1.0000
vt 0.4722 0.0000 1.0000
vt 0.4722 0.2000 1.0000
vt 0.5278 0.0000 1.0000
vt 0.5278 0.2000 1.0000
vt 0.5833 0.0000 1.0000
vt 0.5833 0.2000 1.0000
vt 0.6389 0.0000 1.0000
vt 0.6389 0.2000 1.0000
vt 0.6944 0.0000 1.0000
vt 0.6944 0.2000 1.0000
vt 0.8056 0.4000 1.0000
vt 0.7500 0.4000 1.0000
vt 0.8611 0.4000 1.0000
vt 0.9167 0.4000 1.0000
vt 0.9722 0.4000 1.0000
vt 1.0278 0.4000 1.0000
vt 0.0833 0.4000 1.0000
vt 0.0278 0.4000 1.0000
vt 0.1389 0.4000 1.0000
vt 0.1944 0.4000 1.0000
vt 0.2500 0.4000 1.0000
vt 0.3056 0.4000 1.0000
vt 0.3611 0.4000 1.0000
vt 0.4167 0.4000 1.0000
vt 0.4722 0.4000 1.0000
vt 0.5278 0.4000 1.0000
vt 0.5833 0.4000 1.0000
vt 0.6389 0.4000 1.0000
vt 0.6944 0.4000 1.0000
vt 0.8056 0.6000 1.0000
vt 0.7500 0.6000 1.0000
vt 0.8611 0.6000 1.0000
vt 0.9167 0.6000 1.0000
vt 0.9722 0.6000 1.0000
vt 1.0278 0.6000 1.0000
vt 0.0833 0.6000 1.0000
vt 0.0278 0.6000 1.0000
vt 0.1389 0.6000 1.0000
vt 0.1944 0.6000 1.0000
vt 0.2500 0.6000 1.0000
vt 0.3056 0.6000 1.0000
vt 0.3611 0.6000 1.0000
vt 0.4167 0.6000 1.0000
vt 0.4722 0.6000 1.0000
vt 0.5278 0.6000 1.0000
vt 0.5833 0.6000 1.0000
vt 0.6389 0.6000 1.0000
vt 0.6944 0.6000 1.0000
vt 0.8056 0.8000 1.0000
vt 0.7500 0.8000 1.0000
vt 0.8611 0.8000 1.0000
vt 0.9167 0.8000 1.0000
vt 0.9722 0.8000 1.0000
vt 1.0278 0.8000 1.0000
vt 0.0833 0.8000 1.0000
vt 0.0278 0.8000 1.0000
vt 0.1389 0.8000 1.0000
vt 0.1944 0.8000 1.0000
vt 0.2500 0.8000 1.0000
vt 0.3056 0.8000 1.0000
vt 0.3611 0.8000 1.0000
vt 0.4167 0.8000 1.0000
vt 0.4722 0.8000 1.0000
vt 0.5278 0.8000 1.0000
vt 0.5833 0.8000 1.0000
vt 0.6389 0.8000 1.0000
vt 0.6944 0.8000 1.0000
vt 0.8056 1.0000 1.0000
vt 0.7500 1.0000 1.0000
vt 0.8611 1.0000 1.0000
vt 0.9167 1.0000 1.0000
vt 0.9722 1.0000 1.0000
vt 1.0278 1.0000 1.0000
vt 0.0833 1.0000 1.0000
vt 0.0278 1.0000 1.0000
vt 0.1389 1.0000 1.0000
vt 0.1944 1.0000 1.0000
vt 0.2500 1.0000 1.0000
vt 0.3056 1.0000 1.0000
vt 0.3611 1.0000 1.0000
vt 0.4167 1.0000 1.0000
vt 0.4722 1.0000 1.0000
vt 0.5278 1.0000 1.0000
vt 0.5833 1.0000 1.0000
vt 0.6389 1.0000 1.0000
vt 0.6944 1.0000 1.0000
vt 0.1786 0.8830 -0.2500
vt 0.3290 0.9698 -0.2500
vt 0.5000 1.0000 -0.2500
vt 0.6710 0.9698 -0.2500
vt 0.8214 0.8830 -0.2500
vt 0.9330 0.7500 -0.2500
vt 0.9924 0.5868 -0.2500
vt 0.9924 0.4132 -0.2500
vt 0.9330 0.2500 -0.2500
vt 0.8214 0.1170 -0.2500
vt 0.6710 0.0302 -0.2500
vt 0.5000 0.0000 -0.2500
vt 0.3290 0.0302 -0.2500
vt 0.1786 0.1170 -0.2500
vt 0.0670 0.2500 -0.2500
vt 0.0076 0.4132 -0.2500
vt 0.0076 0.5868 -0.2500
vt 0.0670 0.7500 -0.2500
vt 0.9330 0.7500 0.2500
vt 0.8214 0.8830 0.2500
vt 0.6710 0.9698 0.2500
vt 0.5000 1.0000 0.2500
vt 0.3290 0.9698 0.2500
vt 0.1786 0.8830 0.2500
vt 0.0670 0.7500 0.2500
vt 0.0076 0.5868 0.2500
vt 0.0076 0.4132 0.2500
vt 0.0670 0.2500 0.2500
vt 0.1786 0.1170 0.2500
vt 0.3290 0.0302 0.2500
vt 0.5000 0.0000 0.2500
vt 0.6710 0.0302 0.2500
vt 0.8214 0.1170 0.2500
vt 0.9330 0.2500 0.2500
vt 0.9924 0.4132 0.2500
vt 0.9924 0.5868 0.2500
# 150 texture coords

g Cylinder02
usemtl 04___Default
s 8
f 1321/1835/1231 1322/1836/1232 1323/1837/1232 1324/1838/1231 
f 1322/1836/1232 1325/1839/1233 1326/1840/1233 1323/1837/1232 
f 1325/1839/1233 1327/1841/1234 1328/1842/1234 1326/1840/1233 
f 1327/1841/1234 1329/1843/1235 1330/1844/1235 1328/1842/1234 
f 1329/1843/1235 1331/1845/1236 1332/1846/1236 1330/1844/1235 
f 1331/1847/1236 1333/1848/1237 1334/1849/1237 1332/1850/1236 
f 1333/1848/1237 1335/1851/1238 1336/1852/1238 1334/1849/1237 
f 1335/1851/1238 1337/1853/1239 1338/1854/1239 1336/1852/1238 
f 1337/1853/1239 1339/1855/1240 1340/1856/1240 1338/1854/1239 
f 1339/1855/1240 1341/1857/1241 1342/1858/1241 1340/1856/1240 
f 1341/1857/1241 1343/1859/1242 1344/1860/1242 1342/1858/1241 
f 1343/1859/1242 1345/1861/1243 1346/1862/1243 1344/1860/1242 
f 1345/1861/1243 1347/1863/1244 1348/1864/1244 1346/1862/1243 
f 1347/1863/1244 1349/1865/1245 1350/1866/1245 1348/1864/1244 
f 1349/1865/1245 1351/1867/1246 1352/1868/1246 1350/1866/1245 
f 1351/1867/1246 1353/1869/1247 1354/1870/1247 1352/1868/1246 
f 1353/1869/1247 1355/1871/1248 1356/1872/1248 1354/1870/1247 
f 1355/1871/1248 1321/1835/1231 1324/1838/1231 1356/1872/1248 
f 1324/1838/1231 1323/1837/1232 1357/1873/1232 1358/1874/1231 
f 1323/1837/1232 1326/1840/1233 1359/1875/1233 1357/1873/1232 
f 1326/1840/1233 1328/1842/1234 1360/1876/1234 1359/1875/1233 
f 1328/1842/1234 1330/1844/1235 1361/1877/1235 1360/1876/1234 
f 1330/1844/1235 1332/1846/1236 1362/1878/1236 1361/1877/1235 
f 1332/1850/1236 1334/1849/1237 1363/1879/1237 1362/1880/1236 
f 1334/1849/1237 1336/1852/1238 1364/1881/1238 1363/1879/1237 
f 1336/1852/1238 1338/1854/1239 1365/1882/1239 1364/1881/1238 
f 1338/1854/1239 1340/1856/1240 1366/1883/1240 1365/1882/1239 
f 1340/1856/1240 1342/1858/1241 1367/1884/1241 1366/1883/1240 
f 1342/1858/1241 1344/1860/1242 1368/1885/1242 1367/1884/1241 
f 1344/1860/1242 1346/1862/1243 1369/1886/1243 1368/1885/1242 
f 1346/1862/1243 1348/1864/1244 1370/1887/1244 1369/1886/1243 
f 1348/1864/1244 1350/1866/1245 1371/1888/1245 1370/1887/1244 
f 1350/1866/1245 1352/1868/1246 1372/1889/1246 1371/1888/1245 
f 1352/1868/1246 1354/1870/1247 1373/1890/1247 1372/1889/1246 
f 1354/1870/1247 1356/1872/1248 1374/1891/1248 1373/1890/1247 
f 1356/1872/1248 1324/1838/1231 1358/1874/1231 1374/1891/1248 
f 1358/1874/1231 1357/1873/1232 1375/1892/1232 1376/1893/1231 
f 1357/1873/1232 1359/1875/1233 1377/1894/1233 1375/1892/1232 
f 1359/1875/1233 1360/1876/1234 1378/1895/1234 1377/1894/1233 
f 1360/1876/1234 1361/1877/1235 1379/1896/1235 1378/1895/1234 
f 1361/1877/1235 1362/1878/1236 1380/1897/1236 1379/1896/1235 
f 1362/1880/1236 1363/1879/1237 1381/1898/1237 1380/1899/1236 
f 1363/1879/1237 1364/1881/1238 1382/1900/1238 1381/1898/1237 
f 1364/1881/1238 1365/1882/1239 1383/1901/1239 1382/1900/1238 
f 1365/1882/1239 1366/1883/1240 1384/1902/1240 1383/1901/1239 
f 1366/1883/1240 1367/1884/1241 1385/1903/1241 1384/1902/1240 
f 1367/1884/1241 1368/1885/1242 1386/1904/1242 1385/1903/1241 
f 1368/1885/1242 1369/1886/1243 1387/1905/1243 1386/1904/1242 
f 1369/1886/1243 1370/1887/1244 1388/1906/1244 1387/1905/1243 
f 1370/1887/1244 1371/1888/1245 1389/1907/1245 1388/1906/1244 
f 1371/1888/1245 1372/1889/1246 1390/1908/1246 1389/1907/1245 
f 1372/1889/1246 1373/1890/1247 1391/1909/1247 1390/1908/1246 
f 1373/1890/1247 1374/1891/1248 1392/1910/1248 1391/1909/1247 
f 1374/1891/1248 1358/1874/1231 1376/1893/1231 1392/1910/1248 
f 1376/1893/1231 1375/1892/1232 1393/1911/1232 1394/1912/1231 
f 1375/1892/1232 1377/1894/1233 1395/1913/1233 1393/1911/1232 
f 1377/1894/1233 1378/1895/1234 1396/1914/1234 1395/1913/1233 
f 1378/1895/1234 1379/1896/1235 1397/1915/1235 1396/1914/1234 
f 1379/1896/1235 1380/1897/1236 1398/1916/1236 1397/1915/1235 
f 1380/1899/1236 1381/1898/1237 1399/1917/1237 1398/1918/1236 
f 1381/1898/1237 1382/1900/1238 1400/1919/1238 1399/1917/1237 
f 1382/1900/1238 1383/1901/1239 1401/1920/1239 1400/1919/1238 
f 1383/1901/1239 1384/1902/1240 1402/1921/1240 1401/1920/1239 
f 1384/1902/1240 1385/1903/1241 1403/1922/1241 1402/1921/1240 
f 1385/1903/1241 1386/1904/1242 1404/1923/1242 1403/1922/1241 
f 1386/1904/1242 1387/1905/1243 1405/1924/1243 1404/1923/1242 
f 1387/1905/1243 1388/1906/1244 1406/1925/1244 1405/1924/1243 
f 1388/1906/1244 1389/1907/1245 1407/1926/1245 1406/1925/1244 
f 1389/1907/1245 1390/1908/1246 1408/1927/1246 1407/1926/1245 
f 1390/1908/1246 1391/1909/1247 1409/1928/1247 1408/1927/1246 
f 1391/1909/1247 1392/1910/1248 1410/1929/1248 1409/1928/1247 
f 1392/1910/1248 1376/1893/1231 1394/1912/1231 1410/1929/1248 
f 1394/1912/1231 1393/1911/1232 1411/1930/1232 1412/1931/1231 
f 1393/1911/1232 1395/1913/1233 1413/1932/1233 1411/1930/1232 
f 1395/1913/1233 1396/1914/1234 1414/1933/1234 1413/1932/1233 
f 1396/1914/1234 1397/1915/1235 1415/1934/1235 1414/1933/1234 
f 1397/1915/1235 1398/1916/1236 1416/1935/1236 1415/1934/1235 
f 1398/1918/1236 1399/1917/1237 1417/1936/1237 1416/1937/1236 
f 1399/1917/1237 1400/1919/1238 1418/1938/1238 1417/1936/1237 
f 1400/1919/1238 1401/1920/1239 1419/1939/1239 1418/1938/1238 
f 1401/1920/1239 1402/1921/1240 1420/1940/1240 1419/1939/1239 
f 1402/1921/1240 1403/1922/1241 1421/1941/1241 1420/1940/1240 
f 1403/1922/1241 1404/1923/1242 1422/1942/1242 1421/1941/1241 
f 1404/1923/1242 1405/1924/1243 1423/1943/1243 1422/1942/1242 
f 1405/1924/1243 1406/1925/1244 1424/1944/1244 1423/1943/1243 
f 1406/1925/1244 1407/1926/1245 1425/1945/1245 1424/1944/1244 
f 1407/1926/1245 1408/1927/1246 1426/1946/1246 1425/1945/1245 
f 1408/1927/1246 1409/1928/1247 1427/1947/1247 1426/1946/1246 
f 1409/1928/1247 1410/1929/1248 1428/1948/1248 1427/1947/1247 
f 1410/1929/1248 1394/1912/1231 1412/1931/1231 1428/1948/1248 
s 1
f 1325/1949/1249 1322/1950/1249 1321/1951/1249 1355/1952/1249 1353/1953/1249 1351/1954/1249 1349/1955/1249 1347/1956/1249 1345/1957/1249 1343/1958/1249 1341/1959/1249 1339/1960/1249 1337/1961/1249 1335/1962/1249 1333/1963/1249 1331/1964/1249 1329/1965/1249 1327/1966/1249 
f 1426/1967/1250 1427/1968/1250 1428/1969/1250 1412/1970/1250 1411/1971/1250 1413/1972/1250 1414/1973/1250 1415/1974/1250 1416/1975/1250 1417/1976/1250 1418/1977/1250 1419/1978/1250 1420/1979/1250 1421/1980/1250 1422/1981/1250 1423/1982/1250 1424/1983/1250 1425/1984/1250 
# 92 polygons

#
# object Line03
#

v  18.5914 0.5257 9.2474
v  18.6480 0.5225 8.8736
v  18.6435 0.6168 8.8721
v  18.5869 0.6200 9.2459
v  18.5177 0.5292 9.6924
v  18.5132 0.6234 9.6909
v  18.4369 0.5333 10.1983
v  18.4324 0.6276 10.1968
v  18.3591 0.5383 10.7548
v  18.3546 0.6326 10.7534
v  18.2941 0.5446 11.3518
v  18.2896 0.6389 11.3503
v  18.2521 0.5525 11.9789
v  18.2476 0.6468 11.9774
v  18.2430 0.5623 12.6258
v  18.2385 0.6565 12.6243
v  18.2638 0.5742 13.3201
v  18.2593 0.6685 13.3186
v  18.3044 0.5881 14.0801
v  18.2999 0.6824 14.0786
v  18.3647 0.6037 14.8817
v  18.3602 0.6979 14.8802
v  18.4444 0.6204 15.7007
v  18.4399 0.7147 15.6993
v  18.5434 0.6380 16.5132
v  18.5389 0.7322 16.5118
v  18.6613 0.6559 17.2951
v  18.6568 0.7502 17.2936
v  18.7979 0.6739 18.0222
v  18.7934 0.7682 18.0207
v  18.9558 0.6922 18.7030
v  18.9513 0.7865 18.7015
v  19.1360 0.7113 19.3616
v  19.1315 0.8055 19.3601
v  19.3361 0.7309 19.9977
v  19.3315 0.8251 19.9962
v  19.5535 0.7510 20.6110
v  19.5490 0.8452 20.6095
v  19.7860 0.7714 21.2010
v  19.7814 0.8657 21.1996
v  20.0310 0.7921 21.7676
v  20.0265 0.8863 21.7661
v  20.2861 0.8129 22.3103
v  20.2816 0.9071 22.3089
v  20.5612 0.8343 22.8331
v  20.5567 0.9286 22.8316
v  20.8619 0.8567 23.3376
v  20.8574 0.9509 23.3361
v  21.1789 0.8795 23.8199
v  21.1744 0.9737 23.8184
v  21.5032 0.9022 24.2762
v  21.4987 0.9965 24.2748
v  21.8258 0.9244 24.7029
v  21.8213 1.0186 24.7014
v  22.1375 0.9455 25.0960
v  22.1329 1.0398 25.0946
v  22.4292 0.9651 25.4519
v  22.4247 1.0594 25.4504
v  22.7158 0.9837 25.7579
v  22.7113 1.0779 25.7564
v  23.0103 1.0018 26.0134
v  23.0058 1.0961 26.0119
v  23.3009 1.0192 26.2321
v  23.2964 1.1135 26.2306
v  23.5758 1.0355 26.4277
v  23.5713 1.1297 26.4262
v  23.8232 1.0503 26.6139
v  23.8187 1.1445 26.6124
v  24.0313 1.0632 26.8044
v  24.0267 1.1575 26.8029
v  24.1882 1.0740 27.0129
v  24.1837 1.1683 27.0115
v  24.2907 1.0825 27.2361
v  24.2862 1.1767 27.2346
v  24.3482 1.0888 27.4607
v  24.3436 1.1830 27.4592
v  24.3678 1.0932 27.6853
v  24.3633 1.1875 27.6838
v  24.3569 1.0962 27.9089
v  24.3524 1.1905 27.9075
v  24.3228 1.0981 28.1304
v  24.3182 1.1924 28.1289
v  24.2726 1.0991 28.3485
v  24.2681 1.1934 28.3470
v  24.2137 1.0997 28.5620
v  24.2092 1.1939 28.5605
v  24.1404 1.0995 28.7747
v  24.1359 1.1938 28.7732
v  24.0443 1.0983 28.9889
v  24.0398 1.1925 28.9874
v  23.9287 1.0961 29.2012
v  23.9242 1.1904 29.1997
v  23.7968 1.0930 29.4083
v  23.7923 1.1873 29.4068
v  23.6520 1.0892 29.6069
v  23.6475 1.1835 29.6054
v  23.4974 1.0848 29.7937
v  23.4929 1.1790 29.7922
v  23.3363 1.0798 29.9654
v  23.3318 1.1740 29.9639
v  23.1631 1.0740 30.1287
v  23.1586 1.1683 30.1272
v  22.9730 1.0674 30.2890
v  22.9684 1.1617 30.2875
v  22.7704 1.0601 30.4405
v  22.7659 1.1544 30.4390
v  22.5602 1.0522 30.5775
v  22.5557 1.1465 30.5760
v  22.3467 1.0438 30.6942
v  22.3422 1.1381 30.6928
v  22.1348 1.0351 30.7850
v  22.1302 1.1293 30.7836
v  21.9288 1.0261 30.8442
v  21.9243 1.1204 30.8427
v  21.7292 1.0170 30.8727
v  21.7246 1.1113 30.8712
v  21.5319 1.0076 30.8762
v  21.5273 1.1019 30.8747
v  21.3351 0.9979 30.8553
v  21.3305 1.0921 30.8538
v  21.1369 0.9877 30.8109
v  21.1324 1.0819 30.8095
v  20.9357 0.9770 30.7438
v  20.9312 1.0712 30.7424
v  20.7295 0.9657 30.6548
v  20.7250 1.0599 30.6533
v  20.5166 0.9537 30.5447
v  20.5121 1.0480 30.5432
v  20.2950 0.9411 30.4138
v  20.2905 1.0353 30.4124
v  20.0658 0.9277 30.2618
v  20.0613 1.0219 30.2603
v  19.8314 0.9137 30.0877
v  19.8269 1.0080 30.0863
v  19.5943 0.8992 29.8910
v  19.5898 0.9935 29.8896
v  19.3570 0.8844 29.6710
v  19.3525 0.9786 29.6695
v  19.1221 0.8693 29.4268
v  19.1176 0.9635 29.4254
v  18.8919 0.8540 29.1579
v  18.8874 0.9483 29.1564
v  18.6614 0.8384 28.8659
v  18.6569 0.9326 28.8644
v  18.4267 0.8222 28.5521
v  18.4222 0.9164 28.5506
v  18.1920 0.8056 28.2149
v  18.1874 0.8999 28.2135
v  17.9616 0.7888 27.8529
v  17.9571 0.8831 27.8514
v  17.7399 0.7721 27.4646
v  17.7354 0.8664 27.4631
v  17.5312 0.7555 27.0484
v  17.5266 0.8498 27.0469
v  17.3397 0.7393 26.6028
v  17.3352 0.8336 26.6013
v  17.1675 0.7235 26.1209
v  17.1630 0.8177 26.1194
v  17.0113 0.7078 25.6016
v  17.0068 0.8021 25.6001
v  16.8677 0.6923 25.0526
v  16.8632 0.7865 25.0511
v  16.7335 0.6768 24.4811
v  16.7289 0.7711 24.4796
v  16.6051 0.6614 23.8947
v  16.6006 0.7557 23.8933
v  16.4794 0.6460 23.3009
v  16.4748 0.7403 23.2994
v  16.3528 0.6306 22.7071
v  16.3483 0.7249 22.7056
v  16.2274 0.6153 22.1199
v  16.2229 0.7096 22.1184
v  16.1069 0.6003 21.5347
v  16.1024 0.6946 21.5333
v  15.9904 0.5854 20.9427
v  15.9859 0.6797 20.9412
v  15.8770 0.5704 20.3347
v  15.8725 0.6647 20.3332
v  15.7658 0.5551 19.7016
v  15.7613 0.6494 19.7001
v  15.6559 0.5393 19.0345
v  15.6514 0.6336 19.0331
v  15.5464 0.5229 18.3244
v  15.5419 0.6171 18.3229
v  14.8188 0.3949 12.4207
v  14.8143 0.4892 12.4192
v  14.3719 0.3132 8.5946
v  14.3673 0.4074 8.5931
v  14.2805 0.3946 8.0423
v  14.2726 0.3875 7.9906
v  14.2676 0.3690 7.9538
v  14.2655 0.3390 7.9320
v  14.2664 0.2976 7.9253
v  6.3638 -0.4296 -14.1766
v  6.3278 -0.4295 -14.0580
v  6.3233 -0.3352 -14.0595
v  6.3593 -0.3354 -14.1781
v  6.4525 -0.4274 -14.3037
v  6.4479 -0.3331 -14.3052
v  6.5962 -0.4232 -14.4726
v  6.5917 -0.3289 -14.4741
v  6.7976 -0.4174 -14.7167
v  6.7931 -0.3231 -14.7182
v  7.0770 -0.4091 -15.0403
v  7.0725 -0.3148 -15.0417
v  7.4388 -0.3976 -15.4152
v  7.4343 -0.3034 -15.4167
v  7.8620 -0.3838 -15.8259
v  7.8574 -0.2896 -15.8274
v  8.3253 -0.3684 -16.2571
v  8.3208 -0.2742 -16.2586
v  8.8077 -0.3522 -16.6931
v  8.8032 -0.2579 -16.6946
v  9.2880 -0.3359 -17.1185
v  9.2834 -0.2416 -17.1200
v  9.7450 -0.3203 -17.5178
v  9.7405 -0.2260 -17.5192
v  12.9348 -0.2073 -20.0516
v  12.9303 -0.1131 -20.0530
v  14.2726 -0.1591 -21.0624
v  14.2681 -0.0649 -21.0638
v  15.7344 -0.1054 -22.0997
v  15.7322 -0.0586 -22.1005
v  15.9483 -0.0975 -22.2438
v  15.9465 -0.0601 -22.2444
v  16.1783 -0.0887 -22.3881
v  16.1770 -0.0607 -22.3886
v  16.4210 -0.0791 -22.5150
v  16.4200 -0.0592 -22.5153
v  16.6728 -0.0684 -22.6065
v  16.6722 -0.0549 -22.6068
v  16.9302 -0.0567 -22.6450
v  16.9298 -0.0474 -22.6452
v  17.1897 -0.0438 -22.6126
v  17.1894 -0.0360 -22.6127
v  17.4478 -0.0295 -22.4915
v  17.4474 -0.0217 -22.4916
v  17.7047 -0.0138 -22.2770
v  17.7043 -0.0060 -22.2771
v  17.9637 0.0033 -21.9833
v  17.9633 0.0110 -21.9834
v  18.2256 0.0215 -21.6210
v  18.2253 0.0293 -21.6212
v  18.4914 0.0409 -21.2010
v  18.4910 0.0487 -21.2011
v  18.7619 0.0612 -20.7338
v  18.7615 0.0690 -20.7339
v  19.0379 0.0824 -20.2302
v  19.0376 0.0902 -20.2304
v  19.3204 0.1043 -19.7010
v  19.3201 0.1121 -19.7011
v  19.6139 0.1273 -19.1345
v  19.6135 0.1351 -19.1347
v  19.9191 0.1516 -18.5177
v  19.9187 0.1594 -18.5178
v  20.2312 0.1770 -17.8582
v  20.2309 0.1848 -17.8583
v  20.5454 0.2030 -17.1640
v  20.5450 0.2108 -17.1641
v  20.8568 0.2293 -16.4429
v  20.8564 0.2371 -16.4430
v  21.1606 0.2555 -15.7027
v  21.1602 0.2633 -15.7029
v  21.4519 0.2813 -14.9514
v  21.4515 0.2891 -14.9515
v  21.7341 0.3070 -14.1785
v  21.7338 0.3148 -14.1786
v  22.0127 0.3331 -13.3735
v  22.0123 0.3408 -13.3736
v  22.2858 0.3592 -12.5443
v  22.2855 0.3670 -12.5444
v  22.5518 0.3853 -11.6986
v  22.5514 0.3931 -11.6987
v  22.8089 0.4111 -10.8442
v  22.8085 0.4189 -10.8444
v  23.0554 0.4364 -9.9889
v  23.0550 0.4442 -9.9891
v  23.2894 0.4610 -9.1405
v  23.2891 0.4688 -9.1406
v  24.6342 0.6198 -3.1574
v  24.6338 0.6276 -3.1576
v  24.7797 0.6384 -2.4175
v  24.7793 0.6462 -2.4177
v  24.9114 0.6557 -1.7204
v  24.9110 0.6635 -1.7205
v  25.0312 0.6720 -1.0531
v  25.0308 0.6798 -1.0532
v  25.1413 0.6875 -0.4026
v  25.1409 0.6953 -0.4027
v  25.2438 0.7026 0.2441
v  25.2434 0.7104 0.2440
v  25.3407 0.7176 0.8999
v  25.3403 0.7254 0.8998
v  25.4342 0.7328 1.5778
v  25.4339 0.7406 1.5777
v  25.9294 0.8349 6.5486
v  25.9290 0.8427 6.5485
v  22.5471 0.6831 7.2037
v  22.5426 0.7773 7.2022
v  19.7400 0.5566 7.7150
v  19.7355 0.6509 7.7136
v  19.5083 0.5461 7.7558
v  19.5038 0.6404 7.7543
v  19.3312 0.5380 7.7790
v  19.3267 0.6323 7.7775
v  19.1973 0.5318 7.7934
v  19.1928 0.6261 7.7919
v  19.0955 0.5272 7.8078
v  19.0910 0.6214 7.8063
v  19.0144 0.5236 7.8308
v  19.0099 0.6179 7.8293
v  18.9428 0.5209 7.8713
v  18.9383 0.6151 7.8698
v  18.8695 0.5184 7.9381
v  18.8649 0.6126 7.9366
v  18.8054 0.5164 8.0097
v  18.8008 0.6107 8.0082
v  18.7642 0.5154 8.0713
v  18.7597 0.6097 8.0698
v  18.7388 0.5153 8.1413
v  18.7343 0.6096 8.1398
v  18.7217 0.5160 8.2382
v  18.7172 0.6103 8.2367
v  18.7058 0.5175 8.3802
v  18.7012 0.6118 8.3787
v  18.6836 0.5197 8.5859
v  18.6791 0.6140 8.5844
v  18.5959 0.4315 9.2489
v  18.6526 0.4283 8.8751
v  18.5222 0.4349 9.6939
v  18.4415 0.4390 10.1998
v  18.3636 0.4441 10.7563
v  18.2987 0.4504 11.3533
v  18.2566 0.4583 11.9803
v  18.2476 0.4680 12.6273
v  18.2683 0.4800 13.3216
v  18.3089 0.4939 14.0816
v  18.3692 0.5094 14.8832
v  18.4490 0.5261 15.7022
v  18.5479 0.5437 16.5147
v  18.6658 0.5617 17.2966
v  18.8025 0.5797 18.0237
v  18.9603 0.5980 18.7045
v  19.1405 0.6170 19.3631
v  19.3406 0.6366 19.9992
v  19.5580 0.6567 20.6125
v  19.7905 0.6772 21.2025
v  20.0355 0.6978 21.7691
v  20.2906 0.7186 22.3118
v  20.5658 0.7400 22.8346
v  20.8664 0.7624 23.3391
v  21.1834 0.7852 23.8214
v  21.5077 0.8079 24.2777
v  21.8303 0.8301 24.7044
v  22.1420 0.8513 25.0975
v  22.4337 0.8709 25.4533
v  22.7203 0.8894 25.7594
v  23.0148 0.9076 26.0149
v  23.3054 0.9249 26.2336
v  23.5803 0.9412 26.4292
v  23.8277 0.9560 26.6153
v  24.0358 0.9690 26.8059
v  24.1927 0.9798 27.0144
v  24.2952 0.9882 27.2376
v  24.3527 0.9945 27.4621
v  24.3723 0.9990 27.6868
v  24.3614 1.0020 27.9104
v  24.3273 1.0038 28.1319
v  24.2771 1.0049 28.3499
v  24.2182 1.0054 28.5635
v  24.1449 1.0053 28.7762
v  24.0488 1.0040 28.9904
v  23.9332 1.0018 29.2026
v  23.8013 0.9988 29.4098
v  23.6565 0.9950 29.6084
v  23.5019 0.9905 29.7952
v  23.3409 0.9855 29.9668
v  23.1676 0.9798 30.1302
v  22.9775 0.9732 30.2905
v  22.7750 0.9659 30.4420
v  22.5647 0.9579 30.5790
v  22.3513 0.9496 30.6957
v  22.1393 0.9408 30.7865
v  21.9333 0.9319 30.8457
v  21.7337 0.9228 30.8742
v  21.5364 0.9134 30.8777
v  21.3396 0.9036 30.8568
v  21.1415 0.8934 30.8124
v  20.9402 0.8827 30.7453
v  20.7341 0.8714 30.6563
v  20.5211 0.8595 30.5462
v  20.2995 0.8468 30.4153
v  20.0703 0.8334 30.2633
v  19.8359 0.8194 30.0892
v  19.5988 0.8050 29.8925
v  19.3615 0.7901 29.6725
v  19.1266 0.7750 29.4283
v  18.8964 0.7598 29.1594
v  18.6660 0.7441 28.8674
v  18.4312 0.7279 28.5536
v  18.1965 0.7113 28.2164
v  17.9661 0.6946 27.8544
v  17.7444 0.6778 27.4661
v  17.5357 0.6613 27.0498
v  17.3442 0.6451 26.6043
v  17.1720 0.6292 26.1223
v  17.0158 0.6136 25.6031
v  16.8722 0.5980 25.0540
v  16.7380 0.5826 24.4826
v  16.6096 0.5672 23.8962
v  16.4839 0.5518 23.3024
v  16.3573 0.5364 22.7086
v  16.2319 0.5211 22.1214
v  16.1114 0.5061 21.5362
v  15.9949 0.4912 20.9442
v  15.8815 0.4762 20.3361
v  15.7703 0.4608 19.7031
v  15.6604 0.4451 19.0360
v  15.5509 0.4286 18.3258
v  14.8233 0.3007 12.4222
v  14.3764 0.2189 8.5960
v  14.2695 0.2565 7.9333
v  14.2744 0.2276 7.9560
v  14.2811 0.2108 7.9933
v  14.2896 0.2061 8.0453
v  6.3323 -0.5237 -14.0565
v  6.3347 -0.5233 -14.0324
v  6.3395 -0.5163 -13.9803
v  6.3423 -0.4979 -13.9432
v  6.3431 -0.4679 -13.9213
v  6.3418 -0.4266 -13.9145
v  6.3684 -0.5239 -14.1751
v  6.4570 -0.5216 -14.3022
v  6.6007 -0.5174 -14.4712
v  6.8021 -0.5116 -14.7152
v  7.0815 -0.5033 -15.0388
v  7.4433 -0.4919 -15.4137
v  7.8665 -0.4781 -15.8245
v  8.3298 -0.4627 -16.2556
v  8.8122 -0.4464 -16.6916
v  9.2925 -0.4301 -17.1170
v  9.7495 -0.4145 -17.5163
v  12.9393 -0.3016 -20.0501
v  14.2772 -0.2534 -21.0609
v  15.7367 -0.1523 -22.0990
v  15.9501 -0.1348 -22.2432
v  16.1796 -0.1167 -22.3877
v  16.4219 -0.0989 -22.5147
v  16.6735 -0.0819 -22.6063
v  16.9307 -0.0660 -22.6449
v  17.1901 -0.0516 -22.6125
v  17.4482 -0.0373 -22.4914
v  17.7051 -0.0216 -22.2769
v  17.9641 -0.0045 -21.9832
v  18.2260 0.0137 -21.6209
v  18.4918 0.0331 -21.2009
v  18.7623 0.0534 -20.7337
v  19.0383 0.0746 -20.2301
v  19.3208 0.0965 -19.7008
v  19.6143 0.1195 -19.1344
v  19.9195 0.1438 -18.5175
v  20.2316 0.1692 -17.8581
v  20.5458 0.1952 -17.1639
v  20.8572 0.2215 -16.4428
v  21.1609 0.2477 -15.7026
v  21.4523 0.2735 -14.9513
v  21.7345 0.2992 -14.1784
v  22.0131 0.3253 -13.3734
v  22.2862 0.3514 -12.5442
v  22.5522 0.3775 -11.6985
v  22.8093 0.4033 -10.8441
v  23.0557 0.4286 -9.9888
v  23.2898 0.4532 -9.1404
v  24.6346 0.6120 -3.1573
v  24.7801 0.6306 -2.4174
v  24.9117 0.6479 -1.7203
v  25.0315 0.6642 -1.0530
v  25.1417 0.6797 -0.4024
v  25.2441 0.6948 0.2442
v  25.3411 0.7098 0.9000
v  25.4346 0.7250 1.5779
v  25.9298 0.8271 6.5488
v  22.5516 0.5888 7.2052
v  19.7445 0.4623 7.7165
v  19.5128 0.4519 7.7573
v  19.3357 0.4438 7.7805
v  19.2018 0.4376 7.7949
v  19.1000 0.4329 7.8092
v  19.0189 0.4294 7.8323
v  18.9473 0.4266 7.8728
v  18.8740 0.4241 7.9395
v  18.8099 0.4222 8.0112
v  18.7687 0.4212 8.0728
v  18.7433 0.4211 8.1428
v  18.7262 0.4218 8.2396
v  18.7103 0.4233 8.3817
v  18.6881 0.4254 8.5874
v  14.7961 -0.1199 -20.1650
v  14.7916 -0.0256 -20.1665
v  15.2961 -0.0818 -19.2689
v  15.2916 0.0125 -19.2703
v  15.7728 -0.0448 -18.3738
v  15.7683 0.0494 -18.3753
v  16.2261 -0.0090 -17.4799
v  16.2216 0.0852 -17.4814
v  16.6560 0.0257 -16.5872
v  16.6515 0.1199 -16.5887
v  17.0626 0.0592 -15.6956
v  17.0580 0.1534 -15.6971
v  17.4457 0.0916 -14.8051
v  17.4412 0.1859 -14.8066
v  17.7931 0.1218 -13.9428
v  17.7885 0.2161 -13.9443
v  18.1005 0.1496 -13.1177
v  18.0960 0.2438 -13.1192
v  18.3804 0.1758 -12.3027
v  18.3758 0.2701 -12.3042
v  18.6451 0.2016 -11.4708
v  18.6406 0.2959 -11.4723
v  18.9072 0.2280 -10.5951
v  18.9027 0.3223 -10.5966
v  19.1791 0.2560 -9.6484
v  19.1745 0.3502 -9.6499
v  19.4730 0.2865 -8.6039
v  19.4685 0.3808 -8.6053
v  19.8007 0.3209 -7.4206
v  19.7962 0.4151 -7.4220
v  20.1550 0.3585 -6.1089
v  20.1505 0.4528 -6.1104
v  20.5202 0.3980 -4.7188
v  20.5157 0.4922 -4.7203
v  20.8804 0.4376 -3.3000
v  20.8759 0.5319 -3.3015
v  21.2200 0.4759 -1.9023
v  21.2154 0.5702 -1.9038
v  21.5231 0.5114 -0.5755
v  21.5186 0.6056 -0.5770
v  21.7740 0.5424 0.6306
v  21.7695 0.6367 0.6291
v  21.9780 0.5695 1.7325
v  21.9735 0.6638 1.7310
v  22.1508 0.5943 2.7802
v  22.1463 0.6886 2.7787
v  22.2924 0.6168 3.7735
v  22.2879 0.7110 3.7720
v  22.4029 0.6369 4.7125
v  22.3983 0.7311 4.7110
v  22.4821 0.6546 5.5972
v  22.4776 0.7489 5.5957
v  22.5302 0.6700 6.4276
v  22.5257 0.7643 6.4261
v  14.8006 -0.2142 -20.1635
v  15.3007 -0.1761 -19.2674
v  15.7773 -0.1391 -18.3723
v  16.2306 -0.1033 -17.4784
v  16.6606 -0.0686 -16.5857
v  17.0671 -0.0351 -15.6941
v  17.4502 -0.0027 -14.8036
v  17.7976 0.0276 -13.9413
v  18.1050 0.0553 -13.1162
v  18.3849 0.0816 -12.3012
v  18.6497 0.1074 -11.4693
v  18.9118 0.1338 -10.5936
v  19.1836 0.1617 -9.6470
v  19.4775 0.1923 -8.6024
v  19.8052 0.2266 -7.4191
v  20.1595 0.2643 -6.1075
v  20.5247 0.3037 -4.7173
v  20.8849 0.3433 -3.2985
v  21.2245 0.3817 -1.9008
v  21.5276 0.4171 -0.5740
v  21.7785 0.4481 0.6320
v  21.9825 0.4753 1.7340
v  22.1553 0.5001 2.7816
v  22.2969 0.5225 3.7750
v  22.4074 0.5426 4.7140
v  22.4866 0.5604 5.5987
v  22.5347 0.5758 6.4291
v  6.3256 -0.3347 -14.0354
v  6.5126 -0.3220 -13.7524
v  6.6166 -0.3125 -13.4662
v  6.7824 -0.2987 -13.0975
v  7.0199 -0.2807 -12.6743
v  7.3137 -0.2591 -12.1987
v  7.6458 -0.2349 -11.6760
v  7.9986 -0.2091 -11.1109
v  8.3545 -0.1825 -10.5076
v  8.6951 -0.1562 -9.8715
v  9.0302 -0.1296 -9.2056
v  9.3796 -0.1019 -8.5054
v  9.7389 -0.0730 -7.7674
v  10.1029 -0.0433 -6.9896
v  10.4666 -0.0129 -6.1699
v  10.8248 0.0178 -5.3063
v  11.1723 0.0488 -4.3969
v  11.5198 0.0811 -3.4058
v  11.8754 0.1152 -2.3230
v  12.2300 0.1502 -1.1855
v  12.5745 0.1849 -0.0303
v  12.8996 0.2184 1.1055
v  13.1960 0.2496 2.1848
v  13.4547 0.2775 3.1708
v  13.6730 0.3022 4.0709
v  13.8579 0.3244 4.9200
v  14.0153 0.3446 5.7229
v  14.1509 0.3631 6.4846
v  14.2706 0.3803 7.2103
v  14.1622 0.3229 7.2291
v  14.1568 0.2814 7.2310
v  14.0426 0.3058 6.5046
v  14.0372 0.2642 6.5065
v  13.9073 0.2873 5.7445
v  13.9019 0.2458 5.7465
v  13.7504 0.2671 4.9437
v  13.7450 0.2256 4.9459
v  13.5660 0.2449 4.0970
v  13.5607 0.2034 4.0994
v  13.3483 0.2204 3.1993
v  13.3430 0.1788 3.2018
v  13.0900 0.1925 2.2149
v  13.0847 0.1510 2.2175
v  12.7939 0.1613 1.1369
v  12.7886 0.1198 1.1395
v  12.4691 0.1278 0.0022
v  12.4639 0.0863 0.0050
v  12.1251 0.0931 -1.1518
v  12.1199 0.0516 -1.1489
v  11.7709 0.0583 -2.2878
v  11.7657 0.0168 -2.2849
v  11.4159 0.0242 -3.3687
v  11.4108 -0.0173 -3.3656
v  11.0693 -0.0080 -4.3572
v  11.0642 -0.0495 -4.3540
v  10.7229 -0.0389 -5.2637
v  10.7179 -0.0804 -5.2603
v  10.3658 -0.0696 -6.1246
v  10.3609 -0.1111 -6.1210
v  10.0032 -0.0998 -6.9420
v  9.9983 -0.1413 -6.9382
v  9.6400 -0.1295 -7.7180
v  9.6352 -0.1710 -7.7141
v  9.2813 -0.1583 -8.4547
v  9.2766 -0.1998 -8.4508
v  8.9323 -0.1860 -9.1542
v  8.9276 -0.2275 -9.1502
v  8.5979 -0.2126 -9.8187
v  8.5932 -0.2540 -9.8146
v  8.2591 -0.2388 -10.4515
v  8.2546 -0.2802 -10.4472
v  7.9051 -0.2652 -11.0517
v  7.9006 -0.3066 -11.0471
v  7.5532 -0.2909 -11.6152
v  7.5489 -0.3324 -11.6105
v  7.2210 -0.3151 -12.1380
v  7.2166 -0.3565 -12.1334
v  6.9256 -0.3368 -12.6163
v  6.9211 -0.3783 -12.6118
v  6.6845 -0.3551 -13.0459
v  6.6798 -0.3966 -13.0418
v  6.5150 -0.3692 -13.4230
v  6.5100 -0.4107 -13.4195
v  6.4085 -0.3789 -13.7158
v  6.4034 -0.4204 -13.7128
v  6.3391 -0.3855 -13.9226
v  6.3355 -0.3565 -13.9454
v  6.3310 -0.3396 -13.9830
v  14.1661 0.2405 7.2304
v  14.0466 0.2234 6.5059
v  13.9113 0.2049 5.7458
v  13.7543 0.1847 4.9450
v  13.5699 0.1626 4.0983
v  13.3522 0.1380 3.2006
v  13.0940 0.1101 2.2162
v  12.7978 0.0789 1.1381
v  12.4731 0.0454 0.0035
v  12.1290 0.0107 -1.1505
v  11.7749 -0.0241 -2.2865
v  11.4198 -0.0582 -3.3674
v  11.0732 -0.0904 -4.3559
v  10.7268 -0.1213 -5.2624
v  10.3698 -0.1520 -6.1233
v  10.0071 -0.1822 -6.9407
v  9.6439 -0.2119 -7.7167
v  9.2853 -0.2407 -8.4534
v  8.9362 -0.2684 -9.1529
v  8.6019 -0.2949 -9.8174
v  8.2631 -0.3212 -10.4502
v  7.9090 -0.3476 -11.0504
v  7.5572 -0.3733 -11.6139
v  7.2249 -0.3975 -12.1367
v  6.9295 -0.4192 -12.6150
v  6.6885 -0.4375 -13.0446
v  6.5189 -0.4516 -13.4217
v  6.4125 -0.4613 -13.7145
v  14.1830 0.3532 7.2251
v  14.2191 0.3724 7.2188
v  14.0634 0.3361 6.5003
v  14.0995 0.3552 6.4936
v  13.9280 0.3176 5.7399
v  13.9640 0.3367 5.7327
v  13.7710 0.2974 4.9387
v  13.8068 0.3165 4.9308
v  13.5865 0.2752 4.0915
v  13.6222 0.2943 4.0828
v  13.3687 0.2506 3.1933
v  13.4042 0.2697 3.1838
v  13.1103 0.2227 2.2086
v  13.1456 0.2418 2.1986
v  12.8141 0.1915 1.1303
v  12.8493 0.2106 1.1199
v  12.4893 0.1581 -0.0046
v  12.5244 0.1771 -0.0154
v  12.1452 0.1234 -1.1588
v  12.1802 0.1424 -1.1700
v  11.7909 0.0885 -2.2951
v  11.8257 0.1075 -2.3069
v  11.4358 0.0544 -3.3764
v  11.4704 0.0734 -3.3888
v  11.0890 0.0222 -4.3654
v  11.1233 0.0412 -4.3787
v  10.7424 -0.0087 -5.2725
v  10.7763 0.0102 -5.2867
v  10.3851 -0.0394 -6.1339
v  10.4187 -0.0205 -6.1490
v  10.0222 -0.0697 -6.9518
v  10.0555 -0.0508 -6.9677
v  9.6588 -0.0993 -7.7282
v  9.6918 -0.0805 -7.7447
v  9.3001 -0.1282 -8.4652
v  9.3328 -0.1093 -8.4820
v  8.9510 -0.1559 -9.1648
v  8.9836 -0.1371 -9.1819
v  8.6165 -0.1824 -9.8296
v  8.6489 -0.1636 -9.8471
v  8.2773 -0.2087 -10.4630
v  8.3091 -0.1899 -10.4817
v  7.9229 -0.2351 -11.0638
v  7.9541 -0.2164 -11.0836
v  7.5708 -0.2609 -11.6276
v  7.6017 -0.2422 -11.6479
v  7.2386 -0.2851 -12.1505
v  7.2695 -0.2664 -12.1707
v  6.9435 -0.3067 -12.6282
v  6.9750 -0.2880 -12.6475
v  6.7032 -0.3250 -13.0565
v  6.7358 -0.3062 -13.0737
v  6.5344 -0.3390 -13.4319
v  6.5683 -0.3201 -13.4463
v  6.4285 -0.3487 -13.7234
v  6.4632 -0.3297 -13.7356
v  14.1897 0.2122 7.2273
v  14.2275 0.1964 7.2216
v  14.2796 0.1932 7.2133
v  14.0702 0.1950 6.5025
v  14.1079 0.1792 6.4964
v  14.1599 0.1760 6.4876
v  13.9348 0.1766 5.7421
v  13.9724 0.1608 5.7354
v  13.7778 0.1564 4.9409
v  13.8153 0.1406 4.9335
v  14.0242 0.1575 5.7258
v  13.8669 0.1373 4.9229
v  13.5933 0.1342 4.0937
v  13.6306 0.1184 4.0856
v  13.3754 0.1096 3.1955
v  13.4126 0.0937 3.1866
v  13.6820 0.1150 4.0738
v  13.4637 0.0904 3.1737
v  13.1171 0.0817 2.2108
v  13.1541 0.0658 2.2014
v  12.8209 0.0505 1.1325
v  12.8578 0.0346 1.1226
v  12.9085 0.0312 1.1085
v  13.2050 0.0624 2.1878
v  12.4961 0.0170 -0.0024
v  12.5329 0.0011 -0.0126
v  12.1519 -0.0177 -1.1566
v  12.1886 -0.0336 -1.1673
v  12.5835 -0.0023 -0.0273
v  12.2390 -0.0370 -1.1825
v  11.7977 -0.0525 -2.2929
v  11.8342 -0.0685 -2.3041
v  11.8844 -0.0719 -2.3201
v  11.4425 -0.0866 -3.3742
v  11.4788 -0.1026 -3.3860
v  11.5288 -0.1060 -3.4028
v  11.0957 -0.1188 -4.3632
v  11.1317 -0.1348 -4.3759
v  11.1812 -0.1383 -4.3939
v  10.7491 -0.1497 -5.2703
v  10.7848 -0.1658 -5.2839
v  10.8337 -0.1693 -5.3033
v  10.3918 -0.1804 -6.1317
v  10.4271 -0.1965 -6.1463
v  10.4756 -0.2001 -6.1669
v  10.0290 -0.2107 -6.9496
v  10.0639 -0.2268 -6.9649
v  10.1119 -0.2305 -6.9866
v  9.6656 -0.2404 -7.7260
v  9.7002 -0.2565 -7.7419
v  9.7478 -0.2602 -7.7645
v  9.3068 -0.2692 -8.4629
v  9.3413 -0.2853 -8.4793
v  9.3886 -0.2890 -8.5024
v  8.9577 -0.2970 -9.1626
v  8.9921 -0.3131 -9.1791
v  9.0392 -0.3168 -9.2026
v  8.6232 -0.3235 -9.8273
v  8.6573 -0.3396 -9.8444
v  8.7041 -0.3434 -9.8685
v  8.2841 -0.3497 -10.4608
v  8.3175 -0.3659 -10.4789
v  8.3635 -0.3697 -10.5046
v  7.9296 -0.3762 -11.0616
v  7.9625 -0.3924 -11.0808
v  8.0076 -0.3963 -11.1080
v  7.5776 -0.4019 -11.6254
v  7.6101 -0.4182 -11.6451
v  7.6548 -0.4221 -11.6731
v  7.2454 -0.4261 -12.1482
v  7.2779 -0.4424 -12.1679
v  7.3226 -0.4463 -12.1957
v  6.9503 -0.4478 -12.6260
v  6.9834 -0.4640 -12.6448
v  7.0289 -0.4679 -12.6714
v  6.7100 -0.4661 -13.0543
v  6.7443 -0.4822 -13.0709
v  6.7914 -0.4859 -13.0945
v  6.5412 -0.4801 -13.4297
v  6.5767 -0.4961 -13.4436
v  6.6256 -0.4997 -13.4633
v  6.4352 -0.4897 -13.7212
v  6.4716 -0.5057 -13.7328
v  6.5216 -0.5091 -13.7494
v  15.7012 0.2385 3.7905
v  15.6860 0.2374 3.7689
v  15.6802 0.2370 3.7617
v  15.6702 0.2363 3.7493
v  15.6538 0.2353 3.7317
v  15.6367 0.2342 3.7160
v  15.6362 0.2342 3.7156
v  15.6355 0.2341 3.7151
v  15.6209 0.2333 3.7039
v  15.6208 0.2333 3.7038
v  15.6194 0.2332 3.7027
v  15.6193 0.2332 3.7027
v  15.6193 0.2332 3.7026
v  15.6192 0.2332 3.7026
v  15.6189 0.2332 3.7024
v  15.6006 0.2321 3.6907
v  15.5958 0.2318 3.6883
v  15.5944 0.2318 3.6876
v  15.5816 0.2310 3.6811
v  15.5803 0.2310 3.6805
v  15.5801 0.2310 3.6805
v  15.5791 0.2309 3.6801
v  15.5747 0.2307 3.6783
v  15.5740 0.2306 3.6781
v  15.5731 0.2306 3.6777
v  15.5617 0.2300 3.6731
v  15.5578 0.2298 3.6719
v  15.5563 0.2297 3.6715
v  15.5506 0.2294 3.6697
v  15.5472 0.2292 3.6687
v  15.5405 0.2289 3.6666
v  15.5183 0.2277 3.6616
v  15.5081 0.2272 3.6600
v  15.5023 0.2269 3.6591
v  15.5021 0.2269 3.6591
v  15.5019 0.2269 3.6591
v  15.5004 0.2268 3.6588
v  15.4948 0.2265 3.6580
v  15.4876 0.2262 3.6573
v  15.4828 0.2259 3.6569
v  15.4778 0.2257 3.6565
v  15.4701 0.2253 3.6558
v  15.4645 0.2250 3.6556
v  15.4443 0.2241 3.6551
v  15.4341 0.2236 3.6553
v  15.4303 0.2234 3.6554
v  15.4258 0.2232 3.6556
v  15.4184 0.2228 3.6557
v  15.4172 0.2228 3.6558
v  15.4171 0.2228 3.6540
v  15.4163 0.2226 3.6439
v  15.4158 0.2224 3.6378
v  15.4154 0.2223 3.6327
v  15.4143 0.2221 3.6197
v  15.4137 0.2219 3.6116
v  15.4114 0.2214 3.5835
v  15.4108 0.2212 3.5761
v  15.4101 0.2210 3.5669
v  15.4096 0.2209 3.5611
v  15.4091 0.2208 3.5555
v  15.4085 0.2207 3.5476
v  15.4081 0.2206 3.5420
v  15.4079 0.2205 3.5404
v  15.4079 0.2205 3.5402
v  15.4079 0.2205 3.5400
v  15.4074 0.2204 3.5343
v  15.4067 0.2202 3.5247
v  15.4052 0.2199 3.5063
v  15.4043 0.2196 3.4958
v  15.4154 0.2202 3.4946
v  15.4197 0.2204 3.4942
v  15.4219 0.2205 3.4939
v  15.4256 0.2206 3.4935
v  15.4265 0.2207 3.4934
v  15.4290 0.2208 3.4932
v  15.4404 0.2213 3.4920
v  15.4456 0.2216 3.4918
v  15.4459 0.2216 3.4918
v  15.4482 0.2217 3.4917
v  15.4489 0.2217 3.4917
v  15.4511 0.2218 3.4916
v  15.4512 0.2218 3.4916
v  15.4513 0.2218 3.4916
v  15.4527 0.2219 3.4916
v  15.4536 0.2219 3.4916
v  15.4540 0.2219 3.4916
v  15.4569 0.2221 3.4915
v  15.4757 0.2230 3.4909
v  15.4842 0.2234 3.4913
v  15.5044 0.2244 3.4922
v  15.5105 0.2247 3.4925
v  15.5387 0.2261 3.4961
v  15.5446 0.2264 3.4968
v  15.5698 0.2276 3.5022
v  15.5780 0.2281 3.5039
v  15.6000 0.2292 3.5105
v  15.6100 0.2297 3.5135
v  15.6108 0.2298 3.5137
v  15.6430 0.2315 3.5262
v  15.6729 0.2332 3.5407
v  15.6740 0.2332 3.5413
v  15.7032 0.2349 3.5587
v  15.7308 0.2365 3.5786
v  15.7566 0.2381 3.6008
v  15.7631 0.2385 3.6073
v  15.7712 0.2391 3.6156
v  15.7808 0.2397 3.6253
v  15.8032 0.2412 3.6523
v  15.8239 0.2426 3.6817
v  15.8275 0.2429 3.6876
v  15.8429 0.2440 3.7135
v  15.8465 0.2443 3.7207
v  15.8536 0.2449 3.7347
v  15.8595 0.2453 3.7464
v  15.8603 0.2454 3.7479
v  15.8625 0.2456 3.7531
v  15.8760 0.2467 3.7850
v  15.8764 0.2468 3.7862
v  15.8880 0.2478 3.8189
v  15.8900 0.2480 3.8246
v  15.8981 0.2489 3.8523
v  15.9024 0.2493 3.8667
v  15.9024 0.2493 3.8669
v  15.9097 0.2501 3.8975
v  15.9131 0.2505 3.9118
v  15.9222 0.2517 3.9592
v  15.9251 0.2522 3.9800
v  15.9253 0.2522 3.9810
v  15.9269 0.2524 3.9921
v  15.9276 0.2526 3.9973
v  15.9291 0.2529 4.0143
v  15.9308 0.2533 4.0347
v  15.9309 0.2534 4.0400
v  15.9310 0.2534 4.0428
v  15.9312 0.2536 4.0507
v  15.9313 0.2536 4.0526
v  15.9315 0.2538 4.0609
v  15.9317 0.2539 4.0683
v  15.9318 0.2539 4.0712
v  15.9313 0.2541 4.0858
v  15.9306 0.2544 4.1071
v  15.9294 0.2546 4.1194
v  15.9272 0.2548 4.1421
v  15.9250 0.2549 4.1553
v  15.9247 0.2550 4.1572
v  15.9239 0.2550 4.1623
v  15.9238 0.2550 4.1628
v  15.9235 0.2550 4.1646
v  15.9233 0.2550 4.1656
v  15.9229 0.2550 4.1683
v  15.9226 0.2551 4.1699
v  15.9216 0.2551 4.1764
v  15.9194 0.2551 4.1858
v  15.9193 0.2552 4.1861
v  15.9188 0.2552 4.1881
v  15.9169 0.2552 4.1965
v  15.9138 0.2553 4.2100
v  15.9113 0.2553 4.2180
v  15.9093 0.2553 4.2244
v  15.9088 0.2553 4.2260
v  15.9048 0.2553 4.2390
v  15.9039 0.2553 4.2422
v  15.8985 0.2553 4.2560
v  15.8971 0.2553 4.2595
v  15.8965 0.2553 4.2611
v  15.8920 0.2552 4.2727
v  15.8893 0.2552 4.2783
v  15.8819 0.2551 4.2937
v  15.8818 0.2551 4.2940
v  15.8782 0.2550 4.3015
v  15.8624 0.2547 4.3284
v  15.8589 0.2546 4.3333
v  15.8540 0.2545 4.3403
v  15.8507 0.2544 4.3450
v  15.8447 0.2542 4.3536
v  15.8422 0.2542 4.3565
v  15.8330 0.2539 4.3675
v  15.8250 0.2537 4.3770
v  15.8236 0.2536 4.3783
v  15.8224 0.2536 4.3796
v  15.8136 0.2533 4.3884
v  15.8065 0.2531 4.3955
v  15.8036 0.2530 4.3983
v  15.8033 0.2530 4.3986
v  15.7989 0.2528 4.4024
v  15.7971 0.2528 4.4040
v  15.7931 0.2526 4.4073
v  15.7892 0.2525 4.4106
v  15.7875 0.2524 4.4121
v  15.7865 0.2524 4.4129
v  15.7803 0.2522 4.4182
v  15.7787 0.2521 4.4194
v  15.7563 0.2513 4.4356
v  15.7430 0.2508 4.4437
v  15.7429 0.2508 4.4437
v  15.7315 0.2504 4.4507
v  15.7232 0.2500 4.4548
v  15.7058 0.2493 4.4635
v  15.7009 0.2491 4.4654
v  15.6793 0.2482 4.4740
v  15.6518 0.2471 4.4823
v  15.6417 0.2466 4.4845
v  15.6235 0.2458 4.4883
v  15.6210 0.2457 4.4887
v  15.5949 0.2445 4.4921
v  15.5878 0.2442 4.4925
v  15.5668 0.2432 4.4936
v  15.5449 0.2421 4.4929
v  15.5394 0.2419 4.4928
v  15.5125 0.2405 4.4897
v  15.5018 0.2400 4.4874
v  15.4952 0.2396 4.4861
v  15.4940 0.2396 4.4858
v  15.4869 0.2392 4.4844
v  15.4862 0.2392 4.4842
v  15.4606 0.2378 4.4765
v  15.4356 0.2365 4.4665
v  15.4112 0.2351 4.4541
v  15.3931 0.2341 4.4427
v  15.3875 0.2338 4.4391
v  15.3645 0.2324 4.4217
v  15.3422 0.2310 4.4016
v  15.3396 0.2308 4.3989
v  15.3207 0.2296 4.3791
v  15.3193 0.2295 4.3774
v  15.3151 0.2292 4.3724
v  15.3032 0.2285 4.3581
v  15.2998 0.2282 4.3540
v  15.2893 0.2275 4.3396
v  15.2797 0.2268 4.3264
v  15.2656 0.2258 4.3040
v  15.2634 0.2256 4.3001
v  15.2613 0.2255 4.2964
v  15.2501 0.2246 4.2764
v  15.2332 0.2233 4.2437
v  15.2150 0.2218 4.2059
v  15.1955 0.2202 4.1630
v  15.1943 0.2201 4.1603
v  15.1746 0.2185 4.1150
v  15.1523 0.2166 4.0619
v  15.1404 0.2155 4.0338
v  15.1387 0.2154 4.0298
v  15.1386 0.2154 4.0297
v  15.1385 0.2154 4.0294
v  15.1385 0.2154 4.0292
v  15.1382 0.2154 4.0286
v  15.1380 0.2153 4.0282
v  15.1380 0.2153 4.0280
v  15.1379 0.2153 4.0278
v  15.1374 0.2153 4.0268
v  15.1373 0.2153 4.0264
v  15.1300 0.2147 4.0093
v  15.1088 0.2129 3.9630
v  15.0888 0.2113 3.9231
v  15.0809 0.2107 3.9092
v  15.0777 0.2105 3.9034
v  15.0699 0.2099 3.8894
v  15.0686 0.2098 3.8875
v  15.0672 0.2097 3.8853
v  15.0621 0.2093 3.8774
v  15.0578 0.2090 3.8708
v  15.0521 0.2086 3.8621
v  15.0356 0.2075 3.8410
v  15.0234 0.2067 3.8294
v  15.0202 0.2065 3.8263
v  15.0143 0.2062 3.8222
v  15.0111 0.2060 3.8199
v  15.0050 0.2056 3.8155
v  15.0026 0.2055 3.8143
v  15.0017 0.2054 3.8138
v  14.9891 0.2047 3.8070
v  14.9726 0.2038 3.8005
v  14.9615 0.2033 3.7978
v  14.9613 0.2033 3.7977
v  14.9555 0.2030 3.7963
v  14.9377 0.2021 3.7942
v  14.9329 0.2018 3.7942
v  14.9328 0.2018 3.7942
v  14.9281 0.2016 3.7942
v  14.9280 0.2016 3.7942
v  14.9193 0.2012 3.7942
v  14.9002 0.2003 3.7964
v  14.8951 0.2001 3.7977
v  14.8950 0.2001 3.7977
v  14.8857 0.1997 3.7999
v  14.8786 0.1994 3.8016
v  14.8584 0.1985 3.8094
v  14.8395 0.1978 3.8198
v  14.8221 0.1972 3.8329
v  14.8061 0.1967 3.8487
v  14.7985 0.1964 3.8583
v  14.7915 0.1963 3.8670
v  14.7915 0.1962 3.8671
v  14.7783 0.1960 3.8882
v  14.7726 0.1959 3.9004
v  14.7672 0.1958 3.9121
v  14.7589 0.1958 3.9389
v  14.7535 0.1960 3.9688
v  14.7516 0.1963 3.9926
v  14.7509 0.1964 4.0015
v  14.7510 0.1967 4.0208
v  14.7510 0.1968 4.0242
v  14.7511 0.1970 4.0372
v  14.7526 0.1974 4.0566
v  14.7538 0.1977 4.0715
v  14.7542 0.1978 4.0759
v  14.7551 0.1979 4.0828
v  14.7561 0.1981 4.0895
v  14.7582 0.1984 4.1046
v  14.7598 0.1987 4.1155
v  14.7600 0.1987 4.1172
v  14.7600 0.1987 4.1176
v  14.7613 0.1989 4.1238
v  14.7615 0.1989 4.1250
v  14.7658 0.1994 4.1462
v  14.7680 0.1997 4.1573
v  14.7709 0.2000 4.1679
v  14.7710 0.2000 4.1683
v  14.7770 0.2007 4.1900
v  14.7780 0.2008 4.1938
v  14.7803 0.2010 4.2002
v  14.7882 0.2017 4.2222
v  14.7892 0.2018 4.2250
v  14.7899 0.2019 4.2269
v  14.7919 0.2020 4.2313
v  14.7927 0.2021 4.2330
v  14.8005 0.2027 4.2497
v  14.8038 0.2030 4.2567
v  14.8149 0.2038 4.2754
v  14.8196 0.2042 4.2833
v  14.8375 0.2054 4.3065
v  14.8573 0.2067 4.3264
v  14.8591 0.2068 4.3279
v  14.8790 0.2080 4.3432
v  14.9027 0.2093 4.3571
v  14.9176 0.2101 4.3635
v  14.9186 0.2102 4.3640
v  14.9213 0.2103 4.3651
v  14.9283 0.2107 4.3682
v  14.9553 0.2121 4.3761
v  14.9555 0.2121 4.3762
v  14.9558 0.2121 4.3763
v  14.9853 0.2136 4.3815
v  15.0167 0.2152 4.3838
v  15.0303 0.2158 4.3835
v  15.0305 0.2158 4.3835
v  15.0312 0.2159 4.3835
v  15.0357 0.2161 4.3834
v  15.0500 0.2168 4.3832
v  15.0515 0.2171 4.3994
v  15.0520 0.2172 4.4040
v  15.0520 0.2172 4.4047
v  15.0521 0.2172 4.4049
v  15.0533 0.2175 4.4179
v  15.0554 0.2179 4.4407
v  15.0568 0.2182 4.4557
v  15.0605 0.2190 4.4944
v  15.0605 0.2190 4.4946
v  15.0605 0.2190 4.4947
v  15.0620 0.2193 4.5104
v  15.0622 0.2194 4.5135
v  15.0624 0.2194 4.5146
v  15.0624 0.2194 4.5150
v  15.0629 0.2196 4.5209
v  15.0635 0.2197 4.5271
v  15.0638 0.2197 4.5297
v  15.0638 0.2197 4.5299
v  15.0640 0.2198 4.5324
v  15.0645 0.2199 4.5380
v  15.0652 0.2200 4.5448
v  15.0515 0.2194 4.5461
v  15.0352 0.2187 4.5476
v  15.0336 0.2186 4.5478
v  15.0103 0.2175 4.5483
v  15.0059 0.2173 4.5484
v  15.0026 0.2171 4.5484
v  14.9920 0.2166 4.5479
v  14.9734 0.2157 4.5468
v  14.9722 0.2156 4.5468
v  14.9457 0.2143 4.5432
v  14.9424 0.2141 4.5428
v  14.9193 0.2130 4.5377
v  14.9132 0.2126 4.5364
v  14.8845 0.2111 4.5277
v  14.8832 0.2111 4.5272
v  14.8564 0.2096 4.5167
v  14.8392 0.2087 4.5082
v  14.8293 0.2081 4.5034
v  14.8036 0.2066 4.4877
v  14.7793 0.2052 4.4698
v  14.7779 0.2051 4.4685
v  14.7575 0.2038 4.4505
v  14.7564 0.2038 4.4495
v  14.7348 0.2024 4.4269
v  14.7147 0.2010 4.4020
v  14.6960 0.1997 4.3748
v  14.6787 0.1984 4.3456
v  14.6786 0.1984 4.3455
v  14.6631 0.1972 4.3148
v  14.6491 0.1960 4.2823
v  14.6420 0.1954 4.2628
v  14.6367 0.1949 4.2481
v  14.6307 0.1943 4.2283
v  14.6259 0.1938 4.2122
v  14.6167 0.1928 4.1747
v  14.6117 0.1921 4.1489
v  14.6111 0.1920 4.1458
v  14.6103 0.1919 4.1414
v  14.6092 0.1918 4.1356
v  14.6060 0.1913 4.1134
v  14.6040 0.1910 4.0996
v  14.6024 0.1906 4.0824
v  14.6022 0.1906 4.0805
v  14.6020 0.1905 4.0783
v  14.6020 0.1905 4.0777
v  14.6007 0.1903 4.0643
v  14.6003 0.1901 4.0542
v  14.6002 0.1900 4.0504
v  14.6001 0.1900 4.0479
v  14.5999 0.1899 4.0417
v  14.5997 0.1898 4.0385
v  14.5994 0.1897 4.0308
v  14.5994 0.1897 4.0300
v  14.5994 0.1897 4.0296
v  14.5995 0.1896 4.0256
v  14.5997 0.1894 4.0137
v  14.6000 0.1891 3.9955
v  14.6008 0.1890 3.9838
v  14.6009 0.1890 3.9828
v  14.6014 0.1889 3.9770
v  14.6014 0.1889 3.9769
v  14.6016 0.1889 3.9739
v  14.6018 0.1888 3.9704
v  14.6024 0.1887 3.9635
v  14.6024 0.1887 3.9631
v  14.6025 0.1887 3.9621
v  14.6027 0.1887 3.9604
v  14.6032 0.1887 3.9567
v  14.6039 0.1886 3.9513
v  14.6043 0.1886 3.9489
v  14.6046 0.1886 3.9464
v  14.6048 0.1886 3.9447
v  14.6056 0.1885 3.9388
v  14.6069 0.1884 3.9293
v  14.6132 0.1882 3.8972
v  14.6141 0.1882 3.8940
v  14.6178 0.1882 3.8801
v  14.6215 0.1881 3.8663
v  14.6255 0.1881 3.8551
v  14.6318 0.1882 3.8372
v  14.6344 0.1882 3.8314
v  14.6441 0.1883 3.8098
v  14.6445 0.1883 3.8091
v  14.6501 0.1884 3.7989
v  14.6560 0.1885 3.7883
v  14.6583 0.1886 3.7841
v  14.6684 0.1888 3.7693
v  14.6745 0.1890 3.7602
v  14.6819 0.1892 3.7512
v  14.6820 0.1892 3.7512
v  14.6886 0.1894 3.7431
v  14.6927 0.1895 3.7381
v  14.6961 0.1896 3.7347
v  14.7109 0.1901 3.7198
v  14.7129 0.1901 3.7177
v  14.7260 0.1906 3.7065
v  14.7345 0.1909 3.6993
v  14.7412 0.1911 3.6945
v  14.7562 0.1917 3.6836
v  14.7570 0.1917 3.6830
v  14.7677 0.1921 3.6765
v  14.7678 0.1921 3.6764
v  14.7714 0.1922 3.6742
v  14.7804 0.1926 3.6688
v  14.7836 0.1927 3.6672
v  14.8047 0.1936 3.6567
v  14.8103 0.1938 3.6545
v  14.8103 0.1938 3.6544
v  14.8137 0.1939 3.6531
v  14.8247 0.1944 3.6488
v  14.8278 0.1945 3.6475
v  14.8279 0.1945 3.6475
v  14.8298 0.1946 3.6467
v  14.8341 0.1948 3.6454
v  14.8420 0.1951 3.6431
v  14.8466 0.1953 3.6417
v  14.8470 0.1953 3.6416
v  14.8478 0.1954 3.6413
v  14.8559 0.1957 3.6389
v  14.8759 0.1966 3.6346
v  14.8761 0.1966 3.6346
v  14.8781 0.1967 3.6342
v  14.8828 0.1969 3.6332
v  14.9075 0.1980 3.6299
v  14.9216 0.1987 3.6291
v  14.9228 0.1988 3.6291
v  14.9286 0.1990 3.6287
v  14.9318 0.1992 3.6286
v  14.9403 0.1996 3.6288
v  14.9557 0.2003 3.6291
v  14.9793 0.2015 3.6317
v  14.9818 0.2016 3.6321
v  15.0025 0.2027 3.6361
v  15.0253 0.2039 3.6425
v  15.0462 0.2050 3.6502
v  15.0477 0.2051 3.6508
v  15.0565 0.2056 3.6549
v  15.0697 0.2063 3.6611
v  15.0788 0.2068 3.6664
v  15.0910 0.2075 3.6734
v  15.1026 0.2082 3.6815
v  15.1116 0.2087 3.6877
v  15.1317 0.2099 3.7041
v  15.1373 0.2103 3.7095
v  15.1479 0.2110 3.7195
v  15.1512 0.2111 3.7226
v  15.1700 0.2124 3.7431
v  15.1883 0.2136 3.7656
v  15.2001 0.2144 3.7822
v  15.2027 0.2146 3.7858
v  15.2102 0.2152 3.7978
v  15.2136 0.2154 3.8032
v  15.2180 0.2157 3.8103
v  15.2266 0.2164 3.8254
v  15.2342 0.2170 3.8389
v  15.2359 0.2171 3.8420
v  15.2385 0.2173 3.8471
v  15.2415 0.2175 3.8527
v  15.2513 0.2183 3.8717
v  15.2517 0.2183 3.8724
v  15.2586 0.2189 3.8866
v  15.2636 0.2193 3.8968
v  15.2694 0.2197 3.9087
v  15.2762 0.2203 3.9235
v  15.2768 0.2203 3.9249
v  15.2793 0.2205 3.9304
v  15.2800 0.2206 3.9319
v  15.2883 0.2213 3.9499
v  15.2968 0.2220 3.9694
v  15.3081 0.2229 3.9952
v  15.3275 0.2246 4.0403
v  15.3444 0.2260 4.0787
v  15.3452 0.2261 4.0804
v  15.3582 0.2271 4.1095
v  15.3585 0.2272 4.1101
v  15.3611 0.2274 4.1158
v  15.3667 0.2278 4.1279
v  15.3753 0.2285 4.1463
v  15.3837 0.2292 4.1636
v  15.3877 0.2295 4.1719
v  15.3984 0.2304 4.1927
v  15.4074 0.2311 4.2086
v  15.4199 0.2320 4.2287
v  15.4327 0.2329 4.2468
v  15.4416 0.2335 4.2579
v  15.4418 0.2335 4.2582
v  15.4458 0.2338 4.2631
v  15.4486 0.2339 4.2661
v  15.4591 0.2346 4.2773
v  15.4664 0.2351 4.2840
v  15.4727 0.2355 4.2897
v  15.4865 0.2363 4.3000
v  15.5006 0.2371 4.3085
v  15.5018 0.2372 4.3090
v  15.5027 0.2372 4.3094
v  15.5033 0.2372 4.3097
v  15.5069 0.2374 4.3114
v  15.5150 0.2379 4.3152
v  15.5298 0.2387 4.3204
v  15.5450 0.2395 4.3242
v  15.5499 0.2397 4.3249
v  15.5573 0.2401 4.3260
v  15.5597 0.2402 4.3263
v  15.5598 0.2402 4.3263
v  15.5606 0.2402 4.3265
v  15.5636 0.2404 4.3266
v  15.5689 0.2406 4.3269
v  15.5765 0.2410 4.3273
v  15.5811 0.2412 4.3271
v  15.5928 0.2418 4.3266
v  15.5961 0.2419 4.3262
v  15.5963 0.2419 4.3262
v  15.6096 0.2426 4.3245
v  15.6130 0.2427 4.3237
v  15.6139 0.2427 4.3235
v  15.6145 0.2428 4.3234
v  15.6151 0.2428 4.3233
v  15.6158 0.2428 4.3231
v  15.6173 0.2429 4.3228
v  15.6259 0.2433 4.3209
v  15.6359 0.2437 4.3178
v  15.6368 0.2437 4.3175
v  15.6374 0.2438 4.3174
v  15.6380 0.2438 4.3172
v  15.6382 0.2438 4.3171
v  15.6384 0.2438 4.3170
v  15.6388 0.2438 4.3169
v  15.6391 0.2438 4.3168
v  15.6411 0.2439 4.3162
v  15.6416 0.2439 4.3160
v  15.6511 0.2443 4.3121
v  15.6568 0.2446 4.3097
v  15.6713 0.2451 4.3020
v  15.6845 0.2456 4.2935
v  15.6853 0.2457 4.2930
v  15.6888 0.2458 4.2902
v  15.6919 0.2459 4.2878
v  15.6950 0.2460 4.2854
v  15.6964 0.2461 4.2842
v  15.6986 0.2461 4.2825
v  15.7023 0.2463 4.2791
v  15.7079 0.2464 4.2739
v  15.7114 0.2466 4.2706
v  15.7218 0.2469 4.2590
v  15.7229 0.2469 4.2578
v  15.7233 0.2469 4.2574
v  15.7340 0.2472 4.2428
v  15.7437 0.2474 4.2268
v  15.7487 0.2475 4.2165
v  15.7522 0.2475 4.2094
v  15.7552 0.2476 4.2019
v  15.7583 0.2476 4.1940
v  15.7596 0.2476 4.1907
v  15.7604 0.2476 4.1882
v  15.7659 0.2476 4.1706
v  15.7692 0.2475 4.1572
v  15.7711 0.2475 4.1491
v  15.7712 0.2475 4.1487
v  15.7743 0.2474 4.1307
v  15.7751 0.2473 4.1266
v  15.7753 0.2473 4.1241
v  15.7769 0.2472 4.1108
v  15.7771 0.2471 4.1090
v  15.7771 0.2471 4.1086
v  15.7775 0.2471 4.1051
v  15.7777 0.2471 4.1034
v  15.7785 0.2469 4.0884
v  15.7790 0.2468 4.0795
v  15.7790 0.2468 4.0792
v  15.7790 0.2467 4.0775
v  15.7790 0.2466 4.0707
v  15.7790 0.2464 4.0573
v  15.7791 0.2464 4.0558
v  15.7791 0.2464 4.0548
v  15.7785 0.2462 4.0441
v  15.7780 0.2460 4.0339
v  15.7778 0.2459 4.0309
v  15.7778 0.2459 4.0295
v  15.7757 0.2455 4.0092
v  15.7755 0.2455 4.0072
v  15.7752 0.2454 4.0042
v  15.7752 0.2454 4.0038
v  15.7751 0.2454 4.0034
v  15.7734 0.2451 3.9913
v  15.7726 0.2450 3.9863
v  15.7712 0.2448 3.9766
v  15.7708 0.2447 3.9748
v  15.7697 0.2446 3.9690
v  15.7678 0.2443 3.9593
v  15.7673 0.2443 3.9568
v  15.7669 0.2442 3.9544
v  15.7664 0.2441 3.9519
v  15.7654 0.2440 3.9467
v  15.7645 0.2439 3.9432
v  15.7639 0.2439 3.9409
v  15.7629 0.2437 3.9370
v  15.7628 0.2437 3.9365
v  15.7626 0.2437 3.9355
v  15.7613 0.2436 3.9304
v  15.7581 0.2432 3.9178
v  15.7558 0.2430 3.9104
v  15.7530 0.2427 3.9014
v  15.7495 0.2424 3.8901
v  15.7423 0.2417 3.8709
v  15.7395 0.2415 3.8635
v  15.7293 0.2406 3.8408
v  15.7292 0.2406 3.8406
v  15.7281 0.2405 3.8380
v  15.7181 0.2397 3.8190
v  15.7153 0.2395 3.8137
v  15.9780 0.2647 4.6135
v  15.9887 0.2654 4.6237
v  15.9948 0.2658 4.6305
v  15.9988 0.2661 4.6351
v  16.0083 0.2667 4.6479
v  16.0147 0.2672 4.6589
v  16.0169 0.2674 4.6626
v  16.0200 0.2676 4.6690
v  16.0201 0.2676 4.6692
v  16.0229 0.2678 4.6750
v  16.0238 0.2679 4.6770
v  16.0247 0.2680 4.6789
v  16.0251 0.2680 4.6799
v  16.0260 0.2681 4.6822
v  16.0289 0.2684 4.6897
v  16.0299 0.2684 4.6923
v  16.0303 0.2685 4.6933
v  16.0317 0.2686 4.6970
v  16.0379 0.2692 4.7168
v  16.0416 0.2696 4.7318
v  16.0417 0.2696 4.7324
v  16.0432 0.2698 4.7384
v  16.0450 0.2700 4.7478
v  16.0477 0.2704 4.7617
v  16.0480 0.2704 4.7637
v  16.0480 0.2704 4.7638
v  16.0500 0.2707 4.7768
v  16.0518 0.2711 4.7925
v  16.0524 0.2712 4.8002
v  16.0524 0.2712 4.8003
v  16.0531 0.2714 4.8090
v  16.0540 0.2717 4.8261
v  16.0540 0.2717 4.8266
v  16.0542 0.2718 4.8336
v  16.0542 0.2718 4.8337
v  16.0544 0.2720 4.8426
v  16.0544 0.2720 4.8428
v  16.0544 0.2720 4.8438
v  16.0544 0.2721 4.8484
v  16.0544 0.2723 4.8598
v  16.0544 0.2723 4.8602
v  16.0544 0.2723 4.8622
v  16.0539 0.2726 4.8813
v  16.0340 0.2716 4.8818
v  16.0339 0.2716 4.8818
v  16.0213 0.2710 4.8821
v  16.0022 0.2701 4.8826
v  15.9938 0.2697 4.8828
v  15.9932 0.2697 4.8829
v  15.9927 0.2697 4.8829
v  15.9926 0.2697 4.8829
v  15.9923 0.2697 4.8829
v  15.9922 0.2697 4.8829
v  15.9918 0.2696 4.8829
v  15.9907 0.2696 4.8829
v  15.9905 0.2696 4.8829
v  15.9888 0.2695 4.8830
v  15.9885 0.2695 4.8830
v  15.9865 0.2694 4.8830
v  15.9790 0.2690 4.8832
v  15.9783 0.2690 4.8832
v  15.9763 0.2689 4.8833
v  15.9735 0.2688 4.8834
v  15.9670 0.2685 4.8835
v  15.9578 0.2680 4.8838
v  15.9564 0.2680 4.8838
v  15.9514 0.2677 4.8839
v  15.9480 0.2676 4.8840
v  15.9473 0.2675 4.8840
v  15.9439 0.2674 4.8841
v  15.9352 0.2670 4.8843
v  15.9252 0.2665 4.8846
v  15.9215 0.2663 4.8847
v  15.9188 0.2662 4.8848
v  15.9137 0.2659 4.8849
v  15.9136 0.2659 4.8796
v  15.9136 0.2658 4.8770
v  15.9136 0.2658 4.8768
v  15.9135 0.2657 4.8732
v  15.9135 0.2657 4.8727
v  15.9131 0.2655 4.8613
v  15.9126 0.2653 4.8506
v  15.9123 0.2653 4.8461
v  15.9122 0.2652 4.8452
v  15.9119 0.2652 4.8406
v  15.9113 0.2650 4.8333
v  15.9111 0.2650 4.8313
v  15.9100 0.2648 4.8228
v  15.9095 0.2647 4.8189
v  15.9090 0.2646 4.8160
v  15.9089 0.2646 4.8149
v  15.9073 0.2644 4.8069
v  15.9070 0.2644 4.8053
v  15.9048 0.2641 4.7965
v  15.9044 0.2641 4.7953
v  15.9023 0.2639 4.7884
v  15.9008 0.2637 4.7846
v  15.9003 0.2637 4.7835
v  15.8994 0.2636 4.7810
v  15.8988 0.2636 4.7798
v  15.8961 0.2633 4.7744
v  15.8925 0.2631 4.7684
v  15.8886 0.2628 4.7633
v  15.8877 0.2628 4.7623
v  15.8843 0.2625 4.7587
v  15.8799 0.2623 4.7546
v  15.8751 0.2620 4.7510
v  15.8702 0.2617 4.7479
v  15.8682 0.2616 4.7469
v  15.8661 0.2615 4.7458
v  15.8650 0.2614 4.7453
v  15.8637 0.2613 4.7447
v  15.8615 0.2612 4.7439
v  15.8595 0.2611 4.7431
v  15.8538 0.2608 4.7414
v  15.8530 0.2608 4.7413
v  15.8483 0.2605 4.7405
v  15.8470 0.2605 4.7403
v  15.8384 0.2600 4.7399
v  15.8368 0.2600 4.7399
v  15.8359 0.2599 4.7399
v  15.8314 0.2597 4.7400
v  15.8308 0.2597 4.7400
v  15.8293 0.2596 4.7401
v  15.8278 0.2595 4.7401
v  15.8185 0.2591 4.7408
v  15.8163 0.2590 4.7409
v  15.8159 0.2590 4.7410
v  15.8154 0.2590 4.7410
v  15.8140 0.2589 4.7412
v  15.8095 0.2587 4.7417
v  15.8049 0.2585 4.7421
v  15.8011 0.2583 4.7426
v  15.7849 0.2576 4.7448
v  15.7822 0.2574 4.7452
v  15.7789 0.2573 4.7458
v  15.7764 0.2572 4.7462
v  15.7669 0.2568 4.7477
v  15.7377 0.2554 4.7527
v  15.7370 0.2554 4.7528
v  15.7366 0.2554 4.7528
v  15.7360 0.2554 4.7530
v  15.6729 0.2525 4.7637
v  15.6610 0.2520 4.7657
v  15.6439 0.2512 4.7686
v  15.5716 0.2480 4.7809
v  15.5654 0.2477 4.7820
v  15.5587 0.2474 4.7831
v  15.5376 0.2464 4.7867
v  15.5277 0.2460 4.7884
v  15.5259 0.2459 4.7887
v  15.5147 0.2454 4.7906
v  15.4853 0.2441 4.7956
v  15.4558 0.2427 4.8006
v  15.4311 0.2416 4.8048
v  15.3523 0.2381 4.8182
v  15.3382 0.2374 4.8206
v  15.3187 0.2366 4.8239
v  15.3017 0.2358 4.8268
v  15.2944 0.2355 4.8281
v  15.2937 0.2354 4.8282
v  15.2903 0.2353 4.8288
v  15.2840 0.2350 4.8298
v  15.2822 0.2349 4.8301
v  15.2808 0.2349 4.8304
v  15.2768 0.2347 4.8311
v  15.2698 0.2344 4.8323
v  15.2694 0.2343 4.8323
v  15.2604 0.2339 4.8338
v  15.2593 0.2339 4.8340
v  15.2304 0.2326 4.8390
v  15.2355 0.2333 4.8693
v  15.2359 0.2334 4.8716
v  15.2372 0.2335 4.8792
v  15.2376 0.2336 4.8817
v  15.2413 0.2341 4.9040
v  15.2448 0.2346 4.9242
v  15.2570 0.2363 4.9966
v  15.2196 0.2347 5.0030
v  15.2005 0.2338 5.0062
v  15.1772 0.2327 5.0102
v  15.1454 0.2313 5.0156
v  15.1369 0.2309 5.0170
v  15.1356 0.2307 5.0093
v  15.1309 0.2301 4.9812
v  15.1289 0.2298 4.9697
v  15.1253 0.2293 4.9483
v  15.1209 0.2287 4.9223
v  15.1168 0.2281 4.8978
v  15.1103 0.2272 4.8594
v  15.0836 0.2260 4.8639
v  15.0681 0.2253 4.8666
v  15.0526 0.2246 4.8692
v  15.0280 0.2235 4.8734
v  15.0164 0.2229 4.8754
v  15.0109 0.2227 4.8763
v  14.9735 0.2210 4.8827
v  14.9460 0.2198 4.8873
v  14.9387 0.2194 4.8886
v  14.7911 0.2128 4.9137
v  14.8285 0.2130 4.8172
v  14.8302 0.2131 4.8129
v  14.8364 0.2131 4.7969
v  14.8446 0.2132 4.7759
v  14.8577 0.2132 4.7422
v  14.9252 0.2163 4.7307
v  14.9373 0.2168 4.7287
v  14.9494 0.2174 4.7266
v  14.9701 0.2183 4.7231
v  14.9732 0.2185 4.7226
v  15.0102 0.2201 4.7163
v  15.0218 0.2206 4.7143
v  15.0427 0.2216 4.7107
v  15.0483 0.2218 4.7098
v  15.0722 0.2229 4.7057
v  15.0731 0.2230 4.7056
v  15.0752 0.2231 4.7052
v  15.0777 0.2232 4.7048
v  15.0840 0.2234 4.7037
v  15.0833 0.2233 4.6997
v  15.0808 0.2230 4.6851
v  15.0778 0.2226 4.6672
v  15.0777 0.2226 4.6666
v  15.0774 0.2225 4.6648
v  15.0766 0.2224 4.6601
v  15.0739 0.2220 4.6445
v  15.0739 0.2220 4.6443
v  15.0738 0.2220 4.6435
v  15.0732 0.2219 4.6404
v  15.0709 0.2216 4.6263
v  15.0706 0.2216 4.6248
v  15.0691 0.2213 4.6158
v  15.0690 0.2213 4.6153
v  15.0685 0.2213 4.6122
v  15.0684 0.2212 4.6116
v  15.0676 0.2211 4.6072
v  15.0673 0.2211 4.6054
v  15.0646 0.2207 4.5894
v  15.0712 0.2210 4.5883
v  15.0713 0.2210 4.5883
v  15.0726 0.2211 4.5881
v  15.0737 0.2211 4.5879
v  15.0868 0.2217 4.5857
v  15.0892 0.2218 4.5853
v  15.0941 0.2220 4.5844
v  15.0956 0.2221 4.5842
v  15.1059 0.2226 4.5824
v  15.1104 0.2228 4.5816
v  15.1139 0.2229 4.5810
v  15.1155 0.2230 4.5808
v  15.1156 0.2230 4.5808
v  15.1171 0.2231 4.5805
v  15.1207 0.2232 4.5799
v  15.1239 0.2234 4.5793
v  15.1241 0.2234 4.5793
v  15.1247 0.2234 4.5792
v  15.1263 0.2235 4.5789
v  15.1340 0.2238 4.5776
v  15.1341 0.2238 4.5776
v  15.1342 0.2239 4.5776
v  15.1499 0.2246 4.5749
v  15.1847 0.2261 4.5690
v  15.1956 0.2277 4.6334
v  15.1984 0.2281 4.6501
v  15.1985 0.2281 4.6502
v  15.1985 0.2281 4.6503
v  15.1996 0.2282 4.6569
v  15.1998 0.2283 4.6582
v  15.1999 0.2283 4.6587
v  15.1999 0.2283 4.6588
v  15.2003 0.2283 4.6613
v  15.2008 0.2284 4.6639
v  15.2009 0.2284 4.6649
v  15.2010 0.2284 4.6650
v  15.2011 0.2284 4.6661
v  15.2015 0.2285 4.6684
v  15.2020 0.2286 4.6712
v  15.2030 0.2287 4.6770
v  15.2031 0.2287 4.6777
v  15.2040 0.2289 4.6833
v  15.2087 0.2291 4.6825
v  15.2093 0.2291 4.6824
v  15.2134 0.2293 4.6817
v  15.2152 0.2294 4.6814
v  15.2166 0.2294 4.6812
v  15.2172 0.2295 4.6810
v  15.2173 0.2295 4.6810
v  15.2179 0.2295 4.6809
v  15.2193 0.2295 4.6807
v  15.2206 0.2296 4.6805
v  15.2207 0.2296 4.6805
v  15.2209 0.2296 4.6804
v  15.2216 0.2296 4.6803
v  15.2246 0.2298 4.6798
v  15.2247 0.2298 4.6798
v  15.2310 0.2301 4.6787
v  15.2449 0.2307 4.6763
v  15.2885 0.2327 4.6689
v  15.3120 0.2337 4.6649
v  15.3159 0.2339 4.6643
v  15.3205 0.2341 4.6635
v  15.3251 0.2343 4.6627
v  15.3617 0.2360 4.6565
v  15.3692 0.2363 4.6552
v  15.3774 0.2367 4.6538
v  15.3788 0.2367 4.6536
v  15.3799 0.2368 4.6534
v  15.3879 0.2371 4.6520
v  15.3937 0.2374 4.6510
v  15.3973 0.2376 4.6504
v  15.4233 0.2387 4.6460
v  15.4245 0.2388 4.6458
v  15.4256 0.2388 4.6456
v  15.4381 0.2394 4.6435
v  15.4668 0.2407 4.6386
v  15.5135 0.2428 4.6307
v  15.5181 0.2430 4.6299
v  15.5189 0.2430 4.6297
v  15.5202 0.2431 4.6295
v  15.5870 0.2461 4.6181
v  15.5876 0.2461 4.6180
v  15.5896 0.2462 4.6177
v  15.5939 0.2464 4.6170
v  15.6334 0.2482 4.6102
v  15.6390 0.2485 4.6093
v  15.6407 0.2485 4.6090
v  15.6411 0.2486 4.6089
v  15.6417 0.2486 4.6088
v  15.6422 0.2486 4.6087
v  15.6450 0.2487 4.6083
v  15.6875 0.2506 4.6010
v  15.6876 0.2506 4.6010
v  15.6876 0.2507 4.6010
v  15.6877 0.2507 4.6010
v  15.6878 0.2507 4.6010
v  15.6879 0.2507 4.6010
v  15.6883 0.2507 4.6009
v  15.7285 0.2525 4.5941
v  15.7298 0.2526 4.5938
v  15.7310 0.2526 4.5936
v  15.7312 0.2526 4.5936
v  15.7321 0.2527 4.5935
v  15.7331 0.2527 4.5933
v  15.7690 0.2543 4.5876
v  15.8032 0.2559 4.5830
v  15.8097 0.2562 4.5823
v  15.8103 0.2562 4.5822
v  15.8288 0.2571 4.5803
v  15.8300 0.2571 4.5802
v  15.8336 0.2573 4.5798
v  15.8374 0.2575 4.5795
v  15.8377 0.2575 4.5795
v  15.8506 0.2581 4.5787
v  15.8507 0.2581 4.5787
v  15.8603 0.2585 4.5780
v  15.8831 0.2596 4.5777
v  15.8928 0.2601 4.5783
v  15.8929 0.2601 4.5783
v  15.8930 0.2601 4.5783
v  15.8931 0.2601 4.5783
v  15.8932 0.2601 4.5783
v  15.8936 0.2601 4.5784
v  15.9022 0.2605 4.5789
v  15.9174 0.2613 4.5815
v  15.9255 0.2617 4.5839
v  15.9301 0.2620 4.5853
v  15.9306 0.2620 4.5854
v  15.9312 0.2620 4.5857
v  15.9344 0.2622 4.5869
v  15.9391 0.2625 4.5889
v  15.9403 0.2625 4.5894
v  15.9432 0.2627 4.5906
v  15.9526 0.2632 4.5956
v  15.9553 0.2634 4.5970
v  15.9588 0.2636 4.5993
v  15.9610 0.2637 4.6007
v  15.9669 0.2640 4.6046
v  15.9672 0.2641 4.6049
v  15.9710 0.2643 4.6079
v  15.3097 0.2445 5.3524
v  15.3097 0.2445 5.3542
v  15.3097 0.2447 5.3693
v  15.3123 0.2452 5.3927
v  15.3134 0.2454 5.4020
v  15.3206 0.2463 5.4336
v  15.3235 0.2465 5.4417
v  15.3284 0.2470 5.4557
v  15.3310 0.2472 5.4631
v  15.3322 0.2473 5.4655
v  15.3347 0.2475 5.4704
v  15.3399 0.2480 5.4808
v  15.3448 0.2483 5.4905
v  15.3619 0.2496 5.5157
v  15.3652 0.2498 5.5195
v  15.3701 0.2501 5.5250
v  15.3823 0.2509 5.5388
v  15.4012 0.2521 5.5556
v  15.4032 0.2522 5.5573
v  15.4060 0.2524 5.5598
v  15.4110 0.2526 5.5633
v  15.4330 0.2539 5.5786
v  15.4480 0.2548 5.5866
v  15.4509 0.2550 5.5881
v  15.4570 0.2553 5.5913
v  15.4609 0.2555 5.5934
v  15.4631 0.2556 5.5945
v  15.4755 0.2563 5.5992
v  15.4960 0.2574 5.6067
v  15.5040 0.2578 5.6087
v  15.5075 0.2580 5.6095
v  15.5317 0.2592 5.6152
v  15.5518 0.2602 5.6177
v  15.5665 0.2610 5.6195
v  15.5702 0.2611 5.6200
v  15.5757 0.2614 5.6201
v  15.5945 0.2623 5.6206
v  15.6115 0.2631 5.6211
v  15.6402 0.2645 5.6193
v  15.6464 0.2648 5.6189
v  15.6465 0.2648 5.6189
v  15.6472 0.2648 5.6189
v  15.6557 0.2652 5.6184
v  15.6833 0.2665 5.6146
v  15.6846 0.2665 5.6145
v  15.7026 0.2674 5.6120
v  15.7184 0.2681 5.6088
v  15.7196 0.2681 5.6086
v  15.7518 0.2695 5.6020
v  15.7524 0.2696 5.6019
v  15.7530 0.2696 5.6017
v  15.7629 0.2700 5.5990
v  15.7637 0.2701 5.5987
v  15.7798 0.2708 5.5943
v  15.7806 0.2708 5.5941
v  15.7968 0.2715 5.5896
v  15.8063 0.2719 5.5861
v  15.8093 0.2720 5.5850
v  15.8311 0.2729 5.5769
v  15.8313 0.2729 5.5769
v  15.8374 0.2732 5.5746
v  15.8407 0.2733 5.5730
v  15.8412 0.2733 5.5728
v  15.8576 0.2740 5.5649
v  15.8581 0.2740 5.5647
v  15.8737 0.2747 5.5572
v  15.8827 0.2750 5.5516
v  15.8833 0.2750 5.5512
v  15.9058 0.2759 5.5373
v  15.9063 0.2759 5.5368
v  15.9069 0.2759 5.5364
v  15.9275 0.2766 5.5197
v  15.9276 0.2766 5.5197
v  15.9282 0.2767 5.5191
v  15.9284 0.2767 5.5190
v  15.9336 0.2768 5.5148
v  15.9365 0.2769 5.5117
v  15.9368 0.2769 5.5114
v  15.9413 0.2771 5.5066
v  15.9460 0.2772 5.5016
v  15.9484 0.2773 5.4991
v  15.9485 0.2773 5.4990
v  15.9542 0.2775 5.4930
v  15.9566 0.2776 5.4904
v  15.9571 0.2776 5.4899
v  15.9611 0.2777 5.4844
v  15.9626 0.2777 5.4823
v  15.9662 0.2778 5.4774
v  15.9695 0.2779 5.4729
v  15.9715 0.2780 5.4702
v  15.9728 0.2780 5.4683
v  15.9733 0.2780 5.4677
v  15.9764 0.2781 5.4634
v  15.9765 0.2780 5.4633
v  15.9765 0.2781 5.4632
v  15.9780 0.2781 5.4606
v  15.9807 0.2782 5.4559
v  15.9814 0.2782 5.4547
v  15.9825 0.2782 5.4527
v  15.9836 0.2782 5.4507
v  15.9836 0.2782 5.4506
v  15.9846 0.2782 5.4489
v  15.9854 0.2783 5.4475
v  15.9921 0.2784 5.4357
v  15.9932 0.2784 5.4329
v  15.9935 0.2784 5.4323
v  16.0038 0.2785 5.4071
v  16.0117 0.2784 5.3776
v  16.0137 0.2783 5.3628
v  16.0141 0.2782 5.3593
v  16.0145 0.2782 5.3565
v  16.0158 0.2781 5.3470
v  16.0158 0.2781 5.3466
v  16.0158 0.2781 5.3461
v  16.0158 0.2781 5.3432
v  16.0158 0.2779 5.3361
v  16.0160 0.2776 5.3155
v  16.0141 0.2773 5.2988
v  16.0123 0.2769 5.2831
v  16.0051 0.2761 5.2510
v  15.9945 0.2751 5.2211
v  15.9807 0.2740 5.1935
v  15.9798 0.2740 5.1922
v  15.9676 0.2731 5.1741
v  15.9643 0.2728 5.1691
v  15.9636 0.2728 5.1680
v  15.9556 0.2723 5.1590
v  15.9548 0.2722 5.1581
v  15.9475 0.2717 5.1498
v  15.9431 0.2715 5.1448
v  15.9361 0.2710 5.1386
v  15.9257 0.2704 5.1294
v  15.9194 0.2700 5.1239
v  15.9187 0.2699 5.1233
v  15.9146 0.2697 5.1205
v  15.9087 0.2694 5.1164
v  15.9074 0.2693 5.1155
v  15.9018 0.2690 5.1116
v  15.8925 0.2684 5.1051
v  15.8623 0.2667 5.0893
v  15.8617 0.2667 5.0891
v  15.8604 0.2666 5.0887
v  15.8560 0.2664 5.0871
v  15.8538 0.2663 5.0862
v  15.8535 0.2662 5.0862
v  15.8533 0.2662 5.0861
v  15.8507 0.2661 5.0851
v  15.8427 0.2657 5.0822
v  15.8291 0.2649 5.0773
v  15.8288 0.2649 5.0772
v  15.7928 0.2631 5.0690
v  15.7534 0.2611 5.0644
v  15.7434 0.2606 5.0642
v  15.7381 0.2604 5.0641
v  15.7258 0.2598 5.0639
v  15.7119 0.2591 5.0636
v  15.7110 0.2591 5.0636
v  15.6902 0.2581 5.0649
v  15.6813 0.2577 5.0655
v  15.6811 0.2577 5.0655
v  15.6784 0.2576 5.0657
v  15.6774 0.2575 5.0658
v  15.6731 0.2573 5.0660
v  15.6726 0.2573 5.0661
v  15.6654 0.2570 5.0665
v  15.6561 0.2565 5.0678
v  15.6557 0.2565 5.0679
v  15.6550 0.2565 5.0680
v  15.6544 0.2564 5.0680
v  15.6444 0.2560 5.0694
v  15.6440 0.2560 5.0695
v  15.6424 0.2559 5.0697
v  15.6169 0.2547 5.0732
v  15.6020 0.2541 5.0762
v  15.6011 0.2540 5.0764
v  15.6010 0.2540 5.0764
v  15.5995 0.2540 5.0767
v  15.5993 0.2540 5.0768
v  15.5991 0.2539 5.0768
v  15.5984 0.2539 5.0769
v  15.5871 0.2534 5.0792
v  15.5862 0.2534 5.0794
v  15.5688 0.2526 5.0830
v  15.5393 0.2513 5.0912
v  15.5392 0.2513 5.0913
v  15.5249 0.2507 5.0953
v  15.4852 0.2490 5.1101
v  15.4676 0.2483 5.1186
v  15.4672 0.2483 5.1188
v  15.4496 0.2476 5.1274
v  15.4181 0.2464 5.1472
v  15.3908 0.2455 5.1695
v  15.3895 0.2454 5.1710
v  15.3891 0.2454 5.1714
v  15.3885 0.2454 5.1720
v  15.3884 0.2454 5.1721
v  15.3861 0.2453 5.1745
v  15.3861 0.2453 5.1746
v  15.3838 0.2452 5.1770
v  15.3830 0.2452 5.1779
v  15.3815 0.2452 5.1795
v  15.3800 0.2451 5.1811
v  15.3797 0.2451 5.1814
v  15.3792 0.2451 5.1820
v  15.3718 0.2449 5.1899
v  15.3676 0.2447 5.1944
v  15.3484 0.2443 5.2210
v  15.3330 0.2440 5.2486
v  15.3215 0.2439 5.2773
v  15.3137 0.2440 5.3069
v  15.3124 0.2441 5.3176
v  15.3109 0.2442 5.3292
v  15.3106 0.2442 5.3316
v  15.3103 0.2442 5.3340
v  15.3101 0.2442 5.3356
v  15.3100 0.2442 5.3357
v  15.3098 0.2442 5.3376
v  15.3098 0.2443 5.3409
v  15.3098 0.2443 5.3437
v  15.3098 0.2444 5.3471
v  15.2638 0.2380 5.0829
v  15.2678 0.2381 5.0772
v  15.2695 0.2382 5.0749
v  15.2722 0.2383 5.0721
v  15.2838 0.2386 5.0601
v  15.3071 0.2394 5.0358
v  15.3159 0.2397 5.0290
v  15.3410 0.2406 5.0095
v  15.3459 0.2407 5.0057
v  15.3506 0.2409 5.0020
v  15.3511 0.2409 5.0017
v  15.3511 0.2409 5.0016
v  15.3527 0.2410 5.0007
v  15.3532 0.2410 5.0004
v  15.3588 0.2412 4.9971
v  15.3973 0.2427 4.9747
v  15.4014 0.2429 4.9723
v  15.4071 0.2431 4.9699
v  15.4075 0.2431 4.9697
v  15.4108 0.2432 4.9683
v  15.4110 0.2432 4.9682
v  15.4136 0.2433 4.9671
v  15.4151 0.2434 4.9664
v  15.4156 0.2434 4.9662
v  15.4163 0.2435 4.9659
v  15.4187 0.2436 4.9649
v  15.4200 0.2436 4.9643
v  15.4202 0.2436 4.9642
v  15.4230 0.2437 4.9630
v  15.4297 0.2440 4.9601
v  15.4376 0.2443 4.9567
v  15.4434 0.2446 4.9542
v  15.4580 0.2452 4.9479
v  15.4719 0.2458 4.9435
v  15.4721 0.2458 4.9435
v  15.4732 0.2458 4.9431
v  15.5210 0.2479 4.9283
v  15.5338 0.2484 4.9255
v  15.5343 0.2485 4.9254
v  15.5544 0.2494 4.9211
v  15.5577 0.2495 4.9204
v  15.5749 0.2503 4.9168
v  15.5903 0.2509 4.9135
v  15.5976 0.2513 4.9125
v  15.6264 0.2526 4.9088
v  15.6465 0.2535 4.9061
v  15.6541 0.2539 4.9051
v  15.6546 0.2539 4.9050
v  15.6553 0.2539 4.9050
v  15.6626 0.2543 4.9047
v  15.6780 0.2550 4.9039
v  15.6828 0.2552 4.9037
v  15.6910 0.2556 4.9033
v  15.6961 0.2558 4.9031
v  15.7032 0.2562 4.9027
v  15.7153 0.2567 4.9022
v  15.7724 0.2595 4.9049
v  15.7728 0.2595 4.9050
v  15.7737 0.2596 4.9051
v  15.7907 0.2604 4.9077
v  15.7909 0.2604 4.9078
v  15.8259 0.2622 4.9132
v  15.8294 0.2624 4.9142
v  15.8441 0.2631 4.9183
v  15.8451 0.2632 4.9185
v  15.8758 0.2648 4.9271
v  15.8776 0.2649 4.9279
v  15.9221 0.2673 4.9466
v  15.9266 0.2676 4.9492
v  15.9273 0.2676 4.9497
v  15.9350 0.2681 4.9542
v  15.9648 0.2697 4.9716
v  16.0034 0.2721 5.0014
v  16.0375 0.2742 5.0351
v  16.0671 0.2762 5.0726
v  16.0699 0.2764 5.0772
v  16.0921 0.2781 5.1140
v  16.0974 0.2785 5.1257
v  16.0976 0.2785 5.1260
v  16.0984 0.2786 5.1278
v  16.1075 0.2794 5.1479
v  16.1078 0.2794 5.1486
v  16.1127 0.2798 5.1592
v  16.1134 0.2798 5.1614
v  16.1148 0.2800 5.1657
v  16.1151 0.2800 5.1667
v  16.1287 0.2813 5.2083
v  16.1403 0.2827 5.2613
v  16.1435 0.2832 5.2853
v  16.1448 0.2835 5.2948
v  16.1449 0.2835 5.2953
v  16.1451 0.2835 5.2987
v  16.1451 0.2835 5.2988
v  16.1458 0.2838 5.3105
v  16.1460 0.2838 5.3129
v  16.1461 0.2838 5.3143
v  16.1468 0.2840 5.3261
v  16.1470 0.2841 5.3290
v  16.1468 0.2846 5.3623
v  16.1441 0.2850 5.3952
v  16.1415 0.2852 5.4123
v  16.1391 0.2853 5.4278
v  16.1373 0.2853 5.4352
v  16.1324 0.2854 5.4563
v  16.1316 0.2854 5.4600
v  16.1217 0.2855 5.4918
v  16.1095 0.2854 5.5226
v  16.1028 0.2853 5.5364
v  16.0952 0.2851 5.5517
v  16.0849 0.2849 5.5689
v  16.0834 0.2849 5.5713
v  16.0825 0.2849 5.5728
v  16.0791 0.2848 5.5784
v  16.0787 0.2848 5.5792
v  16.0742 0.2847 5.5854
v  16.0682 0.2845 5.5937
v  16.0606 0.2843 5.6042
v  16.0600 0.2843 5.6051
v  16.0391 0.2837 5.6293
v  16.0160 0.2829 5.6518
v  15.9908 0.2821 5.6727
v  15.9725 0.2814 5.6852
v  15.9627 0.2810 5.6919
v  15.9584 0.2809 5.6943
v  15.9417 0.2802 5.7037
v  15.9313 0.2798 5.7095
v  15.8964 0.2784 5.7255
v  15.8580 0.2768 5.7398
v  15.8163 0.2750 5.7524
v  15.8162 0.2750 5.7525
v  15.7858 0.2737 5.7599
v  15.7710 0.2730 5.7635
v  15.7471 0.2719 5.7681
v  15.7389 0.2716 5.7697
v  15.7335 0.2713 5.7707
v  15.7331 0.2713 5.7708
v  15.7223 0.2708 5.7729
v  15.7058 0.2701 5.7750
v  15.6617 0.2681 5.7807
v  15.6071 0.2655 5.7828
v  15.6040 0.2653 5.7829
v  15.5723 0.2638 5.7810
v  15.5494 0.2627 5.7797
v  15.4977 0.2601 5.7709
v  15.4893 0.2596 5.7684
v  15.4675 0.2585 5.7619
v  15.4510 0.2576 5.7570
v  15.4491 0.2575 5.7565
v  15.4413 0.2571 5.7531
v  15.4112 0.2554 5.7399
v  15.4036 0.2550 5.7366
v  15.3827 0.2538 5.7241
v  15.3732 0.2533 5.7185
v  15.3610 0.2526 5.7112
v  15.3222 0.2503 5.6811
v  15.3163 0.2499 5.6752
v  15.3054 0.2492 5.6645
v  15.2880 0.2481 5.6474
v  15.2584 0.2461 5.6100
v  15.2522 0.2457 5.6000
v  15.2513 0.2456 5.5984
v  15.2428 0.2449 5.5844
v  15.2333 0.2443 5.5689
v  15.2159 0.2428 5.5309
v  15.2137 0.2426 5.5263
v  15.2128 0.2426 5.5242
v  15.2047 0.2418 5.4999
v  15.1968 0.2410 5.4758
v  15.1935 0.2406 5.4608
v  15.1857 0.2397 5.4252
v  15.1854 0.2397 5.4237
v  15.1851 0.2396 5.4211
v  15.1848 0.2396 5.4192
v  15.1836 0.2394 5.4092
v  15.1807 0.2389 5.3861
v  15.1795 0.2386 5.3760
v  15.1789 0.2383 5.3563
v  15.1780 0.2378 5.3296
v  15.1811 0.2373 5.2846
v  15.1852 0.2371 5.2606
v  15.1859 0.2371 5.2568
v  15.1861 0.2370 5.2553
v  15.1886 0.2369 5.2410
v  15.1937 0.2369 5.2232
v  15.2007 0.2368 5.1989
v  15.2172 0.2370 5.1581
v  15.2383 0.2374 5.1187
v  15.2585 0.2379 5.0904
v  15.2595 0.2379 5.0890
v  16.0173 0.2465 5.3366
v  16.0173 0.2466 5.3437
v  16.0173 0.2467 5.3466
v  16.0173 0.2467 5.3471
v  16.0173 0.2467 5.3475
v  16.0160 0.2468 5.3570
v  16.0156 0.2468 5.3598
v  16.0152 0.2468 5.3632
v  16.0132 0.2470 5.3781
v  16.0053 0.2471 5.4076
v  15.9950 0.2470 5.4328
v  15.9947 0.2470 5.4333
v  15.9936 0.2470 5.4362
v  15.9869 0.2468 5.4480
v  15.9861 0.2468 5.4494
v  15.9851 0.2468 5.4511
v  15.9851 0.2468 5.4512
v  15.9840 0.2468 5.4532
v  15.9829 0.2468 5.4552
v  15.9822 0.2467 5.4564
v  15.9795 0.2467 5.4611
v  15.9780 0.2467 5.4637
v  15.9780 0.2466 5.4638
v  15.9779 0.2467 5.4639
v  15.9748 0.2466 5.4682
v  15.9743 0.2466 5.4688
v  15.9730 0.2465 5.4707
v  15.9710 0.2465 5.4734
v  15.9677 0.2464 5.4779
v  15.9641 0.2463 5.4828
v  15.9626 0.2463 5.4849
v  15.9586 0.2462 5.4904
v  15.9581 0.2461 5.4909
v  15.9557 0.2461 5.4935
v  15.9500 0.2459 5.4995
v  15.9499 0.2459 5.4996
v  15.9475 0.2458 5.5021
v  15.9428 0.2457 5.5071
v  15.9383 0.2455 5.5119
v  15.9380 0.2455 5.5122
v  15.9351 0.2454 5.5153
v  15.9299 0.2452 5.5195
v  15.9297 0.2452 5.5196
v  15.9291 0.2452 5.5202
v  15.9084 0.2445 5.5369
v  15.9078 0.2445 5.5373
v  15.9073 0.2445 5.5377
v  15.8848 0.2436 5.5517
v  15.8842 0.2436 5.5521
v  15.8752 0.2432 5.5577
v  15.8596 0.2426 5.5652
v  15.8591 0.2426 5.5654
v  15.8427 0.2419 5.5733
v  15.8422 0.2419 5.5735
v  15.8389 0.2418 5.5751
v  15.8328 0.2415 5.5773
v  15.8326 0.2415 5.5774
v  15.8108 0.2406 5.5855
v  15.8078 0.2405 5.5866
v  15.7983 0.2401 5.5901
v  15.7821 0.2394 5.5946
v  15.7813 0.2393 5.5948
v  15.7652 0.2386 5.5992
v  15.7644 0.2386 5.5995
v  15.7545 0.2382 5.6022
v  15.7540 0.2382 5.6024
v  15.7533 0.2381 5.6025
v  15.7211 0.2367 5.6091
v  15.7199 0.2366 5.6093
v  15.7041 0.2359 5.6125
v  15.6861 0.2351 5.6150
v  15.6848 0.2350 5.6151
v  15.6572 0.2338 5.6189
v  15.6487 0.2334 5.6194
v  15.6480 0.2334 5.6194
v  15.6479 0.2334 5.6194
v  15.6417 0.2331 5.6198
v  15.6130 0.2317 5.6215
v  15.5960 0.2309 5.6211
v  15.5772 0.2300 5.6206
v  15.5717 0.2297 5.6205
v  15.5680 0.2295 5.6200
v  15.5533 0.2288 5.6182
v  15.5332 0.2278 5.6157
v  15.5090 0.2266 5.6100
v  15.5055 0.2264 5.6092
v  15.4975 0.2260 5.6072
v  15.4770 0.2249 5.5997
v  15.4646 0.2242 5.5950
v  15.4624 0.2241 5.5939
v  15.4585 0.2239 5.5918
v  15.4524 0.2235 5.5886
v  15.4495 0.2234 5.5871
v  15.4345 0.2225 5.5791
v  15.4125 0.2212 5.5638
v  15.4075 0.2209 5.5603
v  15.4047 0.2208 5.5578
v  15.4027 0.2206 5.5560
v  15.3838 0.2195 5.5393
v  15.3716 0.2187 5.5255
v  15.3667 0.2184 5.5200
v  15.3634 0.2181 5.5162
v  15.3463 0.2169 5.4910
v  15.3414 0.2165 5.4812
v  15.3362 0.2161 5.4709
v  15.3337 0.2159 5.4660
v  15.3326 0.2158 5.4636
v  15.3299 0.2156 5.4562
v  15.3250 0.2151 5.4422
v  15.3221 0.2149 5.4341
v  15.3149 0.2140 5.4025
v  15.3138 0.2138 5.3932
v  15.3112 0.2133 5.3698
v  15.3112 0.2131 5.3547
v  15.3112 0.2131 5.3529
v  15.3113 0.2130 5.3476
v  15.3113 0.2129 5.3442
v  15.3113 0.2129 5.3414
v  15.3113 0.2128 5.3381
v  15.3115 0.2128 5.3362
v  15.3116 0.2128 5.3361
v  15.3118 0.2128 5.3345
v  15.3121 0.2128 5.3321
v  15.3124 0.2128 5.3297
v  15.3139 0.2126 5.3181
v  15.3152 0.2125 5.3074
v  15.3230 0.2124 5.2778
v  15.3345 0.2125 5.2491
v  15.3499 0.2128 5.2215
v  15.3691 0.2133 5.1949
v  15.3733 0.2135 5.1904
v  15.3807 0.2137 5.1825
v  15.3812 0.2137 5.1819
v  15.3815 0.2137 5.1816
v  15.3830 0.2138 5.1800
v  15.3845 0.2138 5.1784
v  15.3854 0.2138 5.1775
v  15.3876 0.2139 5.1751
v  15.3876 0.2139 5.1750
v  15.3900 0.2140 5.1726
v  15.3900 0.2140 5.1725
v  15.3906 0.2140 5.1719
v  15.3910 0.2140 5.1715
v  15.3923 0.2140 5.1700
v  15.4196 0.2150 5.1477
v  15.4511 0.2162 5.1279
v  15.4687 0.2169 5.1193
v  15.4692 0.2169 5.1191
v  15.4867 0.2176 5.1106
v  15.5264 0.2193 5.0957
v  15.5407 0.2199 5.0918
v  15.5408 0.2199 5.0917
v  15.5703 0.2212 5.0835
v  15.5877 0.2220 5.0799
v  15.5886 0.2220 5.0797
v  15.5999 0.2225 5.0774
v  15.6006 0.2225 5.0773
v  15.6008 0.2225 5.0772
v  15.6010 0.2225 5.0772
v  15.6025 0.2226 5.0769
v  15.6026 0.2226 5.0769
v  15.6035 0.2226 5.0767
v  15.6035 0.2227 5.0767
v  15.6184 0.2233 5.0737
v  15.6439 0.2245 5.0702
v  15.6455 0.2246 5.0700
v  15.6459 0.2246 5.0699
v  15.6559 0.2250 5.0685
v  15.6565 0.2251 5.0684
v  15.6572 0.2251 5.0684
v  15.6576 0.2251 5.0683
v  15.6670 0.2255 5.0670
v  15.6741 0.2259 5.0666
v  15.6746 0.2259 5.0665
v  15.6789 0.2261 5.0663
v  15.6799 0.2261 5.0662
v  15.6826 0.2263 5.0660
v  15.6828 0.2263 5.0660
v  15.6917 0.2267 5.0654
v  15.7125 0.2277 5.0641
v  15.7134 0.2277 5.0641
v  15.7273 0.2284 5.0644
v  15.7396 0.2290 5.0646
v  15.7449 0.2292 5.0647
v  15.7549 0.2297 5.0649
v  15.7943 0.2317 5.0695
v  15.8303 0.2335 5.0777
v  15.8306 0.2335 5.0778
v  15.8442 0.2342 5.0827
v  15.8522 0.2347 5.0856
v  15.8549 0.2348 5.0866
v  15.8550 0.2348 5.0867
v  15.8553 0.2348 5.0867
v  15.8575 0.2350 5.0875
v  15.8619 0.2352 5.0891
v  15.8632 0.2353 5.0896
v  15.8638 0.2353 5.0898
v  15.8940 0.2370 5.1056
v  15.9033 0.2375 5.1121
v  15.9089 0.2379 5.1160
v  15.9102 0.2379 5.1169
v  15.9161 0.2383 5.1210
v  15.9202 0.2385 5.1238
v  15.9209 0.2386 5.1244
v  15.9272 0.2390 5.1299
v  15.9376 0.2396 5.1391
v  15.9446 0.2400 5.1453
v  15.9490 0.2403 5.1503
v  15.9563 0.2408 5.1586
v  15.9571 0.2409 5.1595
v  15.9651 0.2414 5.1685
v  15.9658 0.2414 5.1696
v  15.9691 0.2417 5.1746
v  15.9813 0.2425 5.1927
v  15.9822 0.2426 5.1940
v  15.9960 0.2437 5.2216
v  16.0066 0.2447 5.2515
v  16.0138 0.2455 5.2836
v  16.0156 0.2459 5.2993
v  16.0175 0.2462 5.3160
v  15.3925 0.2601 6.0878
v  15.3928 0.2601 6.0873
v  15.4072 0.2604 6.0667
v  15.4417 0.2615 6.0294
v  15.3490 0.2573 6.0451
v  15.3118 0.2556 6.0515
v  15.3081 0.2551 6.0300
v  15.3016 0.2542 5.9914
v  15.2976 0.2536 5.9676
v  15.2881 0.2523 5.9116
v  15.3803 0.2564 5.8959
v  15.4171 0.2581 5.8896
v  15.4673 0.2604 5.8811
v  15.5016 0.2619 5.8752
v  15.5103 0.2623 5.8738
v  15.5358 0.2635 5.8694
v  15.5376 0.2635 5.8691
v  15.5379 0.2635 5.8691
v  15.5703 0.2650 5.8636
v  15.5711 0.2650 5.8634
v  15.5718 0.2651 5.8633
v  15.5734 0.2651 5.8630
v  15.5747 0.2652 5.8628
v  15.5803 0.2655 5.8618
v  15.5819 0.2655 5.8616
v  15.5825 0.2656 5.8615
v  15.5874 0.2658 5.8606
v  15.5942 0.2661 5.8595
v  15.5970 0.2662 5.8590
v  15.6196 0.2672 5.8552
v  15.6320 0.2678 5.8531
v  15.6500 0.2686 5.8500
v  15.6750 0.2697 5.8457
v  15.6757 0.2698 5.8456
v  15.6775 0.2698 5.8453
v  15.6896 0.2704 5.8433
v  15.7224 0.2719 5.8377
v  15.7260 0.2720 5.8371
v  15.7465 0.2729 5.8336
v  15.8020 0.2754 5.8241
v  15.8092 0.2758 5.8229
v  15.8120 0.2759 5.8224
v  15.8140 0.2760 5.8221
v  15.8141 0.2760 5.8221
v  15.8151 0.2760 5.8219
v  15.8166 0.2761 5.8217
v  15.8210 0.2763 5.8209
v  15.8549 0.2778 5.8151
v  15.8661 0.2783 5.8132
v  15.8887 0.2794 5.8094
v  15.8888 0.2794 5.8094
v  15.9204 0.2808 5.8040
v  15.9493 0.2821 5.7991
v  15.9748 0.2832 5.7947
v  16.0658 0.2873 5.7793
v  16.0697 0.2875 5.7786
v  16.0755 0.2878 5.7776
v  16.0769 0.2878 5.7774
v  16.0802 0.2880 5.7768
v  16.0857 0.2882 5.7759
v  16.0928 0.2886 5.7747
v  16.0983 0.2888 5.7737
v  16.1025 0.2890 5.7730
v  16.1266 0.2901 5.7689
v  16.2036 0.2936 5.7558
v  16.2286 0.2971 5.9035
v  16.2299 0.2973 5.9115
v  16.0562 0.2894 5.9410
v  16.0524 0.2893 5.9417
v  15.9498 0.2846 5.9591
v  15.9483 0.2846 5.9594
v  15.8789 0.2814 5.9712
v  15.8670 0.2809 5.9732
v  15.8290 0.2792 5.9797
v  15.8268 0.2791 5.9801
v  15.7485 0.2756 5.9934
v  15.7484 0.2756 5.9934
v  15.7302 0.2747 5.9965
v  15.6997 0.2734 6.0026
v  15.6825 0.2726 6.0061
v  15.6740 0.2722 6.0085
v  15.6400 0.2708 6.0179
v  15.6025 0.2692 6.0318
v  15.5964 0.2690 6.0348
v  15.5893 0.2687 6.0383
v  15.5701 0.2679 6.0478
v  15.5509 0.2672 6.0606
v  15.5429 0.2669 6.0660
v  15.5207 0.2662 6.0863
v  15.5036 0.2657 6.1087
v  15.4905 0.2654 6.1326
v  15.4861 0.2654 6.1429
v  15.4801 0.2653 6.1571
v  15.4770 0.2653 6.1673
v  15.4725 0.2654 6.1823
v  15.4724 0.2654 6.1830
v  15.4676 0.2655 6.2082
v  15.4655 0.2659 6.2347
v  15.4658 0.2661 6.2488
v  15.4661 0.2663 6.2619
v  15.4671 0.2665 6.2698
v  15.4695 0.2669 6.2897
v  15.4710 0.2671 6.2970
v  15.4711 0.2671 6.2974
v  15.4730 0.2674 6.3070
v  15.4776 0.2678 6.3234
v  15.4776 0.2678 6.3236
v  15.4831 0.2683 6.3389
v  15.4897 0.2689 6.3536
v  15.4942 0.2692 6.3618
v  15.4974 0.2695 6.3675
v  15.5060 0.2701 6.3805
v  15.5088 0.2703 6.3840
v  15.5157 0.2708 6.3927
v  15.5263 0.2714 6.4038
v  15.5373 0.2721 6.4136
v  15.5413 0.2724 6.4165
v  15.5490 0.2728 6.4222
v  15.5613 0.2735 6.4295
v  15.5741 0.2742 6.4356
v  15.5773 0.2744 6.4367
v  15.5821 0.2746 6.4384
v  15.5838 0.2747 6.4390
v  15.5875 0.2749 6.4403
v  15.5974 0.2754 6.4428
v  15.6015 0.2757 6.4438
v  15.6106 0.2761 6.4452
v  15.6167 0.2764 6.4462
v  15.6337 0.2773 6.4474
v  15.6526 0.2782 6.4476
v  15.6733 0.2791 6.4467
v  15.6735 0.2791 6.4467
v  15.6953 0.2802 6.4448
v  15.6958 0.2802 6.4448
v  15.7201 0.2813 6.4418
v  15.7353 0.2820 6.4394
v  15.7448 0.2824 6.4380
v  15.7452 0.2824 6.4379
v  15.7463 0.2825 6.4377
v  15.8368 0.2866 6.4223
v  15.8609 0.2876 6.4182
v  15.8700 0.2881 6.4167
v  15.9289 0.2907 6.4066
v  16.0079 0.2943 6.3932
v  16.1236 0.2995 6.3735
v  16.1253 0.2996 6.3732
v  16.1346 0.3000 6.3717
v  16.1422 0.3003 6.3704
v  16.1441 0.3004 6.3701
v  16.1476 0.3006 6.3695
v  16.1538 0.3009 6.3684
v  16.1574 0.3010 6.3678
v  16.1752 0.3018 6.3647
v  16.1753 0.3018 6.3647
v  16.2088 0.3033 6.3590
v  16.2478 0.3051 6.3524
v  16.2488 0.3051 6.3522
v  16.2678 0.3060 6.3490
v  16.2737 0.3063 6.3480
v  16.3029 0.3076 6.3430
v  16.3095 0.3085 6.3822
v  16.3107 0.3087 6.3893
v  16.3142 0.3092 6.4103
v  16.3144 0.3092 6.4114
v  16.3206 0.3101 6.4479
v  16.3250 0.3107 6.4738
v  16.3292 0.3113 6.4987
v  16.3207 0.3109 6.5002
v  16.1969 0.3053 6.5212
v  16.1594 0.3036 6.5276
v  16.1536 0.3034 6.5286
v  16.1383 0.3027 6.5312
v  16.0807 0.3001 6.5410
v  15.9801 0.2956 6.5581
v  15.9794 0.2955 6.5582
v  15.9791 0.2955 6.5583
v  15.9727 0.2952 6.5594
v  15.9625 0.2948 6.5611
v  15.9469 0.2941 6.5637
v  15.9467 0.2940 6.5638
v  15.9337 0.2935 6.5660
v  15.9207 0.2929 6.5682
v  15.8946 0.2917 6.5726
v  15.8568 0.2900 6.5791
v  15.7763 0.2864 6.5928
v  15.7669 0.2859 6.5944
v  15.7374 0.2846 6.5992
v  15.7172 0.2837 6.6022
v  15.7105 0.2834 6.6032
v  15.6862 0.2823 6.6065
v  15.6656 0.2813 6.6088
v  15.6645 0.2813 6.6089
v  15.6453 0.2804 6.6105
v  15.6430 0.2803 6.6107
v  15.6304 0.2797 6.6113
v  15.6287 0.2796 6.6114
v  15.6147 0.2789 6.6114
v  15.6009 0.2783 6.6106
v  15.5954 0.2780 6.6102
v  15.5851 0.2775 6.6090
v  15.5767 0.2771 6.6081
v  15.5586 0.2762 6.6049
v  15.5411 0.2753 6.6008
v  15.5241 0.2744 6.5958
v  15.5206 0.2742 6.5945
v  15.5103 0.2736 6.5907
v  15.5078 0.2735 6.5897
v  15.4984 0.2730 6.5855
v  15.4921 0.2726 6.5827
v  15.4769 0.2718 6.5745
v  15.4756 0.2717 6.5736
v  15.4622 0.2709 6.5647
v  15.4590 0.2707 6.5621
v  15.4576 0.2706 6.5609
v  15.4572 0.2706 6.5607
v  15.4566 0.2706 6.5601
v  15.4560 0.2705 6.5596
v  15.4559 0.2705 6.5596
v  15.4554 0.2705 6.5592
v  15.4487 0.2701 6.5538
v  15.4481 0.2701 6.5533
v  15.4344 0.2692 6.5404
v  15.4290 0.2688 6.5343
v  15.4215 0.2684 6.5262
v  15.4213 0.2683 6.5259
v  15.4087 0.2675 6.5099
v  15.4030 0.2671 6.5016
v  15.3966 0.2666 6.4923
v  15.3853 0.2658 6.4736
v  15.3778 0.2652 6.4593
v  15.3752 0.2650 6.4541
v  15.3692 0.2645 6.4407
v  15.3662 0.2643 6.4339
v  15.3582 0.2636 6.4130
v  15.3515 0.2629 6.3912
v  15.3506 0.2628 6.3877
v  15.3490 0.2626 6.3814
v  15.3458 0.2623 6.3688
v  15.3412 0.2617 6.3456
v  15.3379 0.2610 6.3153
v  15.3370 0.2609 6.3071
v  15.3370 0.2609 6.3070
v  15.3370 0.2609 6.3069
v  15.3370 0.2609 6.3068
v  15.3370 0.2609 6.3066
v  15.3369 0.2608 6.3063
v  15.3369 0.2608 6.3062
v  15.3369 0.2608 6.3060
v  15.3369 0.2608 6.3056
v  15.3354 0.2606 6.2926
v  15.3363 0.2598 6.2422
v  15.3369 0.2598 6.2384
v  15.3374 0.2598 6.2354
v  15.3380 0.2597 6.2317
v  15.3384 0.2597 6.2293
v  15.3384 0.2597 6.2292
v  15.3387 0.2597 6.2273
v  15.3396 0.2596 6.2217
v  15.3399 0.2596 6.2194
v  15.3406 0.2596 6.2154
v  15.3413 0.2596 6.2109
v  15.3427 0.2595 6.2022
v  15.3439 0.2594 6.1944
v  15.3583 0.2594 6.1492
v  15.3607 0.2594 6.1443
v  15.3693 0.2596 6.1269
v  15.3696 0.2596 6.1264
v  15.3794 0.2597 6.1066
v  16.2428 0.2818 6.8854
v  16.2618 0.2830 6.9088
v  16.2778 0.2842 6.9342
v  16.2859 0.2849 6.9514
v  16.2870 0.2850 6.9537
v  16.2908 0.2853 6.9617
v  16.2959 0.2857 6.9767
v  16.3008 0.2862 6.9913
v  16.3067 0.2869 7.0180
v  16.3079 0.2871 7.0231
v  16.3110 0.2876 7.0471
v  16.3115 0.2878 7.0580
v  16.3121 0.2880 7.0705
v  16.3113 0.2883 7.0931
v  16.3091 0.2885 7.1100
v  16.3084 0.2885 7.1150
v  16.3077 0.2885 7.1182
v  16.3066 0.2886 7.1227
v  16.3066 0.2886 7.1229
v  16.3050 0.2886 7.1299
v  16.3036 0.2886 7.1362
v  16.3006 0.2886 7.1452
v  16.2967 0.2886 7.1567
v  16.2879 0.2885 7.1765
v  16.2769 0.2883 7.1956
v  16.2740 0.2882 7.1995
v  16.2705 0.2881 7.2044
v  16.2702 0.2881 7.2049
v  16.2676 0.2881 7.2084
v  16.2652 0.2880 7.2117
v  16.2635 0.2880 7.2140
v  16.2478 0.2875 7.2318
v  16.2316 0.2870 7.2472
v  16.2298 0.2869 7.2490
v  16.2094 0.2862 7.2654
v  16.1947 0.2856 7.2757
v  16.1867 0.2853 7.2813
v  16.1617 0.2844 7.2965
v  16.1621 0.2844 7.2980
v  16.1622 0.2844 7.2983
v  16.1628 0.2845 7.3002
v  16.1629 0.2845 7.3006
v  16.1676 0.2850 7.3164
v  16.1688 0.2851 7.3202
v  16.1703 0.2853 7.3255
v  16.1705 0.2853 7.3260
v  16.1762 0.2858 7.3451
v  16.1764 0.2859 7.3457
v  16.1765 0.2859 7.3462
v  16.1765 0.2859 7.3463
v  16.1799 0.2862 7.3576
v  16.1816 0.2864 7.3633
v  16.1856 0.2868 7.3769
v  16.1873 0.2870 7.3825
v  16.1889 0.2871 7.3878
v  16.1898 0.2872 7.3908
v  16.1906 0.2873 7.3937
v  16.1929 0.2875 7.4011
v  16.1935 0.2876 7.4033
v  16.1994 0.2882 7.4231
v  16.2004 0.2883 7.4264
v  16.2010 0.2883 7.4282
v  16.2011 0.2884 7.4287
v  16.2016 0.2884 7.4304
v  16.2030 0.2885 7.4350
v  16.2079 0.2890 7.4515
v  16.2084 0.2891 7.4532
v  16.2107 0.2892 7.4520
v  16.2392 0.2903 7.4375
v  16.2421 0.2904 7.4361
v  16.2452 0.2906 7.4345
v  16.2789 0.2918 7.4135
v  16.2925 0.2923 7.4033
v  16.2984 0.2925 7.3989
v  16.3097 0.2929 7.3904
v  16.3374 0.2939 7.3650
v  16.3604 0.2946 7.3394
v  16.3607 0.2946 7.3391
v  16.3621 0.2946 7.3375
v  16.3714 0.2949 7.3248
v  16.3786 0.2950 7.3149
v  16.3794 0.2951 7.3137
v  16.3801 0.2951 7.3129
v  16.3838 0.2952 7.3077
v  16.3858 0.2952 7.3043
v  16.3877 0.2953 7.3010
v  16.3913 0.2953 7.2948
v  16.4025 0.2956 7.2758
v  16.4091 0.2957 7.2612
v  16.4179 0.2958 7.2418
v  16.4282 0.2958 7.2109
v  16.4295 0.2958 7.2070
v  16.4298 0.2958 7.2061
v  16.4344 0.2957 7.1851
v  16.4352 0.2956 7.1813
v  16.4358 0.2956 7.1787
v  16.4381 0.2956 7.1686
v  16.4418 0.2953 7.1373
v  16.4419 0.2953 7.1370
v  16.4420 0.2952 7.1361
v  16.4422 0.2952 7.1348
v  16.4422 0.2952 7.1342
v  16.4423 0.2952 7.1336
v  16.4424 0.2952 7.1325
v  16.4425 0.2952 7.1323
v  16.4426 0.2952 7.1314
v  16.4427 0.2952 7.1302
v  16.4428 0.2952 7.1293
v  16.4440 0.2946 7.0882
v  16.4419 0.2939 7.0492
v  16.4416 0.2938 7.0453
v  16.4413 0.2937 7.0425
v  16.4412 0.2937 7.0421
v  16.4408 0.2937 7.0391
v  16.4404 0.2936 7.0357
v  16.4401 0.2935 7.0336
v  16.4401 0.2935 7.0335
v  16.4400 0.2935 7.0327
v  16.4357 0.2928 7.0007
v  16.4290 0.2920 6.9695
v  16.4238 0.2914 6.9455
v  16.4163 0.2906 6.9222
v  16.4125 0.2903 6.9103
v  16.4113 0.2902 6.9066
v  16.4074 0.2898 6.8945
v  16.4021 0.2893 6.8827
v  16.3865 0.2880 6.8477
v  16.3612 0.2862 6.8053
v  16.3314 0.2841 6.7670
v  16.3220 0.2835 6.7577
v  16.3209 0.2835 6.7566
v  16.3180 0.2833 6.7537
v  16.3103 0.2828 6.7460
v  16.3037 0.2824 6.7395
v  16.3011 0.2822 6.7370
v  16.2972 0.2820 6.7331
v  16.2955 0.2819 6.7318
v  16.2950 0.2818 6.7314
v  16.2847 0.2812 6.7235
v  16.2845 0.2812 6.7233
v  16.2832 0.2811 6.7223
v  16.2700 0.2803 6.7122
v  16.2598 0.2797 6.7043
v  16.2588 0.2797 6.7036
v  16.2585 0.2796 6.7034
v  16.2477 0.2790 6.6971
v  16.2312 0.2781 6.6874
v  16.2297 0.2780 6.6866
v  16.2261 0.2778 6.6845
v  16.2159 0.2772 6.6785
v  16.2082 0.2768 6.6753
v  16.2053 0.2766 6.6740
v  16.2041 0.2766 6.6735
v  16.1883 0.2757 6.6668
v  16.1750 0.2750 6.6612
v  16.1743 0.2750 6.6609
v  16.1701 0.2747 6.6591
v  16.1515 0.2738 6.6539
v  16.1210 0.2722 6.6453
v  16.1189 0.2721 6.6449
v  16.1185 0.2720 6.6449
v  16.0996 0.2711 6.6418
v  16.0986 0.2710 6.6417
v  16.0829 0.2702 6.6392
v  16.0797 0.2701 6.6386
v  16.0687 0.2695 6.6369
v  16.0460 0.2684 6.6357
v  16.0132 0.2668 6.6340
v  16.0018 0.2663 6.6345
v  15.9974 0.2661 6.6347
v  15.9544 0.2641 6.6366
v  15.9540 0.2640 6.6366
v  15.8924 0.2612 6.6447
v  15.8849 0.2609 6.6462
v  15.8776 0.2606 6.6478
v  15.8550 0.2596 6.6525
v  15.8399 0.2589 6.6557
v  15.8350 0.2587 6.6567
v  15.8290 0.2584 6.6579
v  15.7943 0.2569 6.6683
v  15.7894 0.2567 6.6698
v  15.7892 0.2567 6.6698
v  15.7882 0.2567 6.6701
v  15.7879 0.2566 6.6702
v  15.7856 0.2565 6.6709
v  15.7855 0.2565 6.6709
v  15.7734 0.2560 6.6745
v  15.7728 0.2560 6.6747
v  15.7707 0.2559 6.6754
v  15.7571 0.2553 6.6808
v  15.7569 0.2553 6.6809
v  15.7462 0.2549 6.6853
v  15.7438 0.2548 6.6862
v  15.7434 0.2548 6.6864
v  15.7378 0.2545 6.6886
v  15.7365 0.2545 6.6892
v  15.4305 0.2374 6.5348
v  15.4359 0.2378 6.5409
v  15.4496 0.2386 6.5538
v  15.4502 0.2387 6.5543
v  15.4569 0.2391 6.5597
v  15.4574 0.2391 6.5601
v  15.4575 0.2391 6.5601
v  15.4581 0.2392 6.5606
v  15.4587 0.2392 6.5612
v  15.4591 0.2392 6.5614
v  15.4605 0.2393 6.5626
v  15.4637 0.2395 6.5651
v  15.4771 0.2403 6.5741
v  15.4784 0.2404 6.5750
v  15.4936 0.2412 6.5832
v  15.4999 0.2416 6.5860
v  15.5093 0.2421 6.5902
v  15.5118 0.2422 6.5912
v  15.5221 0.2428 6.5950
v  15.5256 0.2429 6.5963
v  15.5426 0.2438 6.6013
v  15.5601 0.2447 6.6054
v  15.5782 0.2457 6.6086
v  15.5867 0.2461 6.6095
v  15.5969 0.2466 6.6107
v  15.6024 0.2468 6.6111
v  15.6162 0.2475 6.6119
v  15.6302 0.2482 6.6119
v  15.6319 0.2483 6.6118
v  15.6445 0.2489 6.6111
v  15.6468 0.2490 6.6110
v  15.6660 0.2499 6.6094
v  15.6671 0.2499 6.6093
v  15.6877 0.2509 6.6070
v  15.7120 0.2520 6.6037
v  15.7187 0.2523 6.6027
v  15.7389 0.2532 6.5997
v  15.7684 0.2545 6.5949
v  15.7778 0.2549 6.5933
v  15.8584 0.2586 6.5796
v  15.8961 0.2603 6.5731
v  15.9222 0.2615 6.5687
v  15.9352 0.2620 6.5665
v  15.9482 0.2626 6.5643
v  15.9485 0.2626 6.5642
v  15.9640 0.2633 6.5616
v  15.9742 0.2638 6.5599
v  15.9806 0.2641 6.5588
v  15.9809 0.2641 6.5587
v  15.9816 0.2641 6.5586
v  16.0822 0.2687 6.5415
v  16.1398 0.2713 6.5317
v  16.1551 0.2720 6.5291
v  16.1609 0.2722 6.5281
v  16.1984 0.2739 6.5217
v  16.3222 0.2795 6.5007
v  16.3307 0.2799 6.4992
v  16.3265 0.2793 6.4743
v  16.3221 0.2787 6.4484
v  16.3159 0.2778 6.4119
v  16.3158 0.2778 6.4108
v  16.3122 0.2773 6.3898
v  16.3110 0.2771 6.3827
v  16.3044 0.2762 6.3435
v  16.2752 0.2748 6.3485
v  16.2693 0.2746 6.3495
v  16.2503 0.2737 6.3527
v  16.2493 0.2737 6.3529
v  16.2103 0.2719 6.3595
v  16.1768 0.2704 6.3652
v  16.1767 0.2704 6.3652
v  16.1589 0.2696 6.3683
v  16.1553 0.2694 6.3689
v  16.1491 0.2692 6.3700
v  16.1456 0.2690 6.3705
v  16.1437 0.2689 6.3709
v  16.1361 0.2686 6.3722
v  16.1268 0.2682 6.3737
v  16.1251 0.2681 6.3740
v  16.0094 0.2629 6.3937
v  15.9304 0.2593 6.4071
v  15.8715 0.2566 6.4172
v  15.8624 0.2562 6.4187
v  15.8383 0.2551 6.4228
v  15.7478 0.2511 6.4382
v  15.7467 0.2510 6.4384
v  15.7463 0.2510 6.4384
v  15.7368 0.2506 6.4399
v  15.7216 0.2499 6.4423
v  15.6973 0.2488 6.4453
v  15.6968 0.2487 6.4453
v  15.6750 0.2477 6.4472
v  15.6748 0.2477 6.4472
v  15.6541 0.2467 6.4481
v  15.6352 0.2458 6.4479
v  15.6182 0.2450 6.4466
v  15.6121 0.2447 6.4457
v  15.6030 0.2442 6.4443
v  15.5989 0.2440 6.4433
v  15.5890 0.2435 6.4408
v  15.5853 0.2433 6.4395
v  15.5836 0.2432 6.4389
v  15.5788 0.2430 6.4372
v  15.5756 0.2428 6.4360
v  15.5628 0.2421 6.4300
v  15.5505 0.2414 6.4227
v  15.5428 0.2409 6.4170
v  15.5388 0.2407 6.4141
v  15.5278 0.2400 6.4043
v  15.5172 0.2393 6.3931
v  15.5103 0.2389 6.3845
v  15.5075 0.2387 6.3810
v  15.4989 0.2381 6.3680
v  15.4957 0.2378 6.3623
v  15.4912 0.2375 6.3541
v  15.4846 0.2369 6.3394
v  15.4792 0.2364 6.3241
v  15.4791 0.2364 6.3239
v  15.4745 0.2359 6.3075
v  15.4726 0.2357 6.2979
v  15.4725 0.2357 6.2975
v  15.4710 0.2355 6.2902
v  15.4686 0.2351 6.2703
v  15.4676 0.2349 6.2624
v  15.4673 0.2347 6.2493
v  15.4670 0.2344 6.2352
v  15.4691 0.2341 6.2087
v  15.4739 0.2340 6.1835
v  15.4740 0.2339 6.1828
v  15.4785 0.2339 6.1678
v  15.4816 0.2339 6.1576
v  15.4877 0.2340 6.1434
v  15.4920 0.2340 6.1331
v  15.5051 0.2343 6.1092
v  15.5222 0.2347 6.0868
v  15.5444 0.2355 6.0665
v  15.5524 0.2358 6.0611
v  15.5716 0.2365 6.0483
v  15.5908 0.2373 6.0388
v  15.5979 0.2375 6.0353
v  15.6040 0.2378 6.0323
v  15.6415 0.2393 6.0184
v  15.6755 0.2408 6.0090
v  15.6840 0.2412 6.0066
v  15.7012 0.2420 6.0031
v  15.7317 0.2433 5.9970
v  15.7499 0.2441 5.9939
v  15.7500 0.2441 5.9939
v  15.8283 0.2477 5.9806
v  15.8305 0.2478 5.9802
v  15.8685 0.2495 5.9737
v  15.8804 0.2500 5.9717
v  15.9498 0.2532 5.9599
v  15.9513 0.2532 5.9596
v  16.0539 0.2578 5.9422
v  16.0577 0.2580 5.9415
v  16.2314 0.2659 5.9120
v  16.2301 0.2657 5.9040
v  16.2051 0.2621 5.7563
v  16.1281 0.2587 5.7694
v  16.1040 0.2576 5.7735
v  16.0998 0.2574 5.7742
v  16.0943 0.2571 5.7752
v  16.0873 0.2568 5.7764
v  16.0817 0.2566 5.7773
v  16.0784 0.2564 5.7779
v  16.0770 0.2564 5.7781
v  16.0712 0.2561 5.7791
v  16.0673 0.2559 5.7798
v  15.9763 0.2518 5.7952
v  15.9508 0.2507 5.7996
v  15.9219 0.2494 5.8045
v  15.8903 0.2479 5.8099
v  15.8902 0.2479 5.8099
v  15.8676 0.2469 5.8137
v  15.8564 0.2464 5.8156
v  15.8225 0.2449 5.8214
v  15.8181 0.2447 5.8221
v  15.8166 0.2446 5.8224
v  15.8156 0.2446 5.8226
v  15.8155 0.2446 5.8226
v  15.8135 0.2445 5.8229
v  15.8107 0.2444 5.8234
v  15.8035 0.2440 5.8246
v  15.7480 0.2415 5.8341
v  15.7275 0.2406 5.8376
v  15.7239 0.2404 5.8382
v  15.6911 0.2390 5.8438
v  15.6790 0.2384 5.8458
v  15.6772 0.2383 5.8461
v  15.6765 0.2383 5.8462
v  15.6515 0.2372 5.8505
v  15.6335 0.2364 5.8536
v  15.6212 0.2358 5.8557
v  15.5985 0.2348 5.8595
v  15.5957 0.2347 5.8600
v  15.5889 0.2344 5.8611
v  15.5840 0.2341 5.8620
v  15.5834 0.2341 5.8621
v  15.5818 0.2340 5.8623
v  15.5762 0.2338 5.8633
v  15.5749 0.2337 5.8635
v  15.5733 0.2337 5.8638
v  15.5726 0.2336 5.8639
v  15.5718 0.2336 5.8641
v  15.5394 0.2321 5.8696
v  15.5391 0.2321 5.8696
v  15.5373 0.2320 5.8699
v  15.3237 0.2189 5.6816
v  15.3625 0.2212 5.7117
v  15.3747 0.2219 5.7189
v  15.3842 0.2224 5.7246
v  15.4051 0.2236 5.7371
v  15.4127 0.2240 5.7404
v  15.4428 0.2257 5.7536
v  15.4506 0.2261 5.7570
v  15.4525 0.2262 5.7575
v  15.4690 0.2271 5.7624
v  15.4908 0.2282 5.7689
v  15.4992 0.2287 5.7714
v  15.5509 0.2313 5.7802
v  15.5738 0.2324 5.7815
v  15.6055 0.2339 5.7834
v  15.6086 0.2341 5.7833
v  15.6632 0.2366 5.7812
v  15.7073 0.2387 5.7755
v  15.7238 0.2394 5.7734
v  15.7346 0.2399 5.7713
v  15.7350 0.2399 5.7712
v  15.7404 0.2402 5.7702
v  15.7486 0.2405 5.7686
v  15.7725 0.2416 5.7640
v  15.7873 0.2422 5.7604
v  15.8177 0.2436 5.7529
v  15.8178 0.2436 5.7529
v  15.8595 0.2454 5.7403
v  15.8979 0.2470 5.7260
v  15.9328 0.2484 5.7100
v  15.9432 0.2488 5.7042
v  15.9599 0.2495 5.6948
v  15.9643 0.2496 5.6924
v  15.9740 0.2500 5.6857
v  15.9923 0.2507 5.6732
v  16.0175 0.2515 5.6523
v  16.0406 0.2523 5.6298
v  16.0615 0.2529 5.6056
v  16.0621 0.2529 5.6047
v  16.0697 0.2531 5.5942
v  16.0757 0.2533 5.5859
v  16.0802 0.2534 5.5797
v  16.0807 0.2534 5.5789
v  16.0841 0.2535 5.5733
v  16.0849 0.2535 5.5718
v  16.0864 0.2535 5.5694
v  16.0967 0.2537 5.5522
v  16.1043 0.2538 5.5369
v  16.1110 0.2540 5.5231
v  16.1232 0.2540 5.4923
v  16.1331 0.2540 5.4604
v  16.1339 0.2540 5.4568
v  16.1388 0.2539 5.4357
v  16.1406 0.2539 5.4283
v  16.1430 0.2537 5.4128
v  16.1456 0.2536 5.3957
v  16.1483 0.2532 5.3628
v  16.1485 0.2527 5.3295
v  16.1483 0.2526 5.3266
v  16.1476 0.2524 5.3148
v  16.1475 0.2524 5.3134
v  16.1473 0.2523 5.3110
v  16.1466 0.2521 5.2993
v  16.1466 0.2521 5.2992
v  16.1464 0.2520 5.2958
v  16.1463 0.2520 5.2953
v  16.1450 0.2518 5.2858
v  16.1418 0.2513 5.2618
v  16.1302 0.2499 5.2088
v  16.1166 0.2486 5.1672
v  16.1163 0.2486 5.1662
v  16.1149 0.2484 5.1619
v  16.1142 0.2484 5.1597
v  16.1093 0.2480 5.1491
v  16.1090 0.2479 5.1484
v  16.0999 0.2472 5.1283
v  16.0991 0.2471 5.1265
v  16.0989 0.2471 5.1262
v  16.0936 0.2467 5.1145
v  16.0714 0.2450 5.0777
v  16.0686 0.2448 5.0731
v  16.0390 0.2428 5.0356
v  16.0049 0.2406 5.0019
v  15.9663 0.2383 4.9721
v  15.9366 0.2366 4.9547
v  15.9288 0.2362 4.9502
v  15.9281 0.2361 4.9497
v  15.9236 0.2359 4.9471
v  15.8791 0.2335 4.9284
v  15.8773 0.2334 4.9276
v  15.8466 0.2318 4.9190
v  15.8456 0.2317 4.9188
v  15.8309 0.2310 4.9147
v  15.8274 0.2308 4.9137
v  15.7924 0.2290 4.9083
v  15.7922 0.2290 4.9082
v  15.7752 0.2282 4.9056
v  15.7743 0.2281 4.9054
v  15.7739 0.2281 4.9054
v  15.7168 0.2253 4.9027
v  15.7047 0.2247 4.9032
v  15.6976 0.2244 4.9036
v  15.6925 0.2242 4.9038
v  15.6844 0.2238 4.9042
v  15.6795 0.2236 4.9044
v  15.6641 0.2228 4.9052
v  15.6568 0.2225 4.9055
v  15.6561 0.2225 4.9055
v  15.6556 0.2224 4.9056
v  15.6480 0.2221 4.9066
v  15.6279 0.2212 4.9092
v  15.5991 0.2199 4.9130
v  15.5918 0.2195 4.9140
v  15.5764 0.2188 4.9173
v  15.5593 0.2181 4.9209
v  15.5559 0.2179 4.9216
v  15.5358 0.2170 4.9259
v  15.5353 0.2170 4.9260
v  15.5225 0.2164 4.9287
v  15.4747 0.2144 4.9436
v  15.4736 0.2144 4.9440
v  15.4734 0.2143 4.9440
v  15.4595 0.2138 4.9484
v  15.4449 0.2132 4.9547
v  15.4391 0.2129 4.9572
v  15.4312 0.2126 4.9606
v  15.4246 0.2123 4.9635
v  15.4217 0.2122 4.9647
v  15.4215 0.2122 4.9648
v  15.4202 0.2121 4.9654
v  15.4178 0.2120 4.9664
v  15.4171 0.2120 4.9667
v  15.4166 0.2120 4.9669
v  15.4151 0.2119 4.9676
v  15.4125 0.2118 4.9687
v  15.4123 0.2118 4.9688
v  15.4090 0.2117 4.9702
v  15.4086 0.2117 4.9703
v  15.4029 0.2114 4.9728
v  15.3988 0.2113 4.9752
v  15.3603 0.2098 4.9976
v  15.3547 0.2096 5.0009
v  15.3542 0.2096 5.0012
v  15.3526 0.2095 5.0021
v  15.3526 0.2095 5.0022
v  15.3521 0.2095 5.0025
v  15.3474 0.2093 5.0062
v  15.3425 0.2091 5.0100
v  15.3174 0.2082 5.0295
v  15.3086 0.2079 5.0363
v  15.2853 0.2072 5.0606
v  15.2737 0.2068 5.0726
v  15.2710 0.2068 5.0754
v  15.2694 0.2067 5.0777
v  15.2653 0.2066 5.0834
v  15.2610 0.2065 5.0895
v  15.2600 0.2065 5.0909
v  15.2398 0.2060 5.1192
v  15.2187 0.2056 5.1586
v  15.2022 0.2054 5.1994
v  15.1952 0.2055 5.2237
v  15.1901 0.2055 5.2415
v  15.1877 0.2056 5.2558
v  15.1874 0.2056 5.2573
v  14.7926 0.1814 4.9142
v  14.9402 0.1880 4.8891
v  14.9475 0.1883 4.8878
v  14.9750 0.1896 4.8832
v  15.0124 0.1913 4.8768
v  15.0179 0.1915 4.8759
v  15.0295 0.1920 4.8739
v  15.0541 0.1931 4.8697
v  15.0696 0.1938 4.8671
v  15.0851 0.1945 4.8644
v  15.1118 0.1957 4.8599
v  15.1183 0.1967 4.8983
v  15.1224 0.1972 4.9228
v  15.1268 0.1979 4.9488
v  15.1304 0.1984 4.9702
v  15.1324 0.1987 4.9817
v  15.1371 0.1993 5.0098
v  15.1384 0.1995 5.0175
v  15.1469 0.1999 5.0161
v  15.1787 0.2013 5.0107
v  15.2020 0.2024 5.0067
v  15.2211 0.2032 5.0035
v  15.2585 0.2049 4.9971
v  15.2463 0.2032 4.9247
v  15.2429 0.2027 4.9044
v  15.2391 0.2022 4.8822
v  15.2387 0.2021 4.8797
v  15.2374 0.2019 4.8721
v  15.2370 0.2019 4.8698
v  15.2319 0.2012 4.8395
v  15.2608 0.2025 4.8345
v  15.2619 0.2025 4.8343
v  15.2709 0.2029 4.8328
v  15.2713 0.2029 4.8328
v  15.2783 0.2032 4.8316
v  15.2824 0.2034 4.8309
v  15.2837 0.2035 4.8306
v  15.2855 0.2036 4.8303
v  15.2918 0.2039 4.8293
v  15.2952 0.2040 4.8287
v  15.2959 0.2040 4.8286
v  15.3032 0.2044 4.8273
v  15.3202 0.2051 4.8244
v  15.3397 0.2060 4.8211
v  15.3538 0.2067 4.8187
v  15.4326 0.2102 4.8053
v  15.4573 0.2113 4.8011
v  15.4868 0.2126 4.7961
v  15.5162 0.2140 4.7911
v  15.5274 0.2145 4.7892
v  15.5292 0.2146 4.7889
v  15.5391 0.2150 4.7872
v  15.5602 0.2160 4.7836
v  15.5669 0.2163 4.7825
v  15.5731 0.2165 4.7814
v  15.6454 0.2198 4.7691
v  15.6625 0.2206 4.7662
v  15.6744 0.2211 4.7642
v  15.7375 0.2239 4.7534
v  15.7381 0.2240 4.7533
v  15.7385 0.2240 4.7533
v  15.7392 0.2240 4.7531
v  15.7684 0.2253 4.7482
v  15.7779 0.2258 4.7467
v  15.7804 0.2259 4.7463
v  15.7837 0.2260 4.7457
v  15.7864 0.2262 4.7453
v  15.8026 0.2269 4.7431
v  15.8064 0.2271 4.7426
v  15.8110 0.2273 4.7421
v  15.8155 0.2275 4.7417
v  15.8169 0.2275 4.7415
v  15.8174 0.2276 4.7415
v  15.8178 0.2276 4.7414
v  15.8200 0.2277 4.7413
v  15.8293 0.2281 4.7406
v  15.8308 0.2282 4.7406
v  15.8323 0.2283 4.7405
v  15.8329 0.2283 4.7405
v  15.8374 0.2285 4.7404
v  15.8383 0.2286 4.7404
v  15.8399 0.2286 4.7404
v  15.8485 0.2290 4.7408
v  15.8498 0.2291 4.7410
v  15.8545 0.2293 4.7418
v  15.8553 0.2294 4.7419
v  15.8610 0.2297 4.7436
v  15.8630 0.2298 4.7444
v  15.8652 0.2299 4.7452
v  15.8665 0.2300 4.7457
v  15.8676 0.2300 4.7463
v  15.8697 0.2302 4.7474
v  15.8717 0.2303 4.7484
v  15.8766 0.2306 4.7515
v  15.8814 0.2308 4.7551
v  15.8859 0.2311 4.7592
v  15.8892 0.2313 4.7628
v  15.8901 0.2314 4.7638
v  15.8940 0.2317 4.7689
v  15.8976 0.2319 4.7749
v  15.9003 0.2321 4.7803
v  15.9009 0.2322 4.7815
v  15.9018 0.2323 4.7840
v  15.9023 0.2323 4.7851
v  15.9038 0.2324 4.7889
v  15.9059 0.2327 4.7958
v  15.9063 0.2327 4.7970
v  15.9085 0.2329 4.8058
v  15.9088 0.2330 4.8074
v  15.9104 0.2332 4.8154
v  15.9105 0.2332 4.8165
v  15.9110 0.2333 4.8194
v  15.9116 0.2334 4.8232
v  15.9126 0.2335 4.8318
v  15.9128 0.2336 4.8338
v  15.9134 0.2337 4.8411
v  15.9137 0.2338 4.8457
v  15.9138 0.2338 4.8466
v  15.9141 0.2339 4.8511
v  15.9147 0.2341 4.8618
v  15.9150 0.2343 4.8732
v  15.9150 0.2343 4.8737
v  15.9151 0.2344 4.8773
v  15.9151 0.2344 4.8775
v  15.9151 0.2344 4.8801
v  15.9152 0.2345 4.8854
v  15.9203 0.2348 4.8853
v  15.9230 0.2349 4.8852
v  15.9267 0.2351 4.8851
v  15.9367 0.2355 4.8848
v  15.9454 0.2359 4.8846
v  15.9488 0.2361 4.8845
v  15.9495 0.2361 4.8845
v  15.9529 0.2363 4.8844
v  15.9579 0.2365 4.8843
v  15.9593 0.2366 4.8843
v  15.9685 0.2370 4.8840
v  15.9750 0.2373 4.8839
v  15.9778 0.2375 4.8838
v  15.9798 0.2376 4.8837
v  15.9805 0.2376 4.8837
v  15.9880 0.2380 4.8835
v  15.9900 0.2381 4.8835
v  15.9903 0.2381 4.8835
v  15.9920 0.2382 4.8834
v  15.9922 0.2382 4.8834
v  15.9933 0.2382 4.8834
v  15.9937 0.2382 4.8834
v  15.9938 0.2382 4.8834
v  15.9941 0.2383 4.8834
v  15.9942 0.2383 4.8834
v  15.9947 0.2383 4.8834
v  15.9953 0.2383 4.8833
v  16.0038 0.2387 4.8831
v  16.0228 0.2396 4.8826
v  16.0354 0.2402 4.8823
v  16.0355 0.2402 4.8823
v  16.0554 0.2412 4.8818
v  16.0559 0.2409 4.8627
v  16.0559 0.2408 4.8606
v  16.0559 0.2408 4.8603
v  16.0559 0.2407 4.8489
v  16.0559 0.2406 4.8443
v  16.0559 0.2406 4.8433
v  16.0559 0.2406 4.8431
v  16.0557 0.2404 4.8342
v  16.0557 0.2404 4.8341
v  16.0555 0.2403 4.8271
v  16.0555 0.2403 4.8266
v  16.0546 0.2400 4.8095
v  16.0539 0.2398 4.8007
v  16.0533 0.2397 4.7930
v  16.0515 0.2393 4.7773
v  16.0495 0.2390 4.7643
v  16.0495 0.2390 4.7642
v  16.0492 0.2390 4.7621
v  16.0465 0.2386 4.7483
v  16.0447 0.2384 4.7389
v  16.0432 0.2382 4.7329
v  16.0431 0.2382 4.7323
v  16.0394 0.2378 4.7173
v  16.0332 0.2372 4.6975
v  16.0318 0.2371 4.6938
v  16.0314 0.2370 4.6927
v  16.0304 0.2369 4.6902
v  16.0275 0.2367 4.6827
v  16.0266 0.2366 4.6804
v  16.0263 0.2366 4.6794
v  16.0254 0.2365 4.6775
v  16.0244 0.2364 4.6755
v  16.0216 0.2362 4.6697
v  16.0215 0.2362 4.6695
v  16.0184 0.2359 4.6631
v  16.0163 0.2358 4.6594
v  16.0098 0.2353 4.6484
v  16.0003 0.2346 4.6356
v  15.9963 0.2344 4.6310
v  15.9902 0.2340 4.6242
v  15.9796 0.2333 4.6140
v  15.9725 0.2329 4.6084
v  15.9687 0.2326 4.6054
v  15.9684 0.2326 4.6051
v  15.9625 0.2323 4.6012
v  15.9603 0.2322 4.5998
v  15.9568 0.2320 4.5975
v  15.9541 0.2318 4.5961
v  15.9447 0.2313 4.5911
v  15.9418 0.2311 4.5899
v  15.9406 0.2310 4.5894
v  15.9359 0.2308 4.5874
v  15.9327 0.2306 4.5862
v  15.9321 0.2306 4.5859
v  15.9316 0.2306 4.5857
v  15.9270 0.2303 4.5844
v  15.9189 0.2299 4.5820
v  15.9037 0.2291 4.5794
v  15.8951 0.2287 4.5789
v  15.8947 0.2287 4.5788
v  15.8946 0.2287 4.5788
v  15.8945 0.2287 4.5788
v  15.8944 0.2287 4.5788
v  15.8943 0.2287 4.5788
v  15.8846 0.2282 4.5782
v  15.8618 0.2271 4.5785
v  15.8522 0.2267 4.5791
v  15.8521 0.2267 4.5792
v  15.8392 0.2261 4.5800
v  15.8389 0.2260 4.5800
v  15.8352 0.2259 4.5803
v  15.8315 0.2257 4.5807
v  15.8303 0.2256 4.5808
v  15.8118 0.2248 4.5827
v  15.8112 0.2248 4.5828
v  15.8047 0.2245 4.5835
v  15.7705 0.2229 4.5881
v  15.7346 0.2213 4.5938
v  15.7336 0.2212 4.5940
v  15.7327 0.2212 4.5941
v  15.7325 0.2212 4.5941
v  15.7313 0.2211 4.5943
v  15.7300 0.2211 4.5946
v  15.6898 0.2193 4.6014
v  15.6894 0.2192 4.6015
v  15.6893 0.2192 4.6015
v  15.6892 0.2192 4.6015
v  15.6891 0.2192 4.6015
v  15.6890 0.2192 4.6015
v  15.6465 0.2173 4.6088
v  15.6437 0.2172 4.6092
v  15.6432 0.2172 4.6093
v  15.6426 0.2171 4.6094
v  15.6422 0.2171 4.6095
v  15.6405 0.2170 4.6098
v  15.6349 0.2168 4.6107
v  15.5954 0.2150 4.6175
v  15.5911 0.2148 4.6182
v  15.5891 0.2147 4.6185
v  15.5885 0.2147 4.6186
v  15.5217 0.2117 4.6300
v  15.5204 0.2116 4.6302
v  15.5197 0.2116 4.6304
v  15.5150 0.2114 4.6311
v  15.4683 0.2093 4.6391
v  15.4396 0.2080 4.6440
v  15.4271 0.2074 4.6461
v  15.4260 0.2074 4.6463
v  15.4248 0.2073 4.6465
v  15.3988 0.2061 4.6509
v  15.3953 0.2060 4.6515
v  15.3894 0.2057 4.6525
v  15.3814 0.2054 4.6539
v  15.3803 0.2053 4.6541
v  15.3789 0.2053 4.6543
v  15.3707 0.2049 4.6557
v  15.3632 0.2045 4.6570
v  15.3266 0.2029 4.6632
v  15.3220 0.2027 4.6640
v  15.3174 0.2025 4.6648
v  15.3135 0.2023 4.6654
v  15.2900 0.2012 4.6694
v  15.2464 0.1993 4.6768
v  15.2325 0.1987 4.6792
v  15.2262 0.1984 4.6803
v  15.2261 0.1984 4.6803
v  15.2231 0.1982 4.6808
v  15.2224 0.1982 4.6809
v  15.2222 0.1982 4.6810
v  15.2221 0.1982 4.6810
v  15.2208 0.1981 4.6812
v  15.2194 0.1981 4.6814
v  15.2188 0.1980 4.6815
v  15.2187 0.1980 4.6815
v  15.2181 0.1980 4.6816
v  15.2167 0.1979 4.6819
v  15.2149 0.1979 4.6822
v  15.2108 0.1977 4.6829
v  15.2102 0.1976 4.6830
v  15.2056 0.1974 4.6838
v  15.2046 0.1973 4.6782
v  15.2045 0.1973 4.6775
v  15.2035 0.1971 4.6716
v  15.2030 0.1971 4.6689
v  15.2026 0.1970 4.6666
v  15.2025 0.1970 4.6655
v  15.2025 0.1970 4.6654
v  15.2023 0.1970 4.6644
v  15.2018 0.1969 4.6618
v  15.2014 0.1969 4.6593
v  15.2014 0.1969 4.6592
v  15.2013 0.1968 4.6587
v  15.2011 0.1968 4.6574
v  15.2000 0.1967 4.6508
v  15.2000 0.1966 4.6507
v  15.1999 0.1966 4.6506
v  15.1971 0.1962 4.6339
v  15.1862 0.1947 4.5695
v  15.1514 0.1931 4.5754
v  15.1357 0.1924 4.5781
v  15.1356 0.1924 4.5781
v  15.1355 0.1924 4.5781
v  15.1278 0.1921 4.5794
v  15.1262 0.1920 4.5797
v  15.1256 0.1920 4.5798
v  15.1254 0.1920 4.5798
v  15.1222 0.1918 4.5804
v  15.1186 0.1917 4.5810
v  15.1171 0.1916 4.5813
v  15.1170 0.1916 4.5813
v  15.1154 0.1915 4.5815
v  15.1119 0.1914 4.5821
v  15.1074 0.1912 4.5829
v  15.0971 0.1907 4.5847
v  15.0956 0.1906 4.5849
v  15.0907 0.1904 4.5858
v  15.0883 0.1903 4.5862
v  15.0752 0.1897 4.5884
v  15.0741 0.1897 4.5886
v  15.0728 0.1896 4.5888
v  15.0727 0.1896 4.5888
v  15.0661 0.1893 4.5899
v  15.0688 0.1897 4.6059
v  15.0691 0.1897 4.6077
v  15.0699 0.1898 4.6121
v  15.0700 0.1898 4.6127
v  15.0705 0.1899 4.6158
v  15.0706 0.1899 4.6163
v  15.0721 0.1901 4.6253
v  15.0724 0.1902 4.6268
v  15.0748 0.1905 4.6409
v  15.0753 0.1906 4.6440
v  15.0754 0.1906 4.6448
v  15.0754 0.1906 4.6450
v  15.0781 0.1910 4.6606
v  15.0789 0.1911 4.6653
v  15.0792 0.1911 4.6671
v  15.0793 0.1912 4.6676
v  15.0823 0.1916 4.6856
v  15.0848 0.1919 4.7002
v  15.0855 0.1920 4.7042
v  15.0792 0.1917 4.7053
v  15.0767 0.1916 4.7057
v  15.0746 0.1915 4.7061
v  15.0737 0.1915 4.7062
v  15.0498 0.1904 4.7103
v  15.0442 0.1902 4.7112
v  15.0233 0.1892 4.7148
v  14.6646 0.1658 4.3153
v  14.6801 0.1670 4.3460
v  14.6802 0.1670 4.3461
v  14.6975 0.1683 4.3753
v  14.7162 0.1696 4.4025
v  14.7363 0.1710 4.4274
v  14.7579 0.1724 4.4500
v  14.7590 0.1724 4.4510
v  14.7794 0.1737 4.4690
v  14.7808 0.1738 4.4703
v  14.8051 0.1752 4.4882
v  14.8308 0.1767 4.5039
v  14.8407 0.1772 4.5087
v  14.8579 0.1782 4.5172
v  14.8847 0.1796 4.5277
v  14.8860 0.1797 4.5282
v  14.9147 0.1812 4.5369
v  14.9209 0.1815 4.5382
v  14.9439 0.1827 4.5432
v  14.9472 0.1829 4.5437
v  14.9738 0.1842 4.5473
v  14.9749 0.1843 4.5473
v  14.9935 0.1852 4.5483
v  15.0042 0.1857 4.5489
v  15.0074 0.1858 4.5489
v  15.0118 0.1861 4.5488
v  15.0351 0.1872 4.5483
v  15.0367 0.1872 4.5481
v  15.0530 0.1880 4.5466
v  15.0667 0.1886 4.5453
v  15.0661 0.1885 4.5385
v  15.0655 0.1884 4.5329
v  15.0653 0.1883 4.5304
v  15.0653 0.1883 4.5302
v  15.0650 0.1883 4.5276
v  15.0645 0.1881 4.5214
v  15.0639 0.1880 4.5155
v  15.0639 0.1880 4.5151
v  15.0638 0.1880 4.5140
v  15.0635 0.1879 4.5109
v  15.0620 0.1876 4.4952
v  15.0620 0.1876 4.4951
v  15.0620 0.1876 4.4949
v  15.0583 0.1868 4.4562
v  15.0569 0.1865 4.4412
v  15.0548 0.1860 4.4184
v  15.0536 0.1858 4.4054
v  15.0535 0.1858 4.4052
v  15.0535 0.1858 4.4045
v  15.0530 0.1857 4.3999
v  15.0515 0.1853 4.3837
v  15.0372 0.1847 4.3839
v  15.0327 0.1844 4.3840
v  15.0320 0.1844 4.3840
v  15.0318 0.1844 4.3840
v  15.0182 0.1838 4.3843
v  14.9868 0.1822 4.3820
v  14.9573 0.1807 4.3768
v  14.9570 0.1807 4.3767
v  14.9568 0.1807 4.3766
v  14.9298 0.1793 4.3686
v  14.9228 0.1789 4.3656
v  14.9201 0.1788 4.3645
v  14.9191 0.1787 4.3640
v  14.9042 0.1779 4.3576
v  14.8805 0.1765 4.3437
v  14.8606 0.1753 4.3284
v  14.8588 0.1752 4.3269
v  14.8390 0.1740 4.3070
v  14.8212 0.1728 4.2838
v  14.8164 0.1724 4.2759
v  14.8053 0.1716 4.2572
v  14.8020 0.1713 4.2502
v  14.7942 0.1707 4.2335
v  14.7934 0.1706 4.2318
v  14.7914 0.1704 4.2274
v  14.7907 0.1704 4.2255
v  14.7897 0.1703 4.2227
v  14.7818 0.1696 4.2007
v  14.7795 0.1694 4.1943
v  14.7785 0.1692 4.1905
v  14.7725 0.1686 4.1688
v  14.7724 0.1686 4.1684
v  14.7695 0.1683 4.1578
v  14.7673 0.1680 4.1467
v  14.7630 0.1675 4.1255
v  14.7628 0.1674 4.1243
v  14.7615 0.1673 4.1180
v  14.7615 0.1673 4.1177
v  14.7613 0.1672 4.1160
v  14.7597 0.1670 4.1051
v  14.7576 0.1667 4.0900
v  14.7566 0.1665 4.0832
v  14.7557 0.1664 4.0764
v  14.7553 0.1663 4.0720
v  14.7541 0.1660 4.0571
v  14.7526 0.1656 4.0377
v  14.7525 0.1654 4.0247
v  14.7525 0.1653 4.0213
v  14.7524 0.1650 4.0020
v  14.7531 0.1649 3.9931
v  14.7550 0.1646 3.9692
v  14.7604 0.1644 3.9394
v  14.7687 0.1644 3.9126
v  14.7741 0.1645 3.9009
v  14.7798 0.1645 3.8887
v  14.7930 0.1648 3.8676
v  14.7930 0.1648 3.8675
v  14.8000 0.1650 3.8588
v  14.8076 0.1652 3.8492
v  14.8236 0.1658 3.8334
v  14.8410 0.1664 3.8203
v  14.8599 0.1671 3.8098
v  14.8801 0.1680 3.8021
v  14.8872 0.1683 3.8004
v  14.8965 0.1687 3.7982
v  14.8966 0.1687 3.7981
v  14.9017 0.1689 3.7969
v  14.9208 0.1698 3.7947
v  14.9295 0.1702 3.7947
v  14.9296 0.1702 3.7947
v  14.9343 0.1704 3.7947
v  14.9344 0.1704 3.7947
v  14.9392 0.1707 3.7947
v  14.9570 0.1715 3.7968
v  14.9628 0.1718 3.7982
v  14.9630 0.1719 3.7983
v  14.9741 0.1724 3.8010
v  14.9906 0.1733 3.8074
v  15.0032 0.1740 3.8143
v  15.0041 0.1741 3.8148
v  15.0065 0.1742 3.8160
v  15.0126 0.1746 3.8204
v  15.0158 0.1748 3.8227
v  15.0217 0.1751 3.8268
v  15.0249 0.1753 3.8299
v  15.0371 0.1761 3.8415
v  15.0536 0.1772 3.8626
v  15.0593 0.1776 3.8713
v  15.0636 0.1779 3.8779
v  15.0687 0.1783 3.8858
v  15.0701 0.1784 3.8880
v  15.0714 0.1785 3.8899
v  15.0792 0.1791 3.9039
v  15.0824 0.1793 3.9097
v  15.0903 0.1799 3.9236
v  15.1103 0.1815 3.9635
v  15.1315 0.1832 4.0098
v  15.1388 0.1839 4.0269
v  15.1390 0.1839 4.0273
v  15.1394 0.1839 4.0283
v  15.1395 0.1839 4.0285
v  15.1395 0.1839 4.0287
v  15.1397 0.1839 4.0291
v  15.1400 0.1840 4.0297
v  15.1400 0.1840 4.0299
v  15.1402 0.1840 4.0302
v  15.1402 0.1840 4.0303
v  15.1419 0.1841 4.0343
v  15.1538 0.1851 4.0624
v  15.1761 0.1870 4.1155
v  15.1958 0.1887 4.1608
v  15.1970 0.1888 4.1635
v  15.2165 0.1904 4.2064
v  15.2347 0.1919 4.2442
v  15.2516 0.1932 4.2769
v  15.2628 0.1941 4.2969
v  15.2649 0.1942 4.3006
v  15.2671 0.1944 4.3045
v  15.2812 0.1954 4.3269
v  15.2908 0.1961 4.3401
v  15.3013 0.1968 4.3545
v  15.3047 0.1970 4.3586
v  15.3166 0.1978 4.3729
v  15.3208 0.1981 4.3779
v  15.3222 0.1982 4.3796
v  15.3411 0.1994 4.3994
v  15.3437 0.1996 4.4021
v  15.3660 0.2010 4.4222
v  15.3890 0.2023 4.4396
v  15.3946 0.2027 4.4432
v  15.4127 0.2037 4.4546
v  15.4371 0.2051 4.4670
v  15.4621 0.2064 4.4770
v  15.4878 0.2078 4.4847
v  15.4884 0.2078 4.4849
v  15.4955 0.2082 4.4863
v  15.4967 0.2082 4.4866
v  15.5033 0.2086 4.4879
v  15.5140 0.2091 4.4901
v  15.5409 0.2104 4.4933
v  15.5464 0.2107 4.4934
v  15.5683 0.2118 4.4941
v  15.5893 0.2127 4.4930
v  15.5964 0.2131 4.4926
v  15.6225 0.2143 4.4892
v  15.6251 0.2144 4.4888
v  15.6432 0.2152 4.4849
v  15.6534 0.2156 4.4828
v  15.6808 0.2168 4.4745
v  15.7024 0.2177 4.4659
v  15.7073 0.2179 4.4640
v  15.7247 0.2186 4.4553
v  15.7330 0.2190 4.4511
v  15.7444 0.2194 4.4442
v  15.7445 0.2194 4.4442
v  15.7578 0.2199 4.4361
v  15.7802 0.2207 4.4199
v  15.7818 0.2208 4.4187
v  15.7880 0.2210 4.4134
v  15.7890 0.2210 4.4126
v  15.7907 0.2211 4.4111
v  15.7946 0.2212 4.4078
v  15.7986 0.2213 4.4044
v  15.8004 0.2214 4.4029
v  15.8048 0.2216 4.3991
v  15.8051 0.2216 4.3988
v  15.8080 0.2217 4.3960
v  15.8151 0.2219 4.3889
v  15.8239 0.2222 4.3801
v  15.8251 0.2222 4.3788
v  15.8265 0.2222 4.3775
v  15.8345 0.2225 4.3680
v  15.8437 0.2227 4.3570
v  15.8462 0.2228 4.3541
v  15.8522 0.2230 4.3455
v  15.8555 0.2231 4.3408
v  15.8604 0.2232 4.3338
v  15.8639 0.2233 4.3289
v  15.8797 0.2236 4.3020
v  15.8833 0.2236 4.2945
v  15.8834 0.2237 4.2942
v  15.8908 0.2238 4.2788
v  15.8935 0.2238 4.2732
v  15.8980 0.2238 4.2616
v  15.8986 0.2238 4.2600
v  15.9000 0.2238 4.2565
v  15.9054 0.2239 4.2427
v  15.9064 0.2239 4.2395
v  15.9103 0.2239 4.2265
v  15.9108 0.2239 4.2249
v  15.9128 0.2239 4.2185
v  15.9153 0.2238 4.2105
v  15.9184 0.2238 4.1969
v  15.9203 0.2237 4.1886
v  15.9208 0.2237 4.1866
v  15.9209 0.2237 4.1863
v  15.9231 0.2237 4.1769
v  15.9241 0.2236 4.1704
v  15.9244 0.2236 4.1688
v  15.9248 0.2236 4.1661
v  15.9250 0.2236 4.1651
v  15.9253 0.2236 4.1633
v  15.9254 0.2236 4.1628
v  15.9262 0.2235 4.1577
v  15.9265 0.2235 4.1558
v  15.9287 0.2234 4.1426
v  15.9309 0.2232 4.1199
v  15.9321 0.2230 4.1076
v  15.9328 0.2227 4.0863
v  15.9333 0.2225 4.0717
v  15.9332 0.2225 4.0688
v  15.9330 0.2223 4.0614
v  15.9328 0.2222 4.0531
v  15.9327 0.2222 4.0512
v  15.9325 0.2220 4.0433
v  15.9325 0.2220 4.0405
v  15.9323 0.2219 4.0352
v  15.9306 0.2215 4.0148
v  15.9291 0.2211 3.9978
v  15.9284 0.2210 3.9926
v  15.9268 0.2208 3.9814
v  15.9267 0.2208 3.9805
v  15.9237 0.2203 3.9597
v  15.9146 0.2191 3.9122
v  15.9112 0.2187 3.8980
v  15.9039 0.2179 3.8674
v  15.9039 0.2179 3.8672
v  15.8996 0.2174 3.8528
v  15.8915 0.2166 3.8251
v  15.8895 0.2164 3.8194
v  15.8779 0.2154 3.7866
v  15.8775 0.2153 3.7855
v  15.8640 0.2142 3.7536
v  15.8618 0.2140 3.7484
v  15.8610 0.2139 3.7469
v  15.8551 0.2135 3.7352
v  15.8480 0.2129 3.7212
v  15.8444 0.2126 3.7140
v  15.8290 0.2115 3.6881
v  15.8254 0.2112 3.6822
v  15.8047 0.2097 3.6528
v  15.7823 0.2082 3.6258
v  15.7727 0.2076 3.6161
v  15.7646 0.2071 3.6078
v  15.7581 0.2067 3.6013
v  15.7323 0.2051 3.5791
v  15.7047 0.2035 3.5592
v  15.6755 0.2018 3.5418
v  15.6744 0.2018 3.5412
v  15.6445 0.2001 3.5267
v  15.6123 0.1984 3.5142
v  15.6115 0.1983 3.5140
v  15.6015 0.1978 3.5110
v  15.5795 0.1966 3.5044
v  15.5713 0.1962 3.5027
v  15.5461 0.1949 3.4973
v  15.5402 0.1946 3.4966
v  15.5120 0.1932 3.4930
v  15.5059 0.1929 3.4927
v  15.4857 0.1920 3.4918
v  15.4772 0.1916 3.4914
v  15.4584 0.1907 3.4920
v  15.4555 0.1905 3.4920
v  15.4551 0.1905 3.4921
v  15.4542 0.1905 3.4921
v  15.4528 0.1904 3.4921
v  15.4527 0.1904 3.4921
v  15.4504 0.1903 3.4922
v  15.4497 0.1903 3.4922
v  15.4474 0.1901 3.4923
v  15.4472 0.1901 3.4923
v  15.4419 0.1899 3.4925
v  15.4305 0.1894 3.4937
v  15.4280 0.1892 3.4939
v  15.4271 0.1892 3.4940
v  15.4234 0.1890 3.4944
v  15.4212 0.1889 3.4947
v  15.4169 0.1887 3.4951
v  15.4058 0.1882 3.4963
v  15.4067 0.1884 3.5068
v  15.4082 0.1888 3.5252
v  15.4089 0.1890 3.5348
v  15.4094 0.1891 3.5405
v  15.4094 0.1891 3.5407
v  15.4094 0.1891 3.5409
v  15.4096 0.1891 3.5425
v  15.4100 0.1892 3.5481
v  15.4107 0.1894 3.5560
v  15.4111 0.1895 3.5616
v  15.4116 0.1896 3.5674
v  15.4123 0.1898 3.5766
v  15.4129 0.1899 3.5840
v  15.4152 0.1905 3.6121
v  15.4158 0.1907 3.6202
v  15.4169 0.1909 3.6332
v  15.4173 0.1910 3.6383
v  15.4178 0.1911 3.6443
v  15.4186 0.1913 3.6545
v  15.4187 0.1914 3.6563
v  15.4199 0.1914 3.6562
v  15.4273 0.1918 3.6560
v  15.4318 0.1920 3.6559
v  15.4356 0.1922 3.6558
v  15.4458 0.1926 3.6556
v  15.4660 0.1936 3.6561
v  15.4716 0.1939 3.6563
v  15.4793 0.1943 3.6570
v  15.4843 0.1945 3.6574
v  15.4891 0.1948 3.6578
v  15.4963 0.1951 3.6585
v  15.5019 0.1954 3.6593
v  15.5034 0.1955 3.6596
v  15.5036 0.1955 3.6596
v  15.5038 0.1955 3.6596
v  15.5096 0.1958 3.6605
v  15.5198 0.1963 3.6621
v  15.5421 0.1974 3.6671
v  15.5487 0.1978 3.6692
v  15.5521 0.1980 3.6702
v  15.5578 0.1983 3.6720
v  15.5593 0.1983 3.6724
v  15.5632 0.1985 3.6736
v  15.5746 0.1992 3.6782
v  15.5755 0.1992 3.6786
v  15.5762 0.1992 3.6788
v  15.5806 0.1995 3.6806
v  15.5816 0.1995 3.6810
v  15.5818 0.1995 3.6810
v  15.5831 0.1996 3.6816
v  15.5959 0.2003 3.6881
v  15.5973 0.2004 3.6888
v  15.6021 0.2007 3.6912
v  15.6204 0.2017 3.7029
v  15.6207 0.2018 3.7030
v  15.6208 0.2018 3.7031
v  15.6208 0.2018 3.7032
v  15.6209 0.2018 3.7032
v  15.6223 0.2018 3.7043
v  15.6224 0.2019 3.7044
v  15.6370 0.2027 3.7156
v  15.6377 0.2028 3.7161
v  15.6382 0.2028 3.7165
v  15.6553 0.2039 3.7321
v  15.6717 0.2049 3.7498
v  15.6817 0.2056 3.7622
v  15.6875 0.2060 3.7694
v  15.7027 0.2071 3.7910
v  15.7168 0.2081 3.8142
v  15.7196 0.2083 3.8195
v  15.7296 0.2091 3.8385
v  15.7307 0.2092 3.8411
v  15.7308 0.2092 3.8411
v  15.7309 0.2092 3.8413
v  15.7410 0.2100 3.8640
v  15.7438 0.2103 3.8714
v  15.7510 0.2109 3.8906
v  15.7545 0.2113 3.9019
v  15.7573 0.2116 3.9109
v  15.7596 0.2118 3.9183
v  15.7628 0.2121 3.9309
v  15.7641 0.2123 3.9360
v  15.7643 0.2123 3.9370
v  15.7644 0.2123 3.9375
v  15.7654 0.2124 3.9414
v  15.7660 0.2125 3.9437
v  15.7669 0.2126 3.9471
v  15.7679 0.2127 3.9524
v  15.7684 0.2128 3.9549
v  15.7688 0.2128 3.9572
v  15.7693 0.2129 3.9598
v  15.7712 0.2132 3.9695
v  15.7723 0.2133 3.9752
v  15.7727 0.2133 3.9771
v  15.7741 0.2136 3.9868
v  15.7749 0.2137 3.9918
v  15.7766 0.2140 4.0039
v  15.7767 0.2140 4.0043
v  15.7767 0.2140 4.0047
v  15.7770 0.2140 4.0077
v  15.7772 0.2141 4.0097
v  15.7793 0.2145 4.0300
v  15.7793 0.2145 4.0314
v  15.7795 0.2146 4.0344
v  15.7800 0.2148 4.0446
v  15.7806 0.2150 4.0553
v  15.7806 0.2150 4.0562
v  15.7806 0.2150 4.0578
v  15.7805 0.2152 4.0712
v  15.7805 0.2153 4.0780
v  15.7805 0.2153 4.0797
v  15.7805 0.2154 4.0800
v  15.7800 0.2155 4.0889
v  15.7792 0.2157 4.1039
v  15.7790 0.2157 4.1056
v  15.7786 0.2157 4.1091
v  15.7786 0.2157 4.1095
v  15.7784 0.2157 4.1113
v  15.7769 0.2159 4.1246
v  15.7766 0.2159 4.1271
v  15.7758 0.2159 4.1312
v  15.7727 0.2161 4.1492
v  15.7726 0.2161 4.1496
v  15.7707 0.2161 4.1577
v  15.7674 0.2162 4.1711
v  15.7619 0.2162 4.1887
v  15.7611 0.2162 4.1912
v  15.7598 0.2162 4.1945
v  15.7567 0.2161 4.2024
v  15.7537 0.2161 4.2099
v  15.7502 0.2161 4.2170
v  15.7452 0.2160 4.2273
v  15.7355 0.2158 4.2433
v  15.7248 0.2155 4.2579
v  15.7244 0.2155 4.2583
v  15.7233 0.2155 4.2595
v  15.7129 0.2151 4.2711
v  15.7094 0.2150 4.2744
v  15.7038 0.2148 4.2796
v  15.7001 0.2147 4.2830
v  15.6979 0.2146 4.2847
v  15.6965 0.2146 4.2858
v  15.6934 0.2145 4.2883
v  15.6903 0.2144 4.2907
v  15.6868 0.2142 4.2935
v  15.6860 0.2142 4.2940
v  15.6728 0.2137 4.3025
v  15.6583 0.2132 4.3102
v  15.6527 0.2129 4.3126
v  15.6432 0.2125 4.3165
v  15.6426 0.2125 4.3167
v  15.6406 0.2124 4.3173
v  15.6403 0.2124 4.3174
v  15.6399 0.2124 4.3175
v  15.6397 0.2124 4.3176
v  15.6395 0.2124 4.3177
v  15.6389 0.2123 4.3179
v  15.6383 0.2123 4.3180
v  15.6374 0.2123 4.3183
v  15.6274 0.2119 4.3214
v  15.6188 0.2115 4.3233
v  15.6173 0.2114 4.3236
v  15.6166 0.2114 4.3238
v  15.6160 0.2113 4.3239
v  15.6154 0.2113 4.3240
v  15.6145 0.2113 4.3242
v  15.6111 0.2111 4.3250
v  15.5978 0.2105 4.3267
v  15.5976 0.2105 4.3267
v  15.5943 0.2104 4.3271
v  15.5826 0.2098 4.3276
v  15.5780 0.2096 4.3278
v  15.5704 0.2092 4.3274
v  15.5651 0.2090 4.3271
v  15.5621 0.2088 4.3270
v  15.5613 0.2088 4.3268
v  15.5612 0.2088 4.3268
v  15.5588 0.2087 4.3265
v  15.5514 0.2083 4.3254
v  15.5465 0.2080 4.3247
v  15.5313 0.2073 4.3209
v  15.5165 0.2065 4.3157
v  15.5084 0.2060 4.3119
v  15.5048 0.2058 4.3102
v  15.5042 0.2058 4.3099
v  15.5033 0.2057 4.3095
v  15.5021 0.2057 4.3089
v  15.4880 0.2049 4.3005
v  15.4742 0.2040 4.2901
v  15.4679 0.2037 4.2845
v  15.4606 0.2032 4.2778
v  15.4501 0.2025 4.2666
v  15.4473 0.2023 4.2636
v  15.4433 0.2021 4.2587
v  15.4431 0.2021 4.2584
v  15.4342 0.2015 4.2473
v  15.4214 0.2006 4.2292
v  15.4089 0.1996 4.2091
v  15.3999 0.1990 4.1931
v  15.3892 0.1981 4.1724
v  15.3852 0.1978 4.1641
v  15.3768 0.1971 4.1467
v  15.3682 0.1964 4.1284
v  15.3626 0.1960 4.1163
v  15.3600 0.1958 4.1105
v  15.3597 0.1957 4.1099
v  15.3467 0.1946 4.0809
v  15.3459 0.1946 4.0792
v  15.3290 0.1932 4.0408
v  15.3096 0.1915 3.9957
v  15.2983 0.1906 3.9699
v  15.2898 0.1899 3.9504
v  15.2815 0.1892 3.9324
v  15.2808 0.1891 3.9308
v  15.2783 0.1889 3.9254
v  15.2777 0.1889 3.9240
v  15.2709 0.1883 3.9092
v  15.2651 0.1878 3.8973
v  15.2601 0.1874 3.8871
v  15.2532 0.1869 3.8729
v  15.2529 0.1869 3.8722
v  15.2430 0.1861 3.8532
v  15.2400 0.1859 3.8476
v  15.2374 0.1857 3.8425
v  15.2357 0.1855 3.8394
v  15.2281 0.1850 3.8259
v  15.2195 0.1843 3.8108
v  15.2151 0.1840 3.8037
v  15.2117 0.1837 3.7983
v  15.2042 0.1832 3.7863
v  15.2016 0.1830 3.7827
v  15.1898 0.1822 3.7661
v  15.1715 0.1810 3.7436
v  15.1527 0.1797 3.7231
v  15.1494 0.1796 3.7200
v  15.1388 0.1789 3.7099
v  15.1332 0.1785 3.7046
v  15.1132 0.1773 3.6882
v  15.1041 0.1768 3.6820
v  15.0925 0.1761 3.6739
v  15.0804 0.1754 3.6669
v  15.0712 0.1748 3.6616
v  15.0580 0.1741 3.6554
v  15.0492 0.1736 3.6513
v  15.0477 0.1736 3.6507
v  15.0268 0.1724 3.6430
v  15.0040 0.1713 3.6366
v  14.9833 0.1702 3.6326
v  14.9808 0.1701 3.6322
v  14.9573 0.1689 3.6296
v  14.9418 0.1682 3.6293
v  14.9333 0.1678 3.6291
v  14.9301 0.1676 3.6292
v  14.9243 0.1673 3.6296
v  14.9231 0.1673 3.6296
v  14.9090 0.1666 3.6304
v  14.8843 0.1655 3.6337
v  14.8797 0.1653 3.6346
v  14.8776 0.1652 3.6351
v  14.8774 0.1652 3.6351
v  14.8574 0.1643 3.6394
v  14.8493 0.1640 3.6418
v  14.8485 0.1639 3.6421
v  14.8481 0.1639 3.6422
v  14.8435 0.1637 3.6436
v  14.8356 0.1634 3.6459
v  14.8313 0.1632 3.6472
v  14.8294 0.1631 3.6480
v  14.8293 0.1631 3.6480
v  14.8262 0.1630 3.6492
v  14.8152 0.1625 3.6536
v  14.8118 0.1624 3.6549
v  14.8118 0.1624 3.6550
v  14.8062 0.1621 3.6572
v  14.7851 0.1613 3.6677
v  14.7819 0.1612 3.6693
v  14.7729 0.1608 3.6747
v  14.7693 0.1607 3.6769
v  14.7692 0.1607 3.6770
v  14.7585 0.1603 3.6835
v  14.7577 0.1602 3.6841
v  14.7427 0.1597 3.6950
v  14.7360 0.1595 3.6998
v  14.7275 0.1592 3.7070
v  14.7144 0.1587 3.7182
v  14.7124 0.1587 3.7203
v  14.6976 0.1582 3.7352
v  14.6942 0.1581 3.7386
v  14.6901 0.1580 3.7436
v  14.6835 0.1578 3.7517
v  14.6834 0.1578 3.7517
v  14.6760 0.1576 3.7607
v  14.6699 0.1574 3.7698
v  14.6598 0.1572 3.7846
v  14.6575 0.1571 3.7888
v  14.6516 0.1570 3.7994
v  14.6460 0.1569 3.8096
v  14.6456 0.1569 3.8103
v  14.6359 0.1568 3.8319
v  14.6333 0.1567 3.8377
v  14.6270 0.1567 3.8556
v  14.6230 0.1567 3.8668
v  14.6193 0.1567 3.8806
v  14.6156 0.1568 3.8945
v  14.6147 0.1568 3.8977
v  14.6084 0.1570 3.9298
v  14.6071 0.1571 3.9393
v  14.6063 0.1571 3.9452
v  14.6061 0.1572 3.9469
v  14.6058 0.1572 3.9494
v  14.6054 0.1572 3.9518
v  14.6047 0.1573 3.9572
v  14.6042 0.1573 3.9609
v  14.6040 0.1573 3.9626
v  14.6039 0.1573 3.9636
v  14.6039 0.1573 3.9640
v  14.6034 0.1574 3.9709
v  14.6031 0.1575 3.9744
v  14.6029 0.1575 3.9774
v  14.6029 0.1575 3.9775
v  14.6024 0.1576 3.9833
v  14.6024 0.1576 3.9843
v  14.6015 0.1577 3.9960
v  14.6012 0.1580 4.0142
v  14.6010 0.1582 4.0261
v  14.6009 0.1582 4.0300
v  14.6009 0.1582 4.0305
v  14.6009 0.1582 4.0313
v  14.6012 0.1584 4.0390
v  14.6014 0.1584 4.0422
v  14.6016 0.1586 4.0484
v  14.6017 0.1586 4.0509
v  14.6018 0.1587 4.0547
v  14.6022 0.1588 4.0647
v  14.6035 0.1591 4.0782
v  14.6035 0.1591 4.0788
v  14.6037 0.1592 4.0810
v  14.6039 0.1592 4.0829
v  14.6055 0.1596 4.1001
v  14.6075 0.1599 4.1139
v  14.6107 0.1604 4.1361
v  14.6118 0.1605 4.1419
v  14.6126 0.1606 4.1462
v  14.6132 0.1607 4.1494
v  14.6182 0.1613 4.1752
v  14.6274 0.1624 4.2127
v  14.6323 0.1629 4.2288
v  14.6382 0.1635 4.2486
v  14.6435 0.1639 4.2633
v  14.6506 0.1646 4.2828
v  15.0117 0.1887 4.7168
v  14.9747 0.1870 4.7231
v  14.9716 0.1869 4.7236
v  14.9509 0.1860 4.7271
v  14.9388 0.1854 4.7292
v  14.9267 0.1849 4.7312
v  14.8592 0.1818 4.7427
v  14.8461 0.1817 4.7764
v  14.8379 0.1817 4.7974
v  14.8317 0.1816 4.8134
v  14.8300 0.1816 4.8177
v  15.1867 0.2057 5.2611
v  15.1826 0.2058 5.2851
v  15.1795 0.2064 5.3301
v  15.1804 0.2069 5.3568
v  15.1810 0.2072 5.3764
v  15.1822 0.2074 5.3866
v  15.1851 0.2079 5.4097
v  15.1863 0.2082 5.4197
v  15.1866 0.2082 5.4216
v  15.1869 0.2083 5.4242
v  15.1872 0.2083 5.4257
v  15.1950 0.2092 5.4613
v  15.1983 0.2096 5.4763
v  15.2062 0.2104 5.5004
v  15.2143 0.2111 5.5247
v  15.2152 0.2112 5.5268
v  15.2174 0.2114 5.5314
v  15.2348 0.2128 5.5694
v  15.2443 0.2135 5.5849
v  15.2528 0.2142 5.5989
v  15.2537 0.2142 5.6005
v  15.2599 0.2147 5.6105
v  15.2895 0.2167 5.6479
v  15.3069 0.2178 5.6650
v  15.3178 0.2185 5.6757
v  15.5118 0.2309 5.8743
v  15.5031 0.2305 5.8757
v  15.4688 0.2289 5.8816
v  15.4186 0.2267 5.8901
v  15.3818 0.2250 5.8964
v  15.2896 0.2209 5.9120
v  15.2991 0.2222 5.9681
v  15.3031 0.2228 5.9919
v  15.3096 0.2237 6.0304
v  15.3133 0.2242 6.0520
v  15.3505 0.2259 6.0456
v  15.4432 0.2301 6.0299
v  15.4087 0.2290 6.0672
v  15.3943 0.2286 6.0878
v  15.3940 0.2286 6.0883
v  15.3809 0.2283 6.1071
v  15.3711 0.2281 6.1269
v  15.3708 0.2281 6.1274
v  15.3622 0.2280 6.1448
v  15.3598 0.2280 6.1497
v  15.3455 0.2280 6.1949
v  15.3442 0.2281 6.2027
v  15.3428 0.2281 6.2114
v  15.3421 0.2282 6.2159
v  15.3415 0.2282 6.2199
v  15.3411 0.2282 6.2222
v  15.3402 0.2283 6.2278
v  15.3399 0.2283 6.2296
v  15.3399 0.2283 6.2298
v  15.3395 0.2283 6.2321
v  15.3389 0.2283 6.2359
v  15.3384 0.2284 6.2389
v  15.3378 0.2284 6.2427
v  15.3369 0.2291 6.2930
v  15.3384 0.2294 6.3061
v  15.3384 0.2294 6.3065
v  15.3384 0.2294 6.3067
v  15.3384 0.2294 6.3068
v  15.3385 0.2294 6.3071
v  15.3385 0.2294 6.3073
v  15.3385 0.2294 6.3074
v  15.3385 0.2294 6.3075
v  15.3385 0.2294 6.3076
v  15.3394 0.2296 6.3158
v  15.3427 0.2303 6.3461
v  15.3473 0.2308 6.3693
v  15.3505 0.2312 6.3819
v  15.3521 0.2314 6.3882
v  15.3530 0.2315 6.3917
v  15.3597 0.2321 6.4135
v  15.3677 0.2328 6.4344
v  15.3707 0.2331 6.4412
v  15.3767 0.2336 6.4546
v  15.3793 0.2338 6.4597
v  15.3868 0.2344 6.4741
v  15.3981 0.2352 6.4928
v  15.4045 0.2357 6.5021
v  15.4102 0.2361 6.5104
v  15.4228 0.2369 6.5264
v  15.4230 0.2369 6.5267
v  15.7245 0.2540 6.6940
v  15.7190 0.2538 6.6962
v  15.7174 0.2537 6.6969
v  15.7082 0.2533 6.7018
v  15.6798 0.2522 6.7169
v  15.6691 0.2518 6.7226
v  15.6403 0.2507 6.7425
v  15.6264 0.2502 6.7521
v  15.6259 0.2502 6.7524
v  15.6132 0.2498 6.7637
v  15.6056 0.2495 6.7705
v  15.5877 0.2489 6.7863
v  15.5702 0.2484 6.8065
v  15.5612 0.2481 6.8168
v  15.5546 0.2479 6.8244
v  15.5416 0.2476 6.8437
v  15.5268 0.2473 6.8656
v  15.5250 0.2472 6.8691
v  15.5243 0.2472 6.8704
v  15.5231 0.2472 6.8728
v  15.5047 0.2469 6.9087
v  15.4977 0.2468 6.9280
v  15.4913 0.2468 6.9455
v  15.4883 0.2468 6.9539
v  15.4788 0.2470 6.9955
v  15.4775 0.2470 7.0010
v  15.4725 0.2476 7.0502
v  15.4726 0.2478 7.0614
v  15.4729 0.2482 7.0864
v  15.4729 0.2482 7.0871
v  15.4731 0.2484 7.1014
v  15.4787 0.2494 7.1484
v  15.4794 0.2496 7.1545
v  15.4906 0.2509 7.2051
v  15.5064 0.2524 7.2521
v  15.5203 0.2535 7.2817
v  15.5269 0.2540 7.2955
v  15.5506 0.2558 7.3332
v  15.5519 0.2559 7.3353
v  15.5679 0.2569 7.3548
v  15.5697 0.2571 7.3570
v  15.5754 0.2574 7.3639
v  15.5817 0.2579 7.3715
v  15.6001 0.2590 7.3890
v  15.6160 0.2600 7.4041
v  15.6550 0.2623 7.4331
v  15.6761 0.2635 7.4450
v  15.6960 0.2647 7.4564
v  15.6980 0.2648 7.4575
v  15.7086 0.2654 7.4618
v  15.7314 0.2666 7.4711
v  15.7402 0.2671 7.4748
v  15.7443 0.2673 7.4765
v  15.7617 0.2682 7.4812
v  15.7940 0.2699 7.4900
v  15.8470 0.2725 7.4981
v  15.9034 0.2753 7.5007
v  15.9294 0.2765 7.4994
v  15.9356 0.2768 7.4991
v  15.9631 0.2781 7.4978
v  16.0262 0.2810 7.4895
v  16.0674 0.2828 7.4817
v  16.0666 0.2827 7.4768
v  16.0620 0.2820 7.4498
v  16.0611 0.2819 7.4446
v  16.0588 0.2816 7.4307
v  16.0580 0.2815 7.4262
v  16.0578 0.2815 7.4250
v  16.0540 0.2809 7.4024
v  16.0536 0.2809 7.4000
v  16.0513 0.2805 7.3862
v  16.0503 0.2804 7.3804
v  16.0491 0.2802 7.3736
v  16.0471 0.2799 7.3618
v  16.0453 0.2797 7.3512
v  16.0452 0.2797 7.3505
v  16.0398 0.2789 7.3182
v  16.0396 0.2789 7.3174
v  16.0354 0.2783 7.2922
v  16.0349 0.2782 7.2893
v  16.0330 0.2779 7.2781
v  16.0294 0.2774 7.2570
v  16.0285 0.2773 7.2516
v  16.0284 0.2773 7.2511
v  16.0281 0.2773 7.2490
v  16.0273 0.2772 7.2446
v  16.0096 0.2747 7.1399
v  16.0070 0.2743 7.1246
v  16.0067 0.2742 7.1228
v  16.0042 0.2739 7.1077
v  16.0037 0.2738 7.1047
v  16.0009 0.2734 7.0882
v  16.0001 0.2733 7.0838
v  15.9997 0.2733 7.0814
v  15.9997 0.2732 7.0810
v  15.9945 0.2725 7.0506
v  15.9942 0.2725 7.0484
v  15.9939 0.2724 7.0468
v  15.9893 0.2718 7.0196
v  15.9843 0.2711 6.9902
v  15.9836 0.2710 6.9857
v  15.9803 0.2705 6.9667
v  15.9784 0.2702 6.9551
v  15.9760 0.2699 6.9408
v  15.9759 0.2699 6.9405
v  15.9710 0.2692 6.9114
v  15.9642 0.2682 6.8711
v  15.9627 0.2680 6.8625
v  15.9618 0.2679 6.8569
v  15.9613 0.2678 6.8541
v  15.9609 0.2678 6.8516
v  15.9547 0.2669 6.8150
v  15.9519 0.2665 6.7987
v  15.9800 0.2678 6.7966
v  15.9809 0.2679 6.7965
v  15.9940 0.2685 6.7955
v  16.0296 0.2702 6.7956
v  16.0336 0.2704 6.7956
v  16.0361 0.2705 6.7959
v  16.0489 0.2711 6.7970
v  16.0612 0.2717 6.7981
v  16.0628 0.2718 6.7983
v  16.0709 0.2722 6.7990
v  16.0723 0.2723 6.7993
v  16.1022 0.2738 6.8049
v  16.1057 0.2740 6.8056
v  16.1332 0.2754 6.8140
v  16.1381 0.2757 6.8155
v  16.1682 0.2773 6.8287
v  16.1959 0.2789 6.8451
v  16.2196 0.2803 6.8633
v  16.2208 0.2804 6.8642
v  16.2402 0.2816 6.8829
v  15.5531 0.2793 6.8239
v  15.5597 0.2795 6.8163
v  15.5687 0.2798 6.8060
v  15.5862 0.2803 6.7858
v  15.6041 0.2809 6.7700
v  15.6117 0.2812 6.7632
v  15.6244 0.2816 6.7519
v  15.8028 0.2914 6.8338
v  15.7951 0.2911 6.8360
v  15.7913 0.2909 6.8371
v  15.7867 0.2907 6.8388
v  15.7864 0.2907 6.8390
v  15.7862 0.2907 6.8390
v  15.7754 0.2903 6.8431
v  15.7687 0.2900 6.8457
v  15.7621 0.2897 6.8482
v  15.7612 0.2897 6.8486
v  15.7474 0.2891 6.8555
v  15.7428 0.2889 6.8578
v  15.7335 0.2886 6.8624
v  15.7258 0.2883 6.8674
v  15.7175 0.2880 6.8727
v  15.7110 0.2877 6.8768
v  15.7082 0.2876 6.8786
v  15.7051 0.2875 6.8811
v  15.7039 0.2875 6.8821
v  15.6908 0.2870 6.8927
v  15.6854 0.2868 6.8971
v  15.6800 0.2867 6.9026
v  15.6683 0.2863 6.9145
v  15.6649 0.2862 6.9179
v  15.6635 0.2861 6.9198
v  15.6587 0.2860 6.9259
v  15.6587 0.2860 6.9260
v  15.6569 0.2860 6.9282
v  15.6562 0.2859 6.9291
v  15.6559 0.2859 6.9295
v  15.6546 0.2859 6.9312
v  15.6540 0.2859 6.9320
v  15.6469 0.2857 6.9411
v  15.6372 0.2855 6.9567
v  15.6352 0.2854 6.9601
v  15.6348 0.2854 6.9607
v  15.6316 0.2853 6.9659
v  15.6207 0.2852 6.9891
v  15.6205 0.2852 6.9895
v  15.6203 0.2852 6.9899
v  15.6202 0.2852 6.9901
v  15.6197 0.2852 6.9911
v  15.6196 0.2852 6.9912
v  15.6195 0.2852 6.9915
v  15.6191 0.2852 6.9926
v  15.6105 0.2852 7.0181
v  15.6047 0.2853 7.0456
v  15.6020 0.2856 7.0739
v  15.6022 0.2858 7.0842
v  15.6022 0.2859 7.0878
v  15.6023 0.2860 7.0956
v  15.6025 0.2861 7.1032
v  15.6051 0.2866 7.1251
v  15.6051 0.2866 7.1256
v  15.6052 0.2866 7.1261
v  15.6061 0.2868 7.1333
v  15.6070 0.2869 7.1374
v  15.6070 0.2869 7.1375
v  15.6134 0.2876 7.1660
v  15.6242 0.2886 7.1962
v  15.6303 0.2891 7.2083
v  15.6382 0.2897 7.2239
v  15.6431 0.2901 7.2311
v  15.6451 0.2902 7.2339
v  15.6556 0.2910 7.2493
v  15.6590 0.2912 7.2529
v  15.6713 0.2920 7.2666
v  15.6764 0.2923 7.2722
v  15.6779 0.2924 7.2735
v  15.6812 0.2926 7.2763
v  15.7005 0.2938 7.2927
v  15.7279 0.2954 7.3108
v  15.7477 0.2965 7.3209
v  15.7696 0.2977 7.3290
v  15.7936 0.2989 7.3351
v  15.7995 0.2992 7.3361
v  15.8197 0.3002 7.3393
v  15.8478 0.3016 7.3416
v  15.8781 0.3031 7.3419
v  15.9089 0.3045 7.3403
v  15.9104 0.3046 7.3402
v  15.9104 0.3046 7.3400
v  15.9097 0.3045 7.3360
v  15.9091 0.3044 7.3324
v  15.9085 0.3043 7.3289
v  15.9035 0.3036 7.2991
v  15.9007 0.3032 7.2830
v  15.9004 0.3032 7.2813
v  15.8994 0.3030 7.2749
v  15.8973 0.3027 7.2629
v  15.8968 0.3027 7.2597
v  15.8922 0.3020 7.2327
v  15.8906 0.3018 7.2230
v  15.8890 0.3016 7.2138
v  15.8890 0.3016 7.2137
v  15.8890 0.3015 7.2134
v  15.8888 0.3015 7.2121
v  15.8883 0.3015 7.2097
v  15.8883 0.3015 7.2096
v  15.8881 0.3014 7.2081
v  15.8881 0.3014 7.2080
v  15.8868 0.3012 7.2006
v  15.8852 0.3010 7.1909
v  15.8847 0.3009 7.1882
v  15.8785 0.3001 7.1515
v  15.8673 0.2985 7.0851
v  15.8656 0.2983 7.0754
v  15.8654 0.2982 7.0742
v  15.8638 0.2980 7.0647
v  15.8620 0.2977 7.0536
v  15.8615 0.2977 7.0510
v  15.8615 0.2977 7.0507
v  15.8612 0.2976 7.0489
v  15.8609 0.2976 7.0471
v  15.8591 0.2973 7.0370
v  15.8578 0.2971 7.0288
v  15.8569 0.2970 7.0235
v  15.8568 0.2970 7.0230
v  15.8563 0.2969 7.0204
v  15.8562 0.2969 7.0194
v  15.8561 0.2969 7.0191
v  15.8559 0.2969 7.0177
v  15.8558 0.2969 7.0172
v  15.8556 0.2968 7.0158
v  15.8555 0.2968 7.0156
v  15.8549 0.2967 7.0117
v  15.8519 0.2963 6.9943
v  15.8517 0.2963 6.9932
v  15.8491 0.2959 6.9777
v  15.8490 0.2959 6.9769
v  15.8485 0.2958 6.9741
v  15.8483 0.2958 6.9726
v  15.8480 0.2958 6.9713
v  15.8474 0.2957 6.9676
v  15.8420 0.2949 6.9354
v  15.8418 0.2949 6.9346
v  15.8415 0.2948 6.9324
v  15.8411 0.2948 6.9304
v  15.8409 0.2948 6.9287
v  15.8402 0.2947 6.9249
v  15.8387 0.2945 6.9161
v  15.8379 0.2943 6.9112
v  15.8370 0.2942 6.9062
v  15.8361 0.2941 6.9007
v  15.8356 0.2940 6.8977
v  15.8349 0.2939 6.8932
v  15.8333 0.2937 6.8840
v  15.8332 0.2937 6.8834
v  15.8324 0.2936 6.8790
v  15.8317 0.2935 6.8747
v  15.8310 0.2934 6.8703
v  15.8296 0.2932 6.8624
v  15.8296 0.2932 6.8623
v  15.8296 0.2932 6.8622
v  15.8296 0.2932 6.8619
v  15.8289 0.2931 6.8582
v  15.8279 0.2929 6.8523
v  15.8267 0.2927 6.8449
v  15.8254 0.2926 6.8373
v  15.8238 0.2923 6.8279
v  15.8130 0.2919 6.8310
v  15.8053 0.2915 6.8331
v  15.6249 0.2816 6.7516
v  15.6388 0.2821 6.7420
v  15.6676 0.2832 6.7221
v  15.6783 0.2836 6.7164
v  15.7067 0.2847 6.7013
v  15.7159 0.2851 6.6964
v  15.7175 0.2852 6.6957
v  15.7230 0.2854 6.6935
v  15.7350 0.2859 6.6887
v  15.7363 0.2860 6.6881
v  15.7418 0.2862 6.6859
v  15.7423 0.2862 6.6857
v  15.7447 0.2863 6.6848
v  15.7553 0.2867 6.6804
v  15.7556 0.2868 6.6803
v  15.7692 0.2873 6.6749
v  15.7713 0.2874 6.6742
v  15.7719 0.2874 6.6740
v  15.7840 0.2880 6.6704
v  15.7841 0.2880 6.6704
v  15.7864 0.2881 6.6697
v  15.7867 0.2881 6.6696
v  15.7877 0.2881 6.6693
v  15.7879 0.2881 6.6693
v  15.7928 0.2883 6.6678
v  15.8275 0.2898 6.6574
v  15.8335 0.2901 6.6562
v  15.8384 0.2903 6.6552
v  15.8535 0.2910 6.6520
v  15.8761 0.2920 6.6473
v  15.8834 0.2923 6.6457
v  15.8909 0.2926 6.6442
v  15.9525 0.2955 6.6361
v  15.9529 0.2955 6.6361
v  15.9959 0.2975 6.6342
v  16.0003 0.2977 6.6340
v  16.0117 0.2982 6.6335
v  16.0445 0.2998 6.6352
v  16.0672 0.3009 6.6364
v  16.0782 0.3015 6.6381
v  16.0814 0.3017 6.6387
v  16.0971 0.3025 6.6412
v  16.0981 0.3025 6.6413
v  16.1170 0.3035 6.6444
v  16.1174 0.3035 6.6444
v  16.1195 0.3036 6.6448
v  16.1500 0.3052 6.6534
v  16.1686 0.3061 6.6586
v  16.1728 0.3064 6.6604
v  16.1735 0.3064 6.6607
v  16.1868 0.3071 6.6663
v  16.2026 0.3080 6.6730
v  16.2038 0.3081 6.6735
v  16.2067 0.3082 6.6748
v  16.2144 0.3086 6.6780
v  16.2246 0.3092 6.6840
v  16.2282 0.3094 6.6861
v  16.2297 0.3095 6.6869
v  16.2462 0.3105 6.6966
v  16.2570 0.3111 6.7029
v  16.2573 0.3111 6.7031
v  16.2582 0.3111 6.7038
v  16.2685 0.3118 6.7117
v  16.2817 0.3125 6.7219
v  16.2830 0.3126 6.7228
v  16.2832 0.3126 6.7230
v  16.2935 0.3132 6.7309
v  16.2940 0.3133 6.7313
v  16.2957 0.3134 6.7326
v  16.2996 0.3136 6.7365
v  16.3022 0.3138 6.7390
v  16.3088 0.3142 6.7455
v  16.3165 0.3147 6.7532
v  16.3194 0.3149 6.7561
v  16.3205 0.3150 6.7572
v  16.3299 0.3156 6.7666
v  16.3597 0.3176 6.8048
v  16.3850 0.3195 6.8473
v  16.4006 0.3208 6.8822
v  16.4059 0.3212 6.8940
v  16.4098 0.3216 6.9061
v  16.4110 0.3217 6.9098
v  16.4148 0.3221 6.9217
v  16.4223 0.3228 6.9450
v  16.4275 0.3234 6.9690
v  16.4342 0.3242 7.0002
v  16.4385 0.3249 7.0322
v  16.4386 0.3250 7.0330
v  16.4386 0.3250 7.0331
v  16.4389 0.3250 7.0352
v  16.4393 0.3251 7.0386
v  16.4397 0.3251 7.0416
v  16.4398 0.3252 7.0420
v  16.4401 0.3252 7.0448
v  16.4404 0.3253 7.0487
v  16.4425 0.3260 7.0877
v  16.4413 0.3266 7.1288
v  16.4412 0.3266 7.1297
v  16.4411 0.3266 7.1309
v  16.4409 0.3266 7.1318
v  16.4409 0.3266 7.1321
v  16.4408 0.3266 7.1331
v  16.4407 0.3266 7.1337
v  16.4406 0.3267 7.1343
v  16.4405 0.3267 7.1356
v  16.4404 0.3267 7.1365
v  16.4403 0.3267 7.1368
v  16.4366 0.3270 7.1681
v  16.4343 0.3270 7.1782
v  16.4337 0.3271 7.1808
v  16.4329 0.3271 7.1846
v  16.4283 0.3272 7.2056
v  16.4280 0.3272 7.2065
v  16.4267 0.3272 7.2104
v  16.4164 0.3272 7.2413
v  16.4076 0.3271 7.2607
v  16.4010 0.3270 7.2753
v  16.3898 0.3268 7.2943
v  16.3862 0.3267 7.3005
v  16.3843 0.3266 7.3038
v  16.3823 0.3266 7.3072
v  16.3786 0.3265 7.3124
v  16.3779 0.3265 7.3133
v  16.3771 0.3265 7.3144
v  16.3699 0.3263 7.3243
v  16.3606 0.3260 7.3370
v  16.3592 0.3260 7.3386
v  16.3589 0.3260 7.3389
v  16.3359 0.3253 7.3645
v  16.3082 0.3244 7.3899
v  16.2969 0.3240 7.3984
v  16.2910 0.3237 7.4028
v  16.2774 0.3233 7.4130
v  16.2437 0.3220 7.4340
v  16.2406 0.3219 7.4356
v  16.2377 0.3217 7.4370
v  16.2092 0.3206 7.4516
v  16.2069 0.3205 7.4527
v  16.2064 0.3205 7.4511
v  16.2015 0.3200 7.4345
v  16.2001 0.3198 7.4299
v  16.1996 0.3198 7.4282
v  16.1994 0.3198 7.4277
v  16.1989 0.3197 7.4259
v  16.1979 0.3196 7.4226
v  16.1920 0.3190 7.4028
v  16.1914 0.3189 7.4006
v  16.1891 0.3187 7.3932
v  16.1883 0.3186 7.3903
v  16.1874 0.3185 7.3873
v  16.1858 0.3184 7.3820
v  16.1841 0.3182 7.3764
v  16.1801 0.3178 7.3628
v  16.1784 0.3176 7.3571
v  16.1750 0.3173 7.3458
v  16.1750 0.3173 7.3457
v  16.1749 0.3173 7.3452
v  16.1747 0.3173 7.3446
v  16.1690 0.3167 7.3255
v  16.1688 0.3167 7.3250
v  16.1672 0.3165 7.3197
v  16.1661 0.3164 7.3159
v  16.1614 0.3159 7.3001
v  16.1613 0.3159 7.2997
v  16.1607 0.3159 7.2978
v  16.1606 0.3159 7.2975
v  16.1602 0.3158 7.2960
v  16.1852 0.3168 7.2808
v  16.1932 0.3171 7.2753
v  16.2079 0.3176 7.2649
v  16.2283 0.3183 7.2485
v  16.2301 0.3184 7.2468
v  16.2463 0.3189 7.2313
v  16.2620 0.3194 7.2135
v  16.2637 0.3194 7.2112
v  16.2661 0.3195 7.2079
v  16.2686 0.3195 7.2044
v  16.2690 0.3195 7.2039
v  16.2725 0.3196 7.1990
v  16.2754 0.3197 7.1951
v  16.2864 0.3199 7.1760
v  16.2952 0.3201 7.1562
v  16.2991 0.3201 7.1447
v  16.3021 0.3201 7.1357
v  16.3035 0.3200 7.1294
v  16.3051 0.3200 7.1224
v  16.3051 0.3200 7.1222
v  16.3062 0.3200 7.1177
v  16.3069 0.3199 7.1145
v  16.3076 0.3199 7.1095
v  16.3098 0.3197 7.0926
v  16.3106 0.3194 7.0700
v  16.3100 0.3192 7.0575
v  16.3095 0.3190 7.0466
v  16.3064 0.3185 7.0226
v  16.3052 0.3183 7.0175
v  16.2993 0.3176 6.9909
v  16.2944 0.3172 6.9762
v  16.2893 0.3167 6.9612
v  16.2855 0.3164 6.9532
v  16.2844 0.3163 6.9509
v  16.2763 0.3156 6.9337
v  16.2603 0.3145 6.9083
v  16.2413 0.3132 6.8850
v  16.2387 0.3130 6.8824
v  16.2193 0.3118 6.8637
v  16.2181 0.3117 6.8628
v  16.1944 0.3103 6.8446
v  16.1667 0.3087 6.8282
v  16.1366 0.3071 6.8150
v  16.1317 0.3068 6.8135
v  16.1042 0.3054 6.8051
v  16.1007 0.3052 6.8045
v  16.0708 0.3037 6.7988
v  16.0693 0.3036 6.7985
v  16.0613 0.3032 6.7978
v  16.0597 0.3031 6.7976
v  16.0474 0.3025 6.7965
v  16.0346 0.3019 6.7954
v  16.0321 0.3018 6.7951
v  16.0281 0.3016 6.7951
v  15.9925 0.2999 6.7951
v  15.9794 0.2993 6.7960
v  15.9785 0.2992 6.7961
v  15.9504 0.2979 6.7982
v  15.9532 0.2983 6.8145
v  15.9594 0.2992 6.8511
v  15.9598 0.2992 6.8536
v  15.9603 0.2993 6.8564
v  15.9612 0.2994 6.8620
v  15.9627 0.2997 6.8706
v  15.9695 0.3006 6.9109
v  15.9744 0.3013 6.9401
v  15.9745 0.3013 6.9403
v  15.9769 0.3017 6.9546
v  15.9788 0.3019 6.9662
v  15.9821 0.3024 6.9852
v  15.9828 0.3025 6.9897
v  15.9878 0.3032 7.0191
v  15.9924 0.3038 7.0463
v  15.9927 0.3039 7.0480
v  15.9930 0.3039 7.0501
v  15.9982 0.3047 7.0806
v  15.9982 0.3047 7.0810
v  15.9986 0.3047 7.0833
v  15.9994 0.3048 7.0877
v  16.0022 0.3052 7.1042
v  16.0027 0.3053 7.1072
v  16.0052 0.3057 7.1223
v  16.0055 0.3057 7.1241
v  16.0081 0.3061 7.1394
v  16.0258 0.3086 7.2442
v  16.0266 0.3087 7.2485
v  16.0269 0.3087 7.2506
v  16.0270 0.3087 7.2511
v  16.0279 0.3089 7.2565
v  16.0315 0.3094 7.2776
v  16.0334 0.3096 7.2888
v  16.0339 0.3097 7.2917
v  16.0381 0.3103 7.3169
v  16.0383 0.3103 7.3177
v  16.0437 0.3111 7.3500
v  16.0438 0.3111 7.3507
v  16.0456 0.3114 7.3613
v  16.0476 0.3116 7.3731
v  16.0488 0.3118 7.3799
v  16.0498 0.3119 7.3857
v  16.0521 0.3123 7.3995
v  16.0525 0.3123 7.4019
v  16.0563 0.3129 7.4245
v  16.0565 0.3129 7.4257
v  16.0573 0.3130 7.4302
v  16.0596 0.3133 7.4441
v  16.0605 0.3135 7.4493
v  16.0651 0.3141 7.4763
v  16.0659 0.3142 7.4812
v  16.0247 0.3124 7.4891
v  15.9616 0.3095 7.4973
v  15.9341 0.3082 7.4986
v  15.9279 0.3079 7.4989
v  15.9019 0.3067 7.5002
v  15.8455 0.3040 7.4976
v  15.7925 0.3013 7.4895
v  15.7602 0.2996 7.4807
v  15.7428 0.2987 7.4760
v  15.7387 0.2985 7.4743
v  15.7298 0.2980 7.4707
v  15.7071 0.2968 7.4613
v  15.6965 0.2962 7.4570
v  15.6945 0.2961 7.4559
v  15.6746 0.2950 7.4445
v  15.6535 0.2938 7.4326
v  15.6145 0.2914 7.4036
v  15.5986 0.2904 7.3885
v  15.5802 0.2893 7.3710
v  15.5739 0.2889 7.3635
v  15.5682 0.2885 7.3565
v  15.5664 0.2884 7.3543
v  15.5504 0.2873 7.3348
v  15.5491 0.2872 7.3327
v  15.5253 0.2855 7.2951
v  15.5188 0.2849 7.2812
v  15.5049 0.2838 7.2517
v  15.4891 0.2823 7.2046
v  15.4779 0.2810 7.1540
v  15.4772 0.2808 7.1479
v  15.4716 0.2798 7.1009
v  15.4714 0.2796 7.0866
v  15.4714 0.2796 7.0860
v  15.4711 0.2792 7.0609
v  15.4710 0.2790 7.0497
v  15.4760 0.2785 7.0005
v  15.4773 0.2784 6.9950
v  15.4868 0.2782 6.9534
v  15.4898 0.2782 6.9450
v  15.4962 0.2783 6.9275
v  15.5032 0.2783 6.9082
v  15.5216 0.2786 6.8723
v  15.5228 0.2786 6.8699
v  15.5235 0.2786 6.8686
v  15.5253 0.2787 6.8651
v  15.5401 0.2790 6.8432
v  15.8145 0.2605 6.8314
v  15.8253 0.2609 6.8284
v  15.8269 0.2612 6.8378
v  15.8282 0.2613 6.8454
v  15.8294 0.2615 6.8527
v  15.8304 0.2617 6.8587
v  15.8311 0.2617 6.8624
v  15.8311 0.2617 6.8627
v  15.8311 0.2617 6.8628
v  15.8311 0.2617 6.8629
v  15.8325 0.2619 6.8708
v  15.8332 0.2620 6.8752
v  15.8340 0.2621 6.8795
v  15.8347 0.2623 6.8839
v  15.8348 0.2623 6.8845
v  15.8364 0.2625 6.8937
v  15.8371 0.2626 6.8982
v  15.8376 0.2627 6.9011
v  15.8386 0.2628 6.9067
v  15.8394 0.2629 6.9117
v  15.8402 0.2630 6.9166
v  15.8417 0.2632 6.9254
v  15.8424 0.2633 6.9292
v  15.8426 0.2634 6.9309
v  15.8430 0.2634 6.9329
v  15.8433 0.2635 6.9351
v  15.8435 0.2635 6.9359
v  15.8489 0.2643 6.9681
v  15.8495 0.2643 6.9718
v  15.8498 0.2644 6.9731
v  15.8500 0.2644 6.9746
v  15.8505 0.2645 6.9774
v  15.8506 0.2645 6.9782
v  15.8533 0.2649 6.9937
v  15.8534 0.2649 6.9948
v  15.8564 0.2653 7.0122
v  15.8570 0.2654 7.0161
v  15.8571 0.2654 7.0163
v  15.8573 0.2654 7.0177
v  15.8574 0.2655 7.0182
v  15.8576 0.2655 7.0196
v  15.8577 0.2655 7.0199
v  15.8578 0.2655 7.0209
v  15.8583 0.2656 7.0235
v  15.8584 0.2656 7.0240
v  15.8593 0.2657 7.0293
v  15.8607 0.2659 7.0375
v  15.8624 0.2662 7.0476
v  15.8627 0.2662 7.0494
v  15.8630 0.2662 7.0512
v  15.8630 0.2663 7.0515
v  15.8635 0.2663 7.0541
v  15.8653 0.2666 7.0652
v  15.8669 0.2668 7.0747
v  15.8671 0.2668 7.0759
v  15.8688 0.2671 7.0856
v  15.8800 0.2686 7.1520
v  15.8862 0.2695 7.1887
v  15.8867 0.2696 7.1914
v  15.8883 0.2698 7.2011
v  15.8896 0.2700 7.2085
v  15.8896 0.2700 7.2086
v  15.8898 0.2700 7.2100
v  15.8899 0.2700 7.2102
v  15.8903 0.2701 7.2126
v  15.8905 0.2701 7.2139
v  15.8905 0.2701 7.2142
v  15.8905 0.2701 7.2143
v  15.8921 0.2704 7.2235
v  15.8937 0.2706 7.2332
v  15.8983 0.2712 7.2602
v  15.8988 0.2713 7.2634
v  15.9009 0.2716 7.2754
v  15.9020 0.2717 7.2818
v  15.9022 0.2718 7.2835
v  15.9050 0.2722 7.2996
v  15.9100 0.2729 7.3294
v  15.9106 0.2730 7.3329
v  15.9112 0.2731 7.3365
v  15.9119 0.2731 7.3405
v  15.9119 0.2732 7.3407
v  15.9104 0.2731 7.3408
v  15.8796 0.2716 7.3424
v  15.8493 0.2702 7.3421
v  15.8212 0.2688 7.3398
v  15.8010 0.2678 7.3366
v  15.7951 0.2675 7.3356
v  15.7711 0.2663 7.3295
v  15.7492 0.2651 7.3214
v  15.7294 0.2640 7.3113
v  15.7020 0.2624 7.2932
v  15.6827 0.2612 7.2768
v  15.6794 0.2610 7.2740
v  15.6779 0.2609 7.2727
v  15.6728 0.2606 7.2671
v  15.6605 0.2598 7.2534
v  15.6572 0.2595 7.2498
v  15.6466 0.2588 7.2344
v  15.6446 0.2587 7.2316
v  15.6397 0.2583 7.2244
v  15.6318 0.2577 7.2088
v  15.6257 0.2572 7.1967
v  15.6150 0.2562 7.1665
v  15.6085 0.2555 7.1380
v  15.6085 0.2555 7.1379
v  15.6076 0.2553 7.1338
v  15.6067 0.2552 7.1266
v  15.6066 0.2552 7.1261
v  15.6066 0.2552 7.1256
v  15.6040 0.2547 7.1037
v  15.6038 0.2546 7.0961
v  15.6037 0.2544 7.0883
v  15.6037 0.2544 7.0847
v  15.6035 0.2542 7.0744
v  15.6062 0.2539 7.0461
v  15.6120 0.2537 7.0186
v  15.6206 0.2538 6.9931
v  15.6210 0.2538 6.9920
v  15.6212 0.2538 6.9917
v  15.6212 0.2538 6.9916
v  15.6217 0.2538 6.9906
v  15.6218 0.2538 6.9904
v  15.6220 0.2538 6.9900
v  15.6222 0.2538 6.9896
v  15.6331 0.2539 6.9664
v  15.6363 0.2540 6.9612
v  15.6367 0.2540 6.9606
v  15.6388 0.2540 6.9572
v  15.6484 0.2543 6.9416
v  15.6555 0.2545 6.9325
v  15.6561 0.2545 6.9317
v  15.6574 0.2545 6.9300
v  15.6577 0.2545 6.9296
v  15.6584 0.2545 6.9287
v  15.6602 0.2546 6.9265
v  15.6602 0.2546 6.9264
v  15.6650 0.2547 6.9203
v  15.6664 0.2548 6.9184
v  15.6698 0.2549 6.9150
v  15.6815 0.2552 6.9031
v  15.6869 0.2554 6.8976
v  15.6923 0.2556 6.8932
v  15.7054 0.2561 6.8826
v  15.7067 0.2561 6.8816
v  15.7097 0.2562 6.8791
v  15.7125 0.2563 6.8773
v  15.7190 0.2566 6.8732
v  15.7273 0.2569 6.8679
v  15.7350 0.2572 6.8629
v  15.7443 0.2575 6.8583
v  15.7489 0.2577 6.8560
v  15.7627 0.2583 6.8491
v  15.7636 0.2583 6.8487
v  15.7702 0.2586 6.8462
v  15.7769 0.2589 6.8436
v  15.7877 0.2593 6.8395
v  15.7879 0.2593 6.8395
v  15.7882 0.2593 6.8393
v  15.7928 0.2595 6.8376
v  15.7966 0.2597 6.8365
v  15.8043 0.2600 6.8343
v  15.8068 0.2601 6.8336
# 5286 vertices

vn 0.9865 0.0497 0.1560
vn 0.9895 0.0496 0.1357
vn 0.9859 0.0498 0.1600
vn 0.9878 0.0497 0.1475
vn 0.9912 0.0494 0.1227
vn 0.9950 0.0491 0.0869
vn 0.9980 0.0485 0.0397
vn 0.9988 0.0477 -0.0087
vn 0.9980 0.0472 -0.0424
vn 0.9968 0.0467 -0.0650
vn 0.9951 0.0463 -0.0868
vn 0.9929 0.0459 -0.1097
vn 0.9897 0.0453 -0.1359
vn 0.9848 0.0446 -0.1678
vn 0.9775 0.0436 -0.2062
vn 0.9684 0.0425 -0.2458
vn 0.9583 0.0415 -0.2829
vn 0.9472 0.0404 -0.3181
vn 0.9354 0.0393 -0.3513
vn 0.9231 0.0382 -0.3827
vn 0.9104 0.0371 -0.4121
vn 0.8940 0.0358 -0.4465
vn 0.8712 0.0340 -0.4898
vn 0.8464 0.0322 -0.5315
vn 0.8244 0.0306 -0.5651
vn 0.8054 0.0293 -0.5919
vn 0.7897 0.0282 -0.6129
vn 0.7775 0.0274 -0.6283
vn 0.7510 0.0256 -0.6598
vn 0.6927 0.0218 -0.7209
vn 0.6279 0.0178 -0.7781
vn 0.5899 0.0155 -0.8073
vn 0.6383 0.0185 -0.7696
vn 0.7393 0.0248 -0.6729
vn 0.8577 0.0330 -0.5131
vn 0.9414 0.0398 -0.3349
vn 0.9846 0.0445 -0.1689
vn 0.9987 0.0475 -0.0200
vn 0.9938 0.0492 0.1000
vn 0.9809 0.0500 0.1879
vn 0.9683 0.0503 0.2446
vn 0.9540 0.0504 0.2956
vn 0.9286 0.0503 0.3677
vn 0.8947 0.0499 0.4439
vn 0.8601 0.0492 0.5078
vn 0.8248 0.0484 0.5633
vn 0.7882 0.0474 0.6136
vn 0.7488 0.0463 0.6612
vn 0.7066 0.0450 0.7062
vn 0.6641 0.0436 0.7463
vn 0.6206 0.0421 0.7830
vn 0.5713 0.0403 0.8198
vn 0.5118 0.0381 0.8583
vn 0.4359 0.0351 0.8993
vn 0.3342 0.0309 0.9420
vn 0.2081 0.0254 0.9778
vn 0.0788 0.0195 0.9967
vn -0.0447 0.0136 0.9989
vn -0.1626 0.0078 0.9867
vn -0.2679 0.0023 0.9634
vn -0.3566 -0.0024 0.9343
vn -0.4279 -0.0063 0.9038
vn -0.4837 -0.0094 0.8752
vn -0.5303 -0.0120 0.8477
vn -0.5740 -0.0146 0.8187
vn -0.6168 -0.0172 0.7869
vn -0.6587 -0.0197 0.7521
vn -0.6997 -0.0223 0.7141
vn -0.7395 -0.0248 0.6727
vn -0.7715 -0.0270 0.6357
vn -0.7919 -0.0283 0.6101
vn -0.8098 -0.0296 0.5860
vn -0.8313 -0.0311 0.5550
vn -0.8552 -0.0328 0.5173
vn -0.8804 -0.0347 0.4730
vn -0.9056 -0.0367 0.4226
vn -0.9295 -0.0388 0.3667
vn -0.9488 -0.0405 0.3133
vn -0.9615 -0.0418 0.2715
vn -0.9694 -0.0427 0.2417
vn -0.9741 -0.0432 0.2222
vn -0.9764 -0.0435 0.2114
vn -0.9770 -0.0435 0.2087
vn -0.9768 -0.0435 0.2095
vn -0.9776 -0.0436 0.2061
vn -0.9792 -0.0438 0.1983
vn -0.9810 -0.0440 0.1891
vn -0.9828 -0.0443 0.1791
vn -0.9847 -0.0445 0.1687
vn -0.9864 -0.0448 0.1583
vn -0.9894 -0.0452 0.1382
vn -0.9917 -0.0456 0.1200
vn -0.9896 -0.0453 0.1368
vn -0.9866 -0.0451 0.1566
vn -0.9866 -0.0448 0.1566
vn -0.8984 -0.0499 -0.4364
vn -0.9940 -0.0492 -0.0979
vn -0.7904 -0.0475 -0.6107
vn -0.7650 -0.0468 -0.6423
vn -0.7627 -0.0467 -0.6450
vn -0.7371 -0.0460 -0.6742
vn -0.7067 -0.0450 -0.7061
vn -0.6875 -0.0444 -0.7249
vn -0.6744 -0.0439 -0.7370
vn -0.6653 -0.0436 -0.7453
vn -0.6590 -0.0434 -0.7509
vn -0.6387 -0.0427 -0.7683
vn -0.6110 -0.0417 -0.7905
vn -0.5894 -0.0410 -0.8068
vn -0.5673 -0.0402 -0.8225
vn -0.5674 -0.0402 -0.8225
vn -0.5437 -0.0393 -0.8383
vn -0.5439 -0.0393 -0.8383
vn -0.4963 -0.0375 -0.8673
vn -0.4966 -0.0375 -0.8672
vn -0.4020 -0.0337 -0.9150
vn -0.4023 -0.0337 -0.9149
vn -0.2448 -0.0270 -0.9692
vn -0.2452 -0.0270 -0.9691
vn -0.0113 -0.0163 -0.9998
vn -0.0116 -0.0163 -0.9998
vn 0.2779 -0.0018 -0.9606
vn 0.2777 -0.0018 -0.9607
vn 0.5367 0.0124 -0.8437
vn 0.6966 0.0221 -0.7171
vn 0.7801 0.0275 -0.6251
vn 0.8270 0.0308 -0.5613
vn 0.8543 0.0328 -0.5188
vn 0.8701 0.0339 -0.4917
vn 0.8784 0.0346 -0.4766
vn 0.8839 0.0350 -0.4663
vn 0.8910 0.0356 -0.4526
vn 0.8990 0.0362 -0.4365
vn 0.9064 0.0368 -0.4209
vn 0.9134 0.0374 -0.4053
vn 0.9205 0.0380 -0.3890
vn 0.9276 0.0386 -0.3715
vn 0.9347 0.0392 -0.3532
vn 0.9410 0.0398 -0.3359
vn 0.9463 0.0403 -0.3208
vn 0.9507 0.0407 -0.3073
vn 0.9546 0.0411 -0.2950
vn 0.9581 0.0415 -0.2834
vn 0.9613 0.0418 -0.2723
vn 0.9689 0.0426 -0.2436
vn 0.9774 0.0436 -0.2071
vn 0.9808 0.0440 -0.1902
vn 0.9823 0.0442 -0.1820
vn 0.9840 0.0444 -0.1727
vn 0.9857 0.0447 -0.1626
vn 0.9873 0.0449 -0.1523
vn 0.9888 0.0451 -0.1423
vn 0.9919 0.0457 -0.1188
vn 0.9939 0.0461 -0.1000
vn 0.1836 0.0243 0.9827
vn 0.1890 0.0245 0.9817
vn 0.1751 0.0239 0.9843
vn 0.1506 0.0228 0.9883
vn 0.1174 0.0213 0.9929
vn 0.1223 0.0215 0.9923
vn 0.2059 0.0253 0.9782
vn 0.3844 0.0330 0.9226
vn 0.5849 0.0408 0.8101
vn 0.7085 0.0451 0.7042
vn 0.7891 0.0475 0.6125
vn 0.8909 0.0498 0.4514
vn 0.9648 0.0503 0.2581
vn 0.9886 0.0496 0.1420
vn 0.9929 0.0493 0.1087
vn 0.9922 0.0494 0.1142
vn -0.9866 -0.0449 0.1566
vn -0.9941 -0.0458 0.0981
vn -0.9941 -0.0461 0.0982
vn -0.9818 0.0013 0.1901
vn 0.8674 0.0337 -0.4964
vn 0.8627 0.0334 -0.5047
vn 0.8769 0.0345 -0.4795
vn 0.8862 0.0352 -0.4620
vn 0.8953 0.0359 -0.4440
vn 0.9043 0.0366 -0.4253
vn 0.9131 0.0374 -0.4059
vn 0.9220 0.0381 -0.3853
vn 0.9312 0.0389 -0.3623
vn 0.9403 0.0397 -0.3379
vn 0.9482 0.0405 -0.3150
vn 0.9543 0.0411 -0.2959
vn 0.9584 0.0415 -0.2822
vn 0.9607 0.0417 -0.2743
vn 0.9620 0.0419 -0.2698
vn 0.9634 0.0420 -0.2647
vn 0.9651 0.0422 -0.2583
vn 0.9671 0.0424 -0.2510
vn 0.9693 0.0426 -0.2420
vn 0.9722 0.0430 -0.2303
vn 0.9758 0.0434 -0.2141
vn 0.9801 0.0439 -0.1937
vn 0.9839 0.0444 -0.1733
vn 0.9872 0.0449 -0.1528
vn 0.9905 0.0454 -0.1298
vn 0.9935 0.0460 -0.1039
vn 0.9961 0.0466 -0.0743
vn 0.9981 0.0472 -0.0406
vn 0.9986 0.0475 -0.0225
vn -0.0460 0.9987 -0.0205
vn -0.0385 0.9991 -0.0167
vn -0.0426 0.9989 -0.0170
vn -0.0429 0.9989 -0.0165
vn -0.0430 0.9989 -0.0165
vn -0.0435 0.9989 -0.0166
vn -0.0435 0.9989 -0.0165
vn -0.0436 0.9989 -0.0165
vn -0.0437 0.9989 -0.0166
vn -0.0438 0.9989 -0.0166
vn -0.0443 0.9989 -0.0167
vn -0.0444 0.9989 -0.0167
vn -0.0445 0.9989 -0.0168
vn -0.0446 0.9989 -0.0168
vn -0.0447 0.9989 -0.0168
vn -0.0448 0.9989 -0.0168
vn -0.0449 0.9988 -0.0168
vn -0.0450 0.9988 -0.0168
vn -0.0452 0.9988 -0.0168
vn -0.0453 0.9988 -0.0169
vn -0.0454 0.9988 -0.0169
vn -0.0455 0.9988 -0.0169
vn -0.0456 0.9988 -0.0169
vn -0.0457 0.9988 -0.0169
vn -0.0458 0.9988 -0.0169
vn -0.0459 0.9988 -0.0169
vn -0.0461 0.9988 -0.0169
vn -0.0463 0.9988 -0.0169
vn -0.0465 0.9988 -0.0169
vn -0.0469 0.9988 -0.0169
vn -0.0472 0.9987 -0.0168
vn -0.0462 0.9988 -0.0169
vn -0.0437 0.9989 -0.0170
vn -0.0407 0.9990 -0.0172
vn -0.0379 0.9991 -0.0174
vn -0.0354 0.9992 -0.0176
vn -0.0335 0.9993 -0.0178
vn -0.0340 0.9993 -0.0177
vn -0.0407 0.9990 -0.0169
vn -0.0479 0.9987 -0.0157
vn -0.0481 0.9987 -0.0156
vn 0.0382 -0.9990 0.0212
vn -0.0479 0.9987 -0.0158
vn -0.0478 0.9987 -0.0158
vn -0.0476 0.9987 -0.0159
vn 0.0463 -0.9988 0.0166
vn -0.0485 0.9987 -0.0154
vn -0.0480 0.9987 -0.0157
vn -0.0479 0.9987 -0.0159
vn -0.0479 0.9987 -0.0161
vn -0.0501 0.9986 -0.0174
vn -0.0503 0.9986 -0.0180
vn -0.0499 0.9986 -0.0182
vn -0.0486 0.9987 -0.0183
vn -0.0488 0.9986 -0.0199
vn -0.0484 0.9986 -0.0201
vn -0.0485 0.9986 -0.0202
vn -0.0484 0.9986 -0.0205
vn -0.9708 0.1924 0.1435
vn -0.9078 0.3951 0.1404
vn -0.9059 0.3954 0.1517
vn -0.9030 0.3958 0.1670
vn -0.8992 0.3963 0.1855
vn -0.8945 0.3968 0.2060
vn -0.8904 0.3973 0.2224
vn -0.8877 0.3975 0.2323
vn -0.8851 0.3978 0.2416
vn -0.8823 0.3981 0.2511
vn -0.8790 0.3984 0.2618
vn -0.8749 0.3988 0.2748
vn -0.8691 0.3994 0.2917
vn -0.8605 0.4002 0.3152
vn -0.8512 0.4010 0.3387
vn -0.8425 0.4017 0.3589
vn -0.8350 0.4023 0.3754
vn -0.8290 0.4029 0.3878
vn -0.8252 0.4031 0.3957
vn -0.8238 0.4032 0.3985
vn -0.8133 0.4041 0.4187
vn -0.7950 0.4054 0.4511
vn -0.7833 0.4063 0.4705
vn -0.7795 0.4066 0.4765
vn -0.7856 0.4062 0.4667
vn -0.8047 0.4047 0.4343
vn -0.8407 0.4018 0.3630
vn -0.8657 0.3997 0.3014
vn -0.8792 0.3844 0.2816
vn -0.8730 0.3991 0.2804
vn -0.9872 -0.0071 0.1595
vn -0.9941 -0.0460 0.0982
vn -0.9481 -0.2797 0.1510
vn -0.8661 -0.4755 0.1541
vn -0.8642 -0.4752 0.1654
vn -0.8613 -0.4749 0.1807
vn -0.8575 -0.4744 0.1992
vn -0.8528 -0.4738 0.2198
vn -0.8486 -0.4734 0.2361
vn -0.8460 -0.4731 0.2461
vn -0.8434 -0.4728 0.2553
vn -0.8406 -0.4725 0.2648
vn -0.8373 -0.4722 0.2755
vn -0.8332 -0.4718 0.2885
vn -0.8274 -0.4713 0.3055
vn -0.8188 -0.4705 0.3289
vn -0.8094 -0.4697 0.3525
vn -0.8008 -0.4689 0.3727
vn -0.7932 -0.4683 0.3891
vn -0.7873 -0.4679 0.4016
vn -0.7834 -0.4675 0.4095
vn -0.7821 -0.4674 0.4122
vn -0.7715 -0.4666 0.4324
vn -0.7533 -0.4652 0.4649
vn -0.7416 -0.4644 0.4842
vn -0.7377 -0.4641 0.4903
vn -0.7439 -0.4646 0.4805
vn -0.7630 -0.4660 0.4480
vn -0.7990 -0.4688 0.3767
vn -0.8240 -0.4709 0.3151
vn -0.8992 -0.3201 0.2983
vn -0.7196 0.6899 0.0793
vn -0.3584 0.9335 0.0140
vn -0.1214 0.9925 -0.0130
vn -0.4766 0.8772 0.0579
vn -0.2171 0.9761 0.0127
vn -0.0873 0.9961 -0.0092
vn -0.4757 0.8773 0.0634
vn -0.2167 0.9761 0.0149
vn -0.0872 0.9962 -0.0087
vn -0.4743 0.8775 0.0709
vn -0.2162 0.9762 0.0178
vn -0.0871 0.9962 -0.0080
vn -0.4724 0.8777 0.0799
vn -0.2154 0.9763 0.0213
vn -0.0869 0.9962 -0.0072
vn -0.4701 0.8780 0.0899
vn -0.2145 0.9764 0.0253
vn -0.0867 0.9962 -0.0063
vn -0.4681 0.8782 0.0979
vn -0.2137 0.9765 0.0284
vn -0.0865 0.9962 -0.0055
vn -0.4668 0.8784 0.1028
vn -0.2132 0.9765 0.0303
vn -0.0864 0.9962 -0.0051
vn -0.4655 0.8785 0.1073
vn -0.2127 0.9766 0.0321
vn -0.0863 0.9963 -0.0047
vn -0.4641 0.8787 0.1120
vn -0.2122 0.9766 0.0339
vn -0.0861 0.9963 -0.0043
vn -0.4625 0.8788 0.1172
vn -0.2116 0.9767 0.0360
vn -0.0860 0.9963 -0.0038
vn -0.4605 0.8790 0.1236
vn -0.2108 0.9768 0.0384
vn -0.0858 0.9963 -0.0032
vn -0.4577 0.8793 0.1318
vn -0.2097 0.9769 0.0417
vn -0.0856 0.9963 -0.0025
vn -0.4535 0.8797 0.1433
vn -0.2080 0.9770 0.0462
vn -0.0852 0.9964 -0.0014
vn -0.4489 0.8801 0.1548
vn -0.2062 0.9772 0.0507
vn -0.0848 0.9964 -0.0004
vn -0.4447 0.8804 0.1647
vn -0.2046 0.9773 0.0546
vn -0.0844 0.9964 0.0005
vn -0.4410 0.8807 0.1728
vn -0.2031 0.9774 0.0577
vn -0.0840 0.9965 0.0013
vn -0.4381 0.8809 0.1788
vn -0.2020 0.9775 0.0601
vn -0.0838 0.9965 0.0018
vn -0.4362 0.8811 0.1827
vn -0.2013 0.9776 0.0616
vn -0.0836 0.9965 0.0022
vn -0.4356 0.8812 0.1840
vn -0.2010 0.9776 0.0622
vn -0.0836 0.9965 0.0023
vn -0.4304 0.8815 0.1939
vn -0.1990 0.9778 0.0660
vn -0.0831 0.9965 0.0032
vn -0.4215 0.8822 0.2098
vn -0.1955 0.9780 0.0723
vn -0.0823 0.9966 0.0047
vn -0.4158 0.8826 0.2193
vn -0.1933 0.9782 0.0760
vn -0.0818 0.9966 0.0055
vn -0.4139 0.8828 0.2222
vn -0.1925 0.9783 0.0771
vn -0.0816 0.9966 0.0058
vn -0.4169 0.8826 0.2174
vn -0.1937 0.9782 0.0753
vn -0.0819 0.9966 0.0054
vn -0.4262 0.8819 0.2016
vn -0.1974 0.9779 0.0690
vn -0.0827 0.9966 0.0039
vn -0.4438 0.8805 0.1667
vn -0.2042 0.9774 0.0553
vn -0.0843 0.9964 0.0007
vn -0.4560 0.8794 0.1366
vn -0.2090 0.9769 0.0435
vn -0.0854 0.9963 -0.0020
vn -0.6116 0.7640 0.2058
vn -0.2756 0.9565 0.0955
vn -0.0971 0.9952 0.0148
vn -0.6505 -0.7527 0.1020
vn -0.2675 -0.9625 0.0439
vn -0.0259 -0.9995 0.0184
vn -0.3907 -0.9165 0.0861
vn -0.1228 -0.9915 0.0437
vn 0.0084 -0.9997 0.0223
vn -0.3897 -0.9164 0.0916
vn -0.1224 -0.9914 0.0459
vn -0.3883 -0.9162 0.0992
vn -0.1219 -0.9913 0.0488
vn 0.0086 -0.9997 0.0235
vn -0.3864 -0.9159 0.1082
vn -0.1211 -0.9913 0.0524
vn -0.3841 -0.9157 0.1182
vn -0.1202 -0.9912 0.0563
vn 0.0090 -0.9996 0.0252
vn -0.3821 -0.9155 0.1262
vn -0.1194 -0.9911 0.0594
vn -0.3808 -0.9153 0.1311
vn -0.1189 -0.9910 0.0613
vn 0.0093 -0.9996 0.0264
vn -0.3795 -0.9152 0.1356
vn -0.1184 -0.9910 0.0631
vn -0.3782 -0.9150 0.1403
vn -0.1179 -0.9909 0.0649
vn 0.0095 -0.9996 0.0272
vn -0.3766 -0.9149 0.1455
vn -0.1172 -0.9908 0.0670
vn 0.0097 -0.9996 0.0277
vn -0.3745 -0.9147 0.1518
vn -0.1165 -0.9908 0.0695
vn 0.0099 -0.9996 0.0283
vn -0.3717 -0.9144 0.1601
vn -0.1154 -0.9907 0.0727
vn 0.0101 -0.9995 0.0290
vn -0.3675 -0.9140 0.1716
vn -0.1137 -0.9905 0.0772
vn 0.0105 -0.9995 0.0301
vn -0.3630 -0.9136 0.1831
vn -0.1119 -0.9904 0.0817
vn 0.0109 -0.9995 0.0311
vn -0.3587 -0.9133 0.1930
vn -0.1103 -0.9902 0.0856
vn 0.0113 -0.9994 0.0320
vn -0.3551 -0.9130 0.2010
vn -0.1088 -0.9901 0.0888
vn 0.0116 -0.9994 0.0327
vn -0.3522 -0.9127 0.2071
vn -0.1077 -0.9900 0.0911
vn 0.0119 -0.9994 0.0333
vn -0.3503 -0.9126 0.2110
vn -0.1070 -0.9899 0.0926
vn 0.0120 -0.9994 0.0336
vn -0.3496 -0.9125 0.2123
vn -0.1067 -0.9899 0.0932
vn 0.0121 -0.9994 0.0338
vn -0.3445 -0.9121 0.2222
vn -0.1047 -0.9898 0.0971
vn 0.0126 -0.9993 0.0347
vn -0.3356 -0.9114 0.2381
vn -0.1012 -0.9895 0.1033
vn 0.0134 -0.9993 0.0361
vn -0.3298 -0.9110 0.2476
vn -0.0990 -0.9893 0.1070
vn 0.0139 -0.9992 0.0370
vn -0.3280 -0.9109 0.2505
vn -0.0982 -0.9893 0.1082
vn 0.0140 -0.9992 0.0373
vn -0.3309 -0.9111 0.2457
vn -0.0994 -0.9894 0.1063
vn 0.0138 -0.9992 0.0368
vn -0.3403 -0.9118 0.2298
vn -0.1031 -0.9896 0.1000
vn 0.0129 -0.9993 0.0354
vn -0.3578 -0.9132 0.1950
vn -0.1099 -0.9902 0.0864
vn 0.0114 -0.9994 0.0322
vn -0.3700 -0.9143 0.1648
vn -0.1147 -0.9906 0.0746
vn 0.0103 -0.9995 0.0294
vn -0.5360 -0.8121 0.2306
vn -0.1831 -0.9750 0.1260
vn -0.0016 -0.9989 0.0463
vn 0.0094 -0.9996 0.0268
vn 0.0092 -0.9996 0.0259
vn 0.0088 -0.9997 0.0243
vn 0.0085 -0.9997 0.0228
vn 0.0478 -0.9987 0.0158
vn -0.0482 0.9987 -0.0154
vn 0.0478 -0.9987 0.0157
vn 0.0473 -0.9987 0.0161
vn 0.0479 -0.9987 0.0157
vn 0.0483 -0.9987 0.0153
vn 0.0530 -0.9985 0.0116
vn 0.0502 -0.9986 0.0138
vn 0.0480 -0.9987 0.0156
vn 0.0477 -0.9987 0.0159
vn 0.0458 -0.9988 0.0172
vn 0.0461 -0.9988 0.0170
vn 0.0477 -0.9987 0.0158
vn 0.0476 -0.9987 0.0159
vn 0.0467 -0.9988 0.0166
vn 0.0481 -0.9987 0.0156
vn 0.0474 -0.9987 0.0161
vn 0.0459 -0.9988 0.0173
vn 0.0468 -0.9988 0.0166
vn 0.0484 -0.9987 0.0153
vn 0.0496 -0.9987 0.0143
vn 0.0482 -0.9987 0.0155
vn 0.0471 -0.9988 0.0163
vn 0.0462 -0.9988 0.0170
vn 0.0471 -0.9988 0.0162
vn 0.0464 -0.9988 0.0167
vn 0.0496 -0.9987 0.0144
vn 0.0517 -0.9986 0.0127
vn 0.0487 -0.9987 0.0150
vn 0.0498 -0.9987 0.0141
vn 0.0480 -0.9987 0.0157
vn 0.0475 -0.9987 0.0160
vn 0.0474 -0.9987 0.0160
vn 0.0482 -0.9987 0.0154
vn 0.0503 -0.9986 0.0140
vn 0.0429 -0.9989 0.0192
vn 0.0472 -0.9988 0.0162
vn 0.0473 -0.9988 0.0161
vn 0.0399 -0.9990 0.0213
vn 0.0473 -0.9988 0.0159
vn 0.0190 -0.9996 0.0227
vn 0.0001 -0.9996 0.0272
vn 0.0463 -0.9988 0.0168
vn 0.0473 -0.9988 0.0162
vn 0.0468 -0.9988 0.0165
vn 0.0465 -0.9988 0.0168
vn 0.0485 -0.9987 0.0152
vn 0.0481 -0.9987 0.0155
vn 0.0453 -0.9989 0.0128
vn 0.0490 -0.9986 0.0173
vn 0.0482 -0.9987 0.0153
vn 0.0479 -0.9987 0.0156
vn 0.0481 -0.9987 0.0154
vn 0.0470 -0.9988 0.0161
vn -0.0489 0.9987 -0.0153
vn 0.8556 -0.3812 -0.3501
vn -0.6819 -0.6607 0.3139
vn 0.9049 -0.1962 -0.3778
vn 0.8895 0.2428 -0.3871
vn 0.0490 -0.9987 0.0144
vn 0.0485 -0.9987 0.0151
vn 0.0498 -0.9987 0.0139
vn 0.0473 -0.9987 0.0162
vn 0.0464 -0.9988 0.0170
vn 0.0506 -0.9986 0.0131
vn 0.0501 -0.9987 0.0136
vn 0.0475 -0.9987 0.0161
vn 0.0472 -0.9988 0.0163
vn 0.0502 -0.9986 0.0135
vn 0.0472 -0.9988 0.0164
vn 0.0486 -0.9987 0.0150
vn 0.0473 -0.9987 0.0163
vn 0.0484 -0.9987 0.0152
vn 0.0496 -0.9987 0.0141
vn 0.0476 -0.9987 0.0161
vn 0.9810 0.1302 -0.1441
vn 0.0498 -0.9987 0.0138
vn 0.0504 -0.9986 0.0133
vn 0.0508 -0.9986 0.0129
vn 0.0467 -0.9988 0.0167
vn 0.0495 -0.9987 0.0142
vn 0.0489 -0.9987 0.0148
vn 0.0453 -0.9988 0.0178
vn 0.0541 -0.9985 0.0106
vn 0.0243 -0.9991 0.0352
vn 0.0476 -0.9987 0.0160
vn 0.0044 -0.9987 0.0514
vn 0.0541 -0.9985 0.0105
vn 0.0454 -0.9988 0.0177
vn 0.0489 -0.9987 0.0149
vn 0.0483 -0.9987 0.0154
vn 0.0490 -0.9987 0.0148
vn 0.9082 0.0195 -0.4180
vn 0.4885 0.8342 -0.2559
vn 0.7890 0.4822 -0.3807
vn 0.0483 -0.9987 0.0156
vn 0.0475 -0.9987 0.0159
vn -0.8596 -0.3302 0.3899
vn -0.0478 0.9987 -0.0157
vn -0.0476 0.9987 -0.0160
vn -0.0479 0.9987 -0.0156
vn 0.4190 0.0553 -0.9063
vn 0.1972 0.8298 -0.5220
vn 0.0450 0.9762 -0.2123
vn -0.0478 0.9987 -0.0156
vn -0.0478 0.9987 -0.0159
vn -0.0478 0.9987 -0.0155
vn -0.0478 0.9987 -0.0163
vn -0.0478 0.9987 -0.0150
vn -0.0477 0.9987 -0.0188
vn -0.0478 0.9987 -0.0151
vn -0.0478 0.9987 -0.0149
vn 0.1687 -0.7623 0.6249
vn 0.2146 -0.2673 0.9394
vn 0.1859 0.3213 0.9285
vn -0.2142 0.1056 -0.9710
vn -0.0689 -0.8646 -0.4977
vn 0.0397 -0.9990 -0.0219
vn -0.0476 0.9987 -0.0153
vn -0.0504 0.9985 -0.0227
vn -0.0463 0.9989 -0.0118
vn -0.0530 0.9982 -0.0293
vn -0.0427 0.9991 -0.0027
vn -0.0318 0.9992 0.0255
vn -0.0870 0.9893 -0.1174
vn 0.1750 0.8272 0.5339
vn -0.0520 0.9983 -0.0264
vn -0.0289 0.9991 0.0322
vn -0.0474 0.9988 -0.0147
vn -0.0481 0.9987 -0.0165
vn 0.0486 -0.9987 0.0151
vn 0.0471 -0.9988 0.0164
vn 0.0426 -0.9989 0.0198
vn 0.0464 -0.9988 0.0168
vn 0.0487 -0.9987 0.0151
vn 0.0490 -0.9987 0.0149
vn 0.0463 -0.9988 0.0169
vn 0.0460 -0.9988 0.0172
vn 0.0459 -0.9988 0.0171
vn -0.0477 0.9987 -0.0158
vn -0.0643 0.9979 -0.0072
vn -0.0968 0.9953 0.0097
vn -0.0482 0.9987 -0.0155
vn 0.0463 -0.9988 0.0170
vn 0.0464 -0.9988 0.0169
vn 0.0461 -0.9988 0.0172
vn 0.0508 -0.9986 0.0136
vn 0.0494 -0.9987 0.0145
vn 0.0491 -0.9987 0.0147
vn 0.0466 -0.9988 0.0168
vn 0.0474 -0.9987 0.0162
vn -0.0435 0.9989 -0.0198
vn -0.0468 0.9988 -0.0167
vn 0.0483 -0.9987 0.0151
vn 0.0495 -0.9987 0.0141
vn 0.0495 -0.9987 0.0143
vn 0.0499 -0.9987 0.0138
vn -0.1712 0.0974 -0.9804
vn 0.0577 0.8272 0.5590
vn -0.0875 -0.7066 -0.7022
vn -0.0705 0.9857 -0.1529
vn 0.1726 -0.3394 0.9247
vn -0.0854 0.9656 -0.2456
vn 0.0408 -0.9988 -0.0257
vn 0.0004 -0.9671 -0.2545
vn -0.1682 0.4800 -0.8610
vn 0.1432 0.3360 0.9309
vn -0.1602 -0.1353 -0.9778
vn 0.1154 -0.8895 0.4421
vn 0.0792 0.7444 0.6630
vn 0.0850 -0.9662 0.2433
vn -0.0493 0.9985 -0.0249
vn -0.1516 -0.2483 -0.9568
vn 0.1733 -0.2692 0.9474
vn 0.0269 -0.9940 -0.1061
vn 0.0222 0.9262 0.3764
vn 0.0096 -0.9790 -0.2036
vn -0.1711 0.4042 -0.8985
vn 0.1616 0.1142 0.9802
vn 0.1734 -0.2325 0.9570
vn 0.1704 -0.0711 0.9828
vn 0.0478 -0.9987 0.0159
vn 0.0478 -0.9987 0.0156
vn -0.0935 0.9502 -0.2971
vn -0.0005 -0.9657 -0.2596
vn 0.0470 -0.9988 0.0163
vn 0.0486 -0.9987 0.0152
vn -0.1073 0.9941 -0.0158
vn -0.0489 0.9987 -0.0157
vn 0.0470 -0.9988 0.0159
vn -0.2509 0.9663 0.0575
vn -0.7607 -0.5086 0.4034
vn 0.4605 -0.8117 -0.3594
vn 0.6298 0.2647 -0.7302
vn 0.1604 0.9374 -0.3091
vn -0.4391 0.4411 0.7827
vn 0.4132 0.3916 -0.8222
vn -0.0477 0.9987 -0.0159
vn -0.0476 0.9987 -0.0162
vn -0.2057 0.6605 0.7221
vn 0.1317 -0.4584 -0.8790
vn -0.0480 0.9988 -0.0126
vn -0.0472 0.9981 -0.0393
vn 0.0606 -0.9651 0.2547
vn 0.0541 0.1191 0.9914
vn 0.0758 -0.8556 0.5121
vn 0.0479 -0.9987 0.0173
vn -0.0722 0.8325 -0.5492
vn 0.0998 0.4501 0.8874
vn -0.2021 0.3187 -0.9261
vn 0.0479 -0.9987 0.0159
vn -0.2380 0.6006 -0.7633
vn 0.2572 0.1641 0.9523
vn -0.0477 0.9987 -0.0155
vn -0.3470 0.0588 -0.9360
vn 0.2499 0.6134 0.7492
vn -0.0164 -0.9874 -0.1576
vn 0.3963 -0.4743 0.7861
vn 0.4311 0.0375 0.9015
vn 0.2333 0.7997 0.5533
vn -0.0480 0.9987 -0.0161
vn 0.5133 -0.2887 0.8082
vn 0.6184 0.1441 0.7726
vn 0.6129 0.1875 0.7676
vn 0.4525 -0.7175 0.5295
vn 0.0480 -0.9987 0.0160
vn 0.3870 0.7663 0.5128
vn -0.0456 0.9989 -0.0133
vn -0.0458 0.9989 -0.0135
vn 0.4704 -0.7756 0.4209
vn 0.2021 -0.9658 0.1623
vn 0.4296 -0.8186 0.3812
vn 0.0477 -0.9987 0.0156
vn -0.1126 0.9906 -0.0772
vn -0.7254 0.0957 -0.6816
vn -0.7202 0.1614 -0.6747
vn -0.8043 -0.0814 -0.5886
vn -0.6572 -0.5722 -0.4907
vn 0.0386 -0.9992 0.0090
vn 0.0476 -0.9987 0.0156
vn 0.8055 0.0644 0.5891
vn -0.7520 -0.3545 -0.5557
vn -0.8073 0.0469 -0.5883
vn -0.0687 0.9972 -0.0311
vn -0.0185 0.9998 0.0039
vn 0.7546 0.4117 0.5110
vn 0.0984 -0.9939 0.0497
vn -0.4832 -0.8289 -0.2819
vn 0.6599 -0.6568 0.3649
vn -0.8554 0.1934 -0.4804
vn 0.8580 0.1663 0.4859
vn -0.6125 0.7148 -0.3375
vn -0.0488 0.9987 -0.0163
vn -0.4139 0.8949 -0.1665
vn -0.0477 0.9987 -0.0157
vn 0.9616 0.2443 0.1251
vn -0.0451 0.9989 -0.0154
vn -0.4714 -0.8818 0.0107
vn -0.1568 -0.9875 0.0143
vn -0.7325 -0.6739 0.0966
vn 0.8296 -0.0104 -0.5582
vn -0.0389 0.9990 -0.0234
vn 0.7509 -0.0040 -0.6604
vn 0.6420 -0.3039 -0.7039
vn -0.0465 0.9988 -0.0173
vn -0.5688 -0.0384 0.8216
vn 0.0487 -0.9987 0.0148
vn 0.5687 0.0404 -0.8216
vn -0.5684 -0.0450 0.8215
vn 0.5046 0.4085 -0.7606
vn 0.0469 -0.9988 0.0170
vn -0.0473 0.9987 -0.0167
vn 0.2313 0.6396 -0.7331
vn -0.0851 0.9925 0.0880
vn 0.2434 -0.7960 -0.5542
vn -0.2971 0.6166 0.7291
vn -0.1717 -0.7885 0.5906
vn -0.0887 -0.8157 0.5717
vn -0.0477 0.9987 -0.0163
vn -0.0041 0.4454 -0.8953
vn 0.0087 0.2134 -0.9769
vn -0.0383 0.9911 0.1272
vn -0.0504 0.9971 -0.0569
vn -0.0784 0.6946 -0.7151
vn 0.0139 0.6917 0.7221
vn 0.0581 0.1152 0.9916
vn -0.0477 0.9988 -0.0144
vn 0.0493 -0.9984 0.0261
vn -0.0963 0.9120 -0.3988
vn 0.1029 -0.8838 0.4565
vn -0.1346 0.6138 -0.7779
vn 0.0975 -0.9076 0.4084
vn -0.0479 0.9987 -0.0162
vn 0.0366 -0.9986 -0.0392
vn -0.1988 -0.0174 -0.9799
vn -0.1982 -0.0283 -0.9797
vn 0.1979 0.0348 0.9796
vn -0.0883 -0.7901 -0.6066
vn 0.0439 0.9089 0.4148
vn -0.1597 -0.7146 -0.6811
vn -0.1460 -0.9151 -0.3759
vn -0.0497 0.9986 -0.0180
vn 0.0477 -0.9987 0.0157
vn -0.5212 -0.6873 -0.5060
vn -0.0176 -0.9988 -0.0453
vn 0.0481 -0.9987 0.0160
vn 0.5667 -0.6472 0.5099
vn 0.0479 -0.9987 0.0158
vn 0.6884 0.3195 0.6512
vn -0.6549 -0.4275 -0.6232
vn -0.5228 -0.6849 -0.5074
vn 0.6843 -0.7230 0.0947
vn 0.9830 0.1345 0.1247
vn -0.8716 -0.4903 0.0045
vn 0.5513 -0.8342 0.0150
vn -0.3800 0.8894 -0.2543
vn 0.6456 -0.4621 0.6080
vn -0.0355 -0.9952 -0.0912
vn 0.1334 0.9472 0.2916
vn -0.3145 -0.7446 -0.5887
vn -0.3672 -0.3050 -0.8787
vn 0.0477 -0.9987 0.0155
vn -0.2657 0.7993 -0.5390
vn 0.3740 0.2597 0.8903
vn 0.1016 0.9404 0.3244
vn 0.2756 -0.7785 0.5639
vn 0.0477 -0.9987 0.0160
vn -0.0302 0.9915 -0.1268
vn 0.9089 -0.0751 -0.4103
vn 0.0476 -0.9987 0.0157
vn -0.0308 0.9994 -0.0181
vn 0.9956 0.0665 -0.0654
vn 0.0483 -0.9987 0.0157
vn 0.0478 -0.9987 0.0160
vn 0.0512 -0.9986 0.0156
vn 0.0504 -0.9986 0.0156
vn 0.0475 -0.9987 0.0162
vn 0.0459 -0.9988 0.0165
vn 0.0490 -0.9987 0.0147
vn 0.0485 -0.9987 0.0157
vn 0.0512 -0.9986 0.0158
vn 0.0474 -0.9988 0.0157
vn 0.0456 -0.9988 0.0153
vn 0.0495 -0.9986 0.0161
vn 0.0480 -0.9987 0.0158
vn -0.8491 -0.5282 0.0028
vn 0.3309 0.9436 -0.0125
vn 0.9977 -0.0676 0.0074
vn 0.0482 -0.9987 0.0158
vn 0.1321 -0.9890 -0.0664
vn 0.0644 -0.9979 -0.0002
vn 0.0133 -0.9987 0.0492
vn -0.3474 0.1021 -0.9321
vn 0.0491 -0.9987 0.0142
vn 0.0518 -0.9986 0.0106
vn -0.0307 0.1113 0.9933
vn 0.0479 -0.9988 0.0138
vn 0.0478 -0.9987 0.0155
vn -0.1026 0.9699 0.2209
vn 0.0481 -0.9987 0.0153
vn 0.0480 -0.9987 0.0155
vn 0.0474 -0.9987 0.0165
vn 0.0476 -0.9987 0.0162
vn 0.0475 -0.9987 0.0163
vn 0.0474 -0.9987 0.0164
vn 0.0228 -0.9989 0.0400
vn -0.0056 -0.9977 0.0675
vn 0.0956 -0.9949 -0.0308
vn 0.1489 -0.9854 -0.0829
vn 0.0465 -0.9987 0.0193
vn 0.0436 -0.9987 0.0273
vn 0.1595 -0.9397 -0.3024
vn 0.0165 -0.9947 0.1019
vn 0.0452 -0.9987 0.0231
vn 0.0453 -0.9987 0.0226
vn 0.0254 -0.9967 0.0776
vn 0.1028 -0.9850 -0.1384
vn 0.0437 -0.9988 0.0201
vn 0.0344 -0.9990 0.0297
vn 0.0495 -0.9987 0.0140
vn 0.0496 -0.9987 0.0140
vn 0.0346 -0.9990 0.0295
vn 0.7969 0.2300 0.5586
vn 0.0471 -0.9988 0.0154
vn 0.0472 -0.9988 0.0154
vn 0.0482 -0.9987 0.0159
vn 0.0480 -0.9987 0.0159
vn 0.0489 -0.9987 0.0164
vn 0.0446 -0.9989 0.0140
vn 0.0464 -0.9988 0.0150
vn 0.1646 -0.5432 0.8233
vn 0.0666 0.7953 0.6025
vn 0.1259 -0.8481 0.5147
vn 0.1367 0.3954 0.9083
vn 0.0494 0.8543 0.5174
vn -0.1629 -0.0935 -0.9822
vn 0.0474 -0.9988 0.0134
vn -0.1679 0.0048 -0.9858
vn -0.0435 0.9990 0.0099
vn 0.0446 -0.9990 -0.0030
vn 0.0479 -0.9987 0.0160
vn -0.0521 0.9985 -0.0170
vn -0.0795 -0.9967 0.0187
vn -0.4648 0.8846 0.0374
vn 0.8808 0.3427 -0.3268
vn -0.0475 0.9987 -0.0159
vn -0.7808 -0.0324 0.6240
vn -0.3144 0.8799 0.3564
vn -0.0009 0.9892 -0.1463
vn -0.0818 -0.9258 0.3692
vn -0.0481 0.9987 -0.0148
vn -0.2409 -0.0320 0.9700
vn -0.1593 0.2879 0.9443
vn -0.0477 0.9988 -0.0143
vn 0.0768 -0.9141 0.3982
vn -0.1587 0.4001 -0.9026
vn -0.0485 0.9986 -0.0198
vn -0.1144 0.8931 -0.4350
vn 0.1710 -0.4096 0.8961
vn 0.1711 -0.0934 0.9808
vn 0.1363 0.3983 0.9071
vn -0.1733 0.2424 -0.9546
vn -0.0940 0.9492 -0.3004
vn -0.0483 0.9987 -0.0186
vn 0.0393 -0.9986 -0.0344
vn 0.1239 0.4955 0.8597
vn -0.1006 0.9339 -0.3432
vn -0.1731 0.1989 -0.9646
vn -0.1313 0.8227 -0.5531
vn 0.0491 -0.9985 0.0237
vn -0.1513 0.0775 -0.9854
vn 0.0480 -0.9987 0.0178
vn 0.0344 0.2938 0.9552
vn -0.0197 -0.6047 0.7962
vn 0.0019 0.9127 -0.4086
vn -0.1009 0.9864 0.1296
vn -0.2198 0.8971 0.3834
vn 0.4237 0.6957 -0.5801
vn 0.3213 -0.8864 -0.3333
vn 0.0504 0.9893 -0.1371
vn -0.6268 0.0253 0.7788
vn -0.1158 0.9922 0.0463
vn -0.0435 -0.9970 0.0633
vn -0.5076 0.8391 0.1956
vn 0.6287 0.7566 -0.1797
vn 0.0620 -0.9980 0.0142
vn -0.0262 0.9995 -0.0182
vn 0.0475 -0.9987 0.0158
vn -0.7335 -0.6730 0.0946
vn 0.0476 -0.9987 0.0158
vn -0.9334 -0.3416 0.1101
vn -0.6389 0.7674 0.0540
vn -0.8670 0.4775 -0.1423
vn -0.9757 -0.1552 -0.1545
vn -0.6571 -0.7473 -0.0988
vn -0.5622 -0.8228 -0.0830
vn 0.6479 -0.6934 0.3153
vn 0.8926 -0.0926 0.4412
vn 0.0478 -0.9987 0.0163
vn 0.0478 -0.9987 0.0161
vn 0.4443 0.1517 0.8829
vn 0.4411 0.1814 0.8789
vn -0.5063 0.5725 -0.6449
vn -0.0482 0.9987 -0.0160
vn 0.7635 0.3163 0.5630
vn -0.7608 -0.3260 -0.5612
vn 0.7798 0.2509 0.5736
vn -0.0474 0.9988 -0.0155
vn -0.0480 0.9987 -0.0159
vn -0.0476 0.9987 -0.0157
vn -0.7703 0.6299 -0.0993
vn 0.0793 -0.9967 0.0195
vn 0.2493 0.9682 0.0204
vn 0.7306 -0.6762 0.0950
vn 0.5997 -0.7962 0.0804
vn -0.0469 0.9988 -0.0158
vn -0.0481 0.9987 -0.0157
vn 0.0431 -0.9989 0.0205
vn 0.4054 0.7903 -0.4594
vn 0.5913 -0.5814 -0.5589
vn 0.6815 0.2112 -0.7007
vn 0.6977 0.0974 -0.7097
vn -0.0484 0.9987 -0.0151
vn -0.0481 0.9987 -0.0155
vn -0.0440 0.9988 -0.0201
vn -0.0453 0.9988 -0.0186
vn -0.0539 0.9985 -0.0084
vn 0.0135 0.9959 -0.0899
vn -0.0473 0.9987 -0.0163
vn -0.0481 0.9987 -0.0154
vn 0.0479 -0.9987 0.0155
vn 0.0477 -0.9987 0.0161
vn 0.0558 -0.9984 -0.0001
vn 0.0473 -0.9987 0.0168
vn 0.0482 -0.9987 0.0149
vn 0.0476 -0.9987 0.0163
vn -0.1418 -0.7949 -0.5899
vn -0.2478 -0.3912 -0.8863
vn 0.1601 -0.8996 0.4062
vn -0.2887 0.1161 -0.9503
vn 0.0623 -0.9960 0.0648
vn -0.0824 0.9877 -0.1332
vn -0.0479 0.9987 -0.0160
vn -0.0476 0.9988 -0.0151
vn 0.0103 -0.9970 -0.0770
vn -0.3716 0.2522 -0.8935
vn 0.3765 -0.0904 0.9220
vn 0.3730 0.0423 0.9269
vn 0.6238 -0.1611 -0.7648
vn 0.2580 -0.9330 -0.2510
vn -0.0504 -0.9893 0.1371
vn 0.4664 0.6229 -0.6280
vn -0.2869 -0.8599 0.4223
vn -0.0945 0.9946 0.0427
vn -0.0486 0.9987 -0.0146
vn -0.1393 -0.3720 -0.9177
vn 0.0346 -0.9975 -0.0617
vn -0.1051 -0.6151 -0.7814
vn 0.1705 -0.4223 0.8903
vn -0.1715 0.1080 -0.9792
vn -0.0478 0.9987 -0.0154
vn -0.1710 0.4096 -0.8961
vn 0.7808 0.0324 -0.6240
vn 0.0412 -0.9990 0.0186
vn 0.0495 -0.9987 0.0136
vn 0.0525 -0.9986 0.0098
vn 0.0468 -0.9988 0.0170
vn 0.0453 -0.9988 0.0189
vn 0.0487 -0.9987 0.0147
vn 0.0474 -0.9987 0.0163
vn 0.0472 -0.9987 0.0166
vn 0.0471 -0.9988 0.0167
vn 0.0484 -0.9987 0.0150
vn 0.0444 -0.9988 0.0201
vn 0.0491 -0.9987 0.0141
vn 0.0508 -0.9986 0.0119
vn 0.7857 -0.2546 0.5638
vn 0.5237 -0.7700 0.3644
vn 0.7521 0.3613 0.5511
vn -0.0510 0.9985 -0.0181
vn -0.0472 0.9988 -0.0153
vn 0.3857 0.9187 0.0852
vn -0.0474 0.9988 -0.0157
vn -0.0480 0.9987 -0.0158
vn -0.9711 0.2315 0.0582
vn 0.9753 0.2107 -0.0668
vn 0.9406 0.3330 -0.0669
vn 0.9955 0.0690 -0.0654
vn -0.9944 0.0854 0.0625
vn 0.7163 -0.6644 -0.2133
vn -0.8259 -0.4863 0.2852
vn -0.0482 0.9987 -0.0156
vn -0.0401 0.9990 -0.0191
vn -0.0484 0.9987 -0.0155
vn 0.0030 -0.9926 0.1214
vn -0.6087 0.5913 0.5290
vn 0.0486 -0.9987 0.0156
vn 0.0370 -0.2627 0.9642
vn 0.0396 -0.9682 -0.2470
vn -0.0389 0.3111 -0.9496
vn 0.0210 0.0906 0.9957
vn 0.0483 -0.5813 0.8123
vn -0.0326 0.1583 -0.9869
vn 0.0518 -0.9737 0.2220
vn -0.0380 0.9566 0.2890
vn 0.0532 -0.9411 0.3339
vn -0.0433 0.9886 0.1439
vn 0.0436 -0.4357 0.8991
vn 0.0486 -0.9976 0.0496
vn -0.0362 0.9415 0.3351
vn -0.0224 -0.0624 -0.9978
vn -0.0529 0.7840 -0.6185
vn -0.0071 0.5844 0.8114
vn 0.0491 -0.9962 0.0714
vn 0.0027 0.4272 0.9042
vn -0.0480 0.9987 -0.0160
vn -0.0476 0.9987 -0.0156
vn -0.0486 0.9987 -0.0164
vn -0.0491 0.9987 -0.0168
vn -0.0481 0.9987 -0.0160
vn -0.0464 0.9988 -0.0148
vn -0.0458 0.9988 -0.0146
vn -0.0435 0.9990 -0.0141
vn -0.0469 0.9988 -0.0154
vn -0.0466 0.9988 -0.0160
vn -0.0091 0.9997 -0.0230
vn -0.0509 0.9986 -0.0152
vn -0.0489 0.9987 -0.0155
vn -0.0665 0.9977 -0.0117
vn -0.0468 0.9988 -0.0160
vn -0.0484 0.9987 -0.0156
vn -0.9328 0.0282 0.3593
vn 0.9086 0.2144 -0.3583
vn 0.9299 -0.0929 -0.3560
vn -0.9329 0.0191 0.3597
vn -0.0448 0.9989 -0.0170
vn -0.0463 0.9988 -0.0164
vn -0.0476 0.9987 -0.0158
vn -0.0578 0.9983 -0.0115
vn -0.0474 0.9987 -0.0159
vn -0.6434 0.5416 0.5410
vn 0.5571 0.4016 -0.7269
vn 0.3811 -0.0519 -0.9231
vn -0.2233 -0.7334 0.6421
vn 0.3521 0.2733 -0.8952
vn -0.0511 0.9987 -0.0077
vn -0.0477 0.9987 -0.0160
vn 0.0764 -0.5117 -0.8557
vn -0.0676 0.9252 0.3734
vn -0.0478 0.9987 -0.0160
vn -0.0482 0.9987 -0.0183
vn -0.0465 0.9989 -0.0081
vn -0.0462 0.9989 -0.0059
vn -0.0485 0.9986 -0.0200
vn -0.0377 -0.8882 -0.4579
vn -0.0508 -0.8500 -0.5243
vn 0.0288 0.9112 0.4109
vn 0.1695 -0.4514 0.8761
vn -0.1254 -0.4842 -0.8659
vn 0.0499 0.8529 0.5197
vn 0.0371 -0.9982 -0.0471
vn -0.1513 0.6927 -0.7052
vn 0.0282 -0.9948 -0.0983
vn -0.1671 0.5010 -0.8492
vn 0.1610 0.1234 0.9792
vn -0.0386 -0.8860 -0.4622
vn -0.1179 0.8803 -0.4595
vn -0.1545 -0.2125 -0.9649
vn -0.0140 0.9838 0.1788
vn 0.0749 -0.9809 0.1796
vn -0.1733 0.2843 -0.9430
vn 0.0487 -0.9987 0.0149
vn 0.0498 -0.9987 0.0140
vn 0.0483 -0.9987 0.0152
vn 0.1303 0.4474 0.8848
vn 0.0502 -0.9986 0.0134
vn 0.0507 -0.9986 0.0130
vn 0.2458 -0.2728 -0.9301
vn 0.0484 -0.9987 0.0151
vn 0.0500 -0.9987 0.0138
vn 0.0503 -0.9986 0.0135
vn -0.0491 0.9987 -0.0148
vn -0.0475 0.9987 -0.0160
vn -0.0473 0.9988 -0.0162
vn -0.0471 0.9988 -0.0163
vn 0.8916 -0.1486 0.4277
vn -0.8750 -0.2361 -0.4225
vn -0.0502 0.9986 -0.0168
vn -0.9313 0.0419 -0.3619
vn 0.0474 -0.9988 0.0156
vn -0.9094 -0.2182 -0.3541
vn -0.0496 0.9986 -0.0164
vn -0.0203 0.9998 -0.0061
vn -0.0551 0.9983 -0.0182
vn -0.0475 0.9987 -0.0156
vn -0.0484 0.9987 -0.0159
vn 0.0385 -0.9992 0.0136
vn -0.9584 -0.1790 -0.2224
vn 0.9736 0.0253 0.2267
vn -0.0490 0.9987 -0.0160
vn -0.0431 0.9990 -0.0148
vn -0.0419 0.9990 -0.0145
vn -0.0731 0.9971 -0.0210
vn -0.0488 0.9987 -0.0160
vn -0.0909 0.9956 -0.0246
vn -0.0441 0.9989 -0.0150
vn -0.0467 0.9988 -0.0156
vn -0.0489 0.9987 -0.0158
vn -0.0465 0.9988 -0.0157
vn -0.8189 -0.5731 0.0321
vn 0.9968 -0.0759 -0.0259
vn -0.9337 0.3575 0.0193
vn 0.4801 -0.8772 0.0019
vn 0.9817 0.1879 -0.0300
vn -0.0483 0.9987 -0.0157
vn -0.0493 0.9987 -0.0156
vn 0.8689 -0.4821 -0.1123
vn 0.9874 0.0705 -0.1416
vn -0.0320 0.9993 -0.0189
vn 0.8718 0.4102 -0.2678
vn -0.0467 0.9988 -0.0161
vn -0.0475 0.9987 -0.0158
vn -0.1389 0.9902 0.0139
vn -0.0471 0.9988 -0.0160
vn -0.0483 0.9987 -0.0156
vn -0.0552 0.9984 -0.0129
vn -0.0467 0.9988 -0.0162
vn -0.0564 0.8670 -0.4951
vn -0.0244 0.8542 0.5194
vn -0.0295 0.9029 0.4288
vn -0.0478 0.9987 -0.0148
vn -0.0312 0.0042 -0.9995
vn 0.0261 0.1012 0.9945
vn 0.0120 -0.7126 -0.7014
vn -0.0112 0.7024 0.7117
vn 0.0199 0.2183 0.9757
vn -0.0223 -0.1729 -0.9847
vn -0.0223 0.8331 0.5527
vn 0.1120 -0.1840 0.9765
vn -0.0664 -0.5180 -0.8528
vn -0.0758 0.9506 -0.3009
vn -0.1062 0.0175 -0.9942
vn 0.0991 0.1206 0.9877
vn 0.9744 0.2092 -0.0825
vn 0.9948 -0.0652 -0.0787
vn -0.9961 0.0384 0.0794
vn -0.9887 -0.1256 0.0820
vn -0.6738 0.7379 0.0397
vn -0.4626 0.8863 0.0198
vn -0.9932 0.0864 0.0782
vn 0.9887 0.1256 -0.0820
vn -0.9885 -0.1274 0.0820
vn 0.9959 0.0408 -0.0809
vn -0.9938 -0.0754 0.0814
vn -0.1517 -0.9879 0.0316
vn -0.9017 0.4276 0.0641
vn -0.9212 0.3834 0.0666
vn 0.9927 0.0889 -0.0816
vn 0.8696 0.4874 -0.0795
vn 0.9960 0.0391 -0.0809
vn -0.0462 0.9988 -0.0165
vn 0.0462 -0.9988 0.0169
vn 0.4305 0.2294 -0.8729
vn 0.0507 -0.9986 0.0134
vn 0.0528 -0.9985 0.0118
vn 0.5948 -0.2890 -0.7502
vn 0.0565 -0.9984 0.0088
vn 0.0514 -0.9986 0.0129
vn 0.0456 -0.9988 0.0173
vn 0.0466 -0.9988 0.0166
vn 0.9195 0.3931 -0.0056
vn -0.9937 -0.1117 0.0012
vn 0.0462 -0.9988 0.0157
vn 0.0488 -0.9987 0.0151
vn 0.0472 -0.9988 0.0151
vn 0.0475 -0.9988 0.0154
vn 0.0463 -0.9988 0.0141
vn 0.3926 0.7486 0.5344
vn -0.2028 0.9553 -0.2153
vn -0.3552 0.8377 -0.4149
vn 0.0483 -0.9987 0.0164
vn 0.0317 -0.9991 0.0290
vn 0.0232 -0.9991 0.0359
vn 0.0514 -0.9986 0.0128
vn 0.0458 -0.9988 0.0175
vn 0.0618 -0.9980 0.0093
vn 0.0472 -0.9988 0.0160
vn 0.0489 -0.9987 0.0153
vn 0.0424 -0.9989 0.0182
vn 0.0487 -0.9987 0.0154
vn 0.0468 -0.9988 0.0162
vn -0.8819 -0.0847 0.4638
vn 0.8847 -0.0857 -0.4583
vn 0.8803 0.1004 -0.4636
vn 0.0451 -0.9988 0.0180
vn 0.0549 -0.9984 0.0099
vn 0.0055 -0.9987 0.0505
vn 0.0418 -0.9989 0.0207
vn 0.0212 -0.9990 0.0386
vn 0.0561 -0.9984 0.0086
vn 0.0446 -0.9988 0.0185
vn 0.0488 -0.9987 0.0149
vn -0.0478 0.9987 -0.0153
vn -0.0477 0.9988 -0.0091
vn -0.0478 0.9987 -0.0165
vn -0.0478 0.9987 -0.0152
vn 0.0488 -0.9987 0.0146
vn 0.0492 -0.9987 0.0142
vn 0.0471 -0.9988 0.0166
vn 0.0471 -0.9988 0.0165
vn -0.8848 -0.4515 -0.1153
vn -0.6694 -0.7382 -0.0835
vn 0.3047 -0.9511 0.0500
vn -0.4797 0.8744 -0.0729
vn -0.5503 0.8310 -0.0820
vn -0.7743 0.6232 -0.1104
vn -0.0491 0.9987 -0.0159
vn -0.0470 0.9988 -0.0157
vn -0.0043 0.9999 -0.0113
vn -0.0482 0.9987 -0.0158
vn -0.0468 0.9988 -0.0157
vn -0.0481 0.9987 -0.0158
vn 0.0489 -0.9987 0.0143
vn 0.0497 -0.9987 0.0133
vn 0.0482 -0.9987 0.0152
vn -0.1236 0.8578 -0.4989
vn 0.0277 0.9136 0.4057
vn 0.1671 -0.5012 0.8490
vn -0.0334 -0.8997 -0.4352
vn -0.0188 0.9882 0.1517
vn -0.0731 -0.7698 -0.6341
vn 0.8882 0.4435 -0.1202
vn -0.9839 0.1327 0.1195
vn -0.0340 0.9993 -0.0176
vn 0.0463 -0.9987 0.0188
vn 0.7846 -0.6086 -0.1181
vn -0.4963 -0.8618 0.1045
vn 0.0481 -0.9987 0.0158
vn -0.8854 -0.4439 -0.1377
vn -0.2271 0.9729 -0.0442
vn 0.9785 0.1360 0.1551
vn 0.7316 0.6725 0.1113
vn -0.7818 -0.6119 -0.1198
vn 0.9827 0.0996 0.1560
vn -0.6216 0.7762 -0.1055
vn 0.9604 0.2338 0.1514
vn 0.0678 -0.9975 0.0189
vn 0.5800 -0.8085 0.0992
vn -0.9821 -0.1060 -0.1559
vn -0.8232 0.5623 0.0784
vn 0.6581 0.7478 -0.0878
vn -0.6286 0.7759 0.0528
vn -0.0253 -0.9994 0.0237
vn -0.7754 -0.6238 0.0981
vn 0.6914 0.7167 -0.0909
vn -0.1365 -0.9900 0.0357
vn -0.0601 0.9981 -0.0143
vn -0.0344 -0.9991 0.0247
vn -0.9937 0.0265 0.1085
vn -0.6147 0.7871 0.0509
vn -0.0469 0.9988 -0.0162
vn -0.3586 -0.2128 -0.9089
vn 0.3695 0.0988 0.9240
vn -0.0481 0.9987 -0.0163
vn -0.0463 0.9988 -0.0131
vn 0.1536 0.9880 -0.0181
vn 0.9559 -0.2938 -0.0069
vn -0.0496 0.9987 -0.0143
vn -0.0466 0.9988 -0.0167
vn -0.0469 0.9988 -0.0165
vn 0.4916 -0.2177 -0.8432
vn -0.0471 0.9987 -0.0172
vn -0.0490 0.9987 -0.0132
vn 0.0479 -0.9987 0.0154
vn 0.0472 -0.9988 0.0161
vn -0.0494 0.9987 -0.0149
vn -0.0576 0.9983 -0.0103
vn 0.0550 -0.9984 0.0146
vn 0.0617 -0.9980 0.0138
vn 0.0622 -0.9980 0.0137
vn 0.0603 -0.9981 0.0139
vn 0.0578 -0.9982 0.0141
vn 0.0551 -0.9984 0.0143
vn 0.0520 -0.9985 0.0145
vn 0.0495 -0.9987 0.0146
vn 0.0485 -0.9987 0.0147
vn 0.0489 -0.9987 0.0146
vn 0.0492 -0.9987 0.0146
vn 0.0497 -0.9987 0.0146
vn 0.0498 -0.9987 0.0146
vn 0.0499 -0.9986 0.0146
vn 0.0500 -0.9986 0.0146
vn 0.0501 -0.9986 0.0146
vn 0.0502 -0.9986 0.0146
vn 0.0503 -0.9986 0.0146
vn 0.0504 -0.9986 0.0146
vn 0.0506 -0.9986 0.0146
vn 0.0507 -0.9986 0.0147
vn 0.0508 -0.9986 0.0147
vn 0.0509 -0.9986 0.0147
vn 0.0510 -0.9986 0.0147
vn 0.0511 -0.9986 0.0147
vn 0.0512 -0.9986 0.0147
vn 0.0513 -0.9986 0.0147
vn 0.0515 -0.9986 0.0148
vn 0.0519 -0.9985 0.0149
vn 0.0520 -0.9985 0.0149
vn 0.0521 -0.9985 0.0149
vn 0.0522 -0.9985 0.0150
vn 0.0523 -0.9985 0.0149
vn 0.0527 -0.9985 0.0150
vn 0.0528 -0.9985 0.0150
vn 0.0531 -0.9985 0.0145
vn 0.0573 -0.9982 0.0148
vn 0.0498 -0.9987 0.0109
vn 0.0473 -0.9988 0.0110
vn 0.0472 -0.9988 0.0113
vn 0.0474 -0.9988 0.0114
vn 0.0473 -0.9988 0.0114
vn 0.0470 -0.9988 0.0116
vn 0.0471 -0.9988 0.0132
vn 0.0458 -0.9989 0.0133
vn 0.0455 -0.9989 0.0135
vn 0.0456 -0.9989 0.0141
vn -0.0477 0.9988 -0.0149
vn -0.0476 0.9988 -0.0147
vn -0.4871 0.8712 0.0616
vn -0.3471 -0.9343 0.0810
vn -0.5804 0.8105 0.0788
vn 0.0481 -0.9987 0.0157
vn 0.6465 0.7522 -0.1272
vn 0.2584 -0.9658 -0.0206
vn 0.0786 0.9962 -0.0371
vn 0.6379 -0.7649 -0.0896
vn 0.5032 -0.8618 -0.0645
vn -0.7743 0.6221 0.1160
vn 0.9261 0.3393 -0.1647
vn 0.7676 0.6244 -0.1447
vn 0.0481 -0.9988 0.0079
vn -0.0211 0.9570 -0.2892
vn 0.0869 -0.8673 -0.4901
vn 0.0799 -0.9200 -0.3837
vn -0.7321 0.2579 -0.6305
vn 0.0500 -0.9985 0.0235
vn 0.3095 -0.5921 0.7440
vn -0.1612 0.9338 -0.3193
vn -0.3580 0.1821 -0.9158
vn 0.4461 0.0311 0.8945
vn -0.4673 -0.4562 -0.7573
vn 0.4705 -0.5323 0.7038
vn 0.6192 0.1463 0.7715
vn -0.0460 -0.9939 -0.1000
vn 0.6622 -0.3931 0.6379
vn -0.5626 -0.6915 -0.4532
vn 0.0475 -0.9987 0.0156
vn 0.1976 -0.9712 0.1333
vn -0.3600 -0.8836 -0.2995
vn 0.6208 0.6065 0.4967
vn 0.2370 -0.9624 0.1328
vn 0.7831 0.3857 0.4878
vn 0.3187 0.9348 0.1568
vn -0.6754 0.7375 -0.0016
vn -0.0433 0.9989 -0.0168
vn -0.1430 -0.9789 0.1458
vn -0.1626 -0.9654 0.2041
vn -0.0480 0.9987 -0.0156
vn -0.5819 0.4919 0.6476
vn 0.0017 -0.9573 0.2890
vn 0.0289 0.3866 0.9218
vn 0.7404 0.6573 -0.1408
vn -0.9756 -0.1410 0.1682
vn -0.1584 0.9874 0.0033
vn -0.9063 -0.3902 0.1624
vn 0.4806 0.8710 -0.1020
vn 0.9553 0.2436 -0.1673
vn -0.3099 0.9503 0.0297
vn -0.6439 -0.7545 0.1268
vn 0.1788 -0.9839 -0.0067
vn -0.1613 -0.9856 0.0507
vn -0.4917 0.8685 0.0622
vn 0.1973 -0.9803 -0.0098
vn 0.0632 0.9974 -0.0345
vn -0.9361 0.3177 0.1507
vn -0.1776 0.9841 0.0065
vn 0.3536 -0.9347 -0.0375
vn 0.4812 -0.8745 -0.0605
vn -0.3307 -0.9405 0.0784
vn 0.8462 0.5097 -0.1552
vn -0.3702 0.9280 0.0412
vn -0.9683 -0.1847 0.1681
vn 0.9259 0.3401 -0.1646
vn -0.2582 -0.2030 -0.9445
vn 0.2885 -0.1796 0.9405
vn 0.0179 -0.9963 -0.0842
vn 0.0477 -0.9987 0.0152
vn 0.2071 -0.3487 0.9141
vn -0.2070 0.3512 -0.9132
vn 0.0477 -0.9987 0.0151
vn 0.0478 -0.9987 0.0151
vn 0.0477 -0.9987 0.0154
vn -0.1629 0.4653 0.8700
vn 0.0479 -0.9987 0.0168
vn -0.1306 0.8213 0.5553
vn 0.0479 -0.9987 0.0184
vn 0.0478 -0.9987 0.0162
vn 0.0482 -0.9988 0.0105
vn 0.0479 -0.9987 0.0151
vn -0.6101 0.0575 0.7903
vn 0.7473 -0.6591 -0.0845
vn -0.1752 0.9840 -0.0310
vn 0.5063 -0.5725 0.6449
vn 0.0482 -0.9987 0.0162
vn 0.0481 -0.9987 0.0161
vn 0.7794 0.5747 -0.2497
vn 0.4154 0.8971 -0.1508
vn 0.8079 -0.5449 -0.2244
vn 0.4605 0.8163 0.3486
vn 0.1424 -0.9891 0.0373
vn 0.0480 -0.9987 0.0153
vn -0.5028 0.8620 0.0644
vn 0.0470 -0.9988 0.0162
vn 0.0479 -0.9987 0.0166
vn 0.0477 -0.9987 0.0165
vn 0.0478 -0.9987 0.0154
vn -0.7116 -0.5975 -0.3696
vn 0.0485 -0.9987 0.0163
vn -0.8144 -0.1765 -0.5529
vn 0.0480 -0.9987 0.0154
vn 0.0483 -0.9987 0.0149
vn 0.3099 -0.9503 -0.0297
vn 0.9753 0.1433 -0.1683
vn -0.4638 -0.8804 0.0994
vn 0.8338 -0.5370 -0.1281
vn 0.0477 -0.9987 0.0162
vn 0.0479 -0.9987 0.0153
vn 0.9859 0.0089 -0.1669
vn -0.6849 -0.7164 0.1329
vn 0.0475 -0.9987 0.0164
vn -0.1269 0.0096 0.9919
vn -0.2072 0.0055 0.9783
vn -0.2071 0.0055 0.9783
vn -0.2861 0.0014 0.9582
vn -0.2860 0.0014 0.9582
vn -0.3626 -0.0026 0.9319
vn -0.4368 -0.0067 0.8995
vn -0.4369 -0.0067 0.8995
vn -0.5114 -0.0109 0.8593
vn -0.5833 -0.0151 0.8121
vn -0.6509 -0.0192 0.7589
vn -0.7128 -0.0231 0.7010
vn -0.7680 -0.0267 0.6399
vn -0.8160 -0.0299 0.5772
vn -0.8574 -0.0329 0.5135
vn -0.8918 -0.0356 0.4510
vn -0.9196 -0.0378 0.3911
vn -0.9415 -0.0398 0.3348
vn -0.9585 -0.0414 0.2822
vn -0.9583 -0.0414 0.2826
vn -0.9714 -0.0428 0.2335
vn -0.9811 -0.0440 0.1886
vn -0.9889 -0.0451 0.1413
vn -0.9890 -0.0451 0.1411
vn -0.9952 -0.0463 0.0862
vn -0.9985 -0.0474 0.0280
vn -0.9985 -0.0473 0.0281
vn -0.9983 -0.0483 -0.0329
vn -0.9942 -0.0491 -0.0961
vn -0.9857 -0.0497 -0.1609
vn -0.9857 -0.0497 -0.1608
vn -0.9857 -0.0497 -0.1610
vn -0.9727 -0.0501 -0.2264
vn -0.9727 -0.0501 -0.2266
vn -0.9727 -0.0501 -0.2265
vn -0.9728 -0.0501 -0.2263
vn -0.9549 -0.0503 -0.2927
vn -0.9549 -0.0503 -0.2926
vn -0.9308 -0.0503 -0.3620
vn -0.9309 -0.0503 -0.3619
vn -0.8999 -0.0499 -0.4332
vn -0.9000 -0.0499 -0.4330
vn -0.8617 -0.0492 -0.5050
vn -0.8162 -0.0482 -0.5758
vn -0.7638 -0.0467 -0.6438
vn -0.7637 -0.0467 -0.6438
vn -0.7053 -0.0449 -0.7075
vn -0.7052 -0.0449 -0.7076
vn -0.7055 -0.0449 -0.7073
vn -0.6462 -0.0430 -0.7619
vn -0.6462 -0.0430 -0.7620
vn -0.5853 -0.0408 -0.8098
vn -0.5852 -0.0408 -0.8098
vn -0.5179 -0.0383 -0.8546
vn -0.5172 -0.0383 -0.8550
vn -0.4451 -0.0354 -0.8948
vn -0.3678 -0.0323 -0.9293
vn -0.3679 -0.0323 -0.9293
vn -0.2879 -0.0289 -0.9572
vn -0.2070 -0.0253 -0.9780
vn -0.1297 -0.0219 -0.9913
vn -0.0519 -0.0182 -0.9985
vn -0.0518 -0.0182 -0.9985
vn 0.0304 -0.0143 -0.9994
vn 0.1157 -0.0101 -0.9932
vn 0.2022 -0.0058 -0.9793
vn 0.2023 -0.0058 -0.9793
vn 0.2879 -0.0013 -0.9576
vn 0.3709 0.0031 -0.9287
vn 0.4535 0.0076 -0.8912
vn 0.5334 0.0122 -0.8458
vn 0.6050 0.0164 -0.7961
vn 0.6678 0.0202 -0.7441
vn 0.7219 0.0236 -0.6915
vn 0.7220 0.0236 -0.6915
vn 0.7681 0.0267 -0.6398
vn 0.8069 0.0293 -0.5899
vn 0.8449 0.0320 -0.5339
vn 0.8706 0.0339 -0.4909
vn 0.8877 0.0352 -0.4590
vn 0.8999 0.0362 -0.4347
vn 0.9089 0.0369 -0.4154
vn 0.9158 0.0375 -0.3999
vn 0.9213 0.0380 -0.3871
vn 0.9191 0.0378 -0.3922
vn 0.9191 0.0378 -0.3923
vn 0.9192 0.0378 -0.3919
vn 0.9190 0.0378 -0.3924
vn 0.9080 0.0369 -0.4174
vn 0.8927 0.0356 -0.4492
vn 0.8710 0.0340 -0.4902
vn 0.8381 0.0315 -0.5447
vn 0.7847 0.0278 -0.6193
vn 0.6904 0.0216 -0.7231
vn 0.5769 0.0147 -0.8167
vn 0.4763 0.0089 -0.8792
vn 0.4764 0.0089 -0.8792
vn 0.3629 0.0027 -0.9318
vn 0.2417 -0.0037 -0.9703
vn 0.2420 -0.0037 -0.9703
vn 0.1182 -0.0100 -0.9929
vn -0.0023 -0.0159 -0.9999
vn -0.0037 -0.0160 -0.9999
vn -0.0053 -0.0160 -0.9999
vn -0.0022 -0.0159 -0.9999
vn -0.1146 -0.0212 -0.9932
vn -0.2295 -0.0263 -0.9729
vn -0.2294 -0.0263 -0.9730
vn -0.2339 -0.0265 -0.9719
vn -0.2295 -0.0263 -0.9730
vn -0.3580 -0.0319 -0.9332
vn -0.4838 -0.0370 -0.8744
vn -0.5998 -0.0413 -0.7991
vn -0.7002 -0.0448 -0.7126
vn -0.7823 -0.0473 -0.6211
vn -0.7818 -0.0472 -0.6217
vn -0.8462 -0.0489 -0.5306
vn -0.9059 -0.0500 -0.4206
vn -0.9546 -0.0503 -0.2936
vn -0.9826 -0.0499 -0.1787
vn -0.9957 -0.0489 -0.0786
vn -0.9988 -0.0477 0.0069
vn -0.9988 -0.0477 0.0070
vn -0.9958 -0.0464 0.0794
vn -0.9958 -0.0464 0.0793
vn -0.9890 -0.0451 0.1406
vn -0.9890 -0.0451 0.1405
vn -0.9890 -0.0451 0.1408
vn -0.9793 -0.0438 0.1978
vn -0.9793 -0.0438 0.1977
vn -0.9635 -0.0419 0.2643
vn -0.9636 -0.0420 0.2640
vn -0.9398 -0.0396 0.3393
vn -0.9055 -0.0367 0.4229
vn -0.9054 -0.0367 0.4229
vn -0.8573 -0.0329 0.5138
vn -0.7923 -0.0283 0.6095
vn -0.7084 -0.0228 0.7054
vn -0.6110 -0.0168 0.7914
vn -0.5062 -0.0106 0.8624
vn -0.3948 -0.0044 0.9187
vn -0.3949 -0.0044 0.9187
vn -0.3948 -0.0044 0.9188
vn -0.2826 0.0016 0.9592
vn -0.2831 0.0016 0.9591
vn -0.2819 0.0017 0.9594
vn -0.1743 0.0072 0.9847
vn -0.0737 0.0122 0.9972
vn 0.0172 0.0166 0.9997
vn 0.0170 0.0166 0.9997
vn 0.0171 0.0166 0.9997
vn -0.9945 -0.0461 0.0943
vn -0.9945 -0.0461 0.0942
vn -0.9945 -0.0461 0.0946
vn -0.9945 -0.0461 0.0941
vn -0.9944 -0.0461 0.0946
vn -0.9945 -0.0461 0.0937
vn -0.0935 -0.0202 -0.9954
vn -0.0934 -0.0202 -0.9954
vn -0.0204 -0.0168 -0.9997
vn 0.0557 -0.0131 -0.9984
vn 0.0556 -0.0131 -0.9984
vn 0.1338 -0.0092 -0.9910
vn 0.2123 -0.0053 -0.9772
vn 0.2899 -0.0012 -0.9571
vn 0.3651 0.0028 -0.9310
vn 0.3650 0.0028 -0.9310
vn 0.4413 0.0070 -0.8974
vn 0.5194 0.0114 -0.8544
vn 0.5935 0.0157 -0.8047
vn 0.6617 0.0198 -0.7495
vn 0.6616 0.0198 -0.7496
vn 0.7229 0.0237 -0.6906
vn 0.7765 0.0272 -0.6295
vn 0.8225 0.0304 -0.5680
vn 0.8600 0.0331 -0.5092
vn 0.8905 0.0355 -0.4536
vn 0.8910 0.0355 -0.4526
vn 0.9172 0.0376 -0.3966
vn 0.9389 0.0395 -0.3420
vn 0.9564 0.0412 -0.2892
vn 0.9702 0.0427 -0.2386
vn 0.9807 0.0439 -0.1906
vn 0.9887 0.0451 -0.1433
vn 0.9946 0.0461 -0.0926
vn 0.9946 0.0461 -0.0927
vn 0.9981 0.0472 -0.0394
vn 0.9981 0.0472 -0.0393
vn 0.9981 0.0472 -0.0397
vn 0.9987 0.0481 0.0165
vn 0.9987 0.0481 0.0164
vn 0.9961 0.0488 0.0740
vn 0.9961 0.0488 0.0741
vn 0.9959 0.0489 0.0755
vn 0.9961 0.0488 0.0739
vn 0.9899 0.0495 0.1332
vn 0.9898 0.0495 0.1332
vn 0.9799 0.0500 0.1932
vn 0.9646 0.0503 0.2587
vn 0.9646 0.0503 0.2588
vn 0.9646 0.0502 0.2587
vn 0.9419 0.0503 0.3321
vn 0.9116 0.0501 0.4081
vn 0.8729 0.0494 0.4854
vn 0.8730 0.0494 0.4853
vn 0.8730 0.0494 0.4852
vn 0.8729 0.0494 0.4853
vn 0.8260 0.0484 0.5616
vn 0.7709 0.0469 0.6352
vn 0.7682 0.0468 0.6384
vn 0.7710 0.0469 0.6351
vn 0.7092 0.0450 0.7036
vn 0.7091 0.0450 0.7037
vn 0.6476 0.0430 0.7608
vn 0.5857 0.0408 0.8095
vn 0.5856 0.0408 0.8096
vn 0.5176 0.0383 0.8547
vn 0.5155 0.0382 0.8560
vn 0.5177 0.0383 0.8547
vn 0.4442 0.0354 0.8952
vn 0.3668 0.0322 0.9298
vn 0.3691 0.0323 0.9288
vn 0.3667 0.0322 0.9298
vn 0.3668 0.0322 0.9297
vn 0.3647 0.0321 0.9306
vn 0.2871 0.0288 0.9575
vn 0.2870 0.0288 0.9575
vn 0.2861 0.0288 0.9578
vn 0.2873 0.0288 0.9574
vn 0.2066 0.0253 0.9781
vn 0.2065 0.0253 0.9781
vn 0.1303 0.0219 0.9912
vn 0.0543 0.0183 0.9984
vn 0.0541 0.0183 0.9984
vn 0.0542 0.0183 0.9984
vn -0.0251 0.0146 0.9996
vn -0.1066 0.0106 0.9942
vn -0.1885 0.0065 0.9821
vn -0.2692 0.0023 0.9631
vn -0.3470 -0.0018 0.9378
vn -0.4246 -0.0060 0.9054
vn -0.5001 -0.0103 0.8659
vn -0.5696 -0.0143 0.8218
vn -0.6320 -0.0180 0.7748
vn -0.6871 -0.0214 0.7263
vn -0.7350 -0.0245 0.6776
vn -0.7763 -0.0272 0.6297
vn -0.8132 -0.0298 0.5812
vn -0.8461 -0.0321 0.5321
vn -0.8688 -0.0338 0.4940
vn -0.8854 -0.0351 0.4636
vn -0.8854 -0.0351 0.4635
vn -0.8979 -0.0361 0.4387
vn -0.8978 -0.0361 0.4388
vn -0.8979 -0.0361 0.4388
vn -0.9075 -0.0368 0.4184
vn -0.9075 -0.0368 0.4183
vn -0.9152 -0.0375 0.4012
vn -0.9173 -0.0376 0.3965
vn -0.9143 -0.0374 0.4032
vn -0.9144 -0.0374 0.4032
vn -0.9106 -0.0371 0.4117
vn -0.8985 -0.0361 0.4375
vn -0.8879 -0.0353 0.4587
vn -0.8704 -0.0339 0.4911
vn -0.8475 -0.0322 0.5298
vn -0.8164 -0.0300 0.5767
vn -0.7778 -0.0273 0.6279
vn -0.7301 -0.0242 0.6829
vn -0.6711 -0.0204 0.7411
vn -0.5991 -0.0160 0.8005
vn -0.5125 -0.0110 0.8586
vn -0.4219 -0.0059 0.9066
vn -0.4221 -0.0059 0.9066
vn -0.4218 -0.0059 0.9067
vn -0.3336 -0.0011 0.9427
vn -0.2408 0.0038 0.9706
vn -0.1459 0.0086 0.9893
vn -0.1445 0.0087 0.9895
vn -0.1461 0.0086 0.9892
vn -0.0515 0.0133 0.9986
vn -0.0516 0.0133 0.9986
vn 0.0397 0.0177 0.9991
vn 0.1258 0.0217 0.9918
vn 0.1253 0.0217 0.9919
vn 0.1259 0.0217 0.9918
vn 0.2098 0.0255 0.9774
vn 0.2099 0.0255 0.9774
vn 0.2095 0.0255 0.9775
vn 0.2096 0.0255 0.9775
vn 0.2117 0.0256 0.9770
vn 0.2097 0.0255 0.9774
vn 0.2967 0.0293 0.9545
vn 0.2965 0.0293 0.9546
vn 0.2966 0.0293 0.9546
vn 0.2959 0.0292 0.9548
vn 0.2971 0.0293 0.9544
vn 0.2973 0.0293 0.9543
vn 0.2963 0.0293 0.9546
vn 0.2942 0.0292 0.9553
vn 0.2970 0.0293 0.9544
vn 0.3829 0.0329 0.9232
vn 0.4660 0.0363 0.8840
vn 0.5442 0.0393 0.8380
vn 0.5441 0.0393 0.8381
vn 0.6157 0.0419 0.7868
vn 0.6158 0.0419 0.7868
vn 0.6156 0.0419 0.7869
vn 0.6797 0.0441 0.7321
vn 0.6798 0.0441 0.7321
vn 0.7427 0.0461 0.6681
vn 0.7426 0.0461 0.6681
vn 0.7428 0.0461 0.6679
vn 0.8036 0.0478 0.5932
vn 0.8548 0.0491 0.5167
vn 0.8962 0.0499 0.4409
vn 0.9286 0.0503 0.3678
vn 0.9531 0.0503 0.2985
vn 0.9710 0.0502 0.2339
vn 0.9837 0.0498 0.1728
vn 0.9837 0.0498 0.1727
vn 0.9924 0.0493 0.1126
vn 0.9924 0.0493 0.1129
vn 0.9973 0.0486 0.0548
vn 0.9989 0.0478 0.0002
vn 0.9989 0.0478 -0.0002
vn 0.9989 0.0478 -0.0001
vn 0.9975 0.0469 -0.0519
vn 0.9939 0.0460 -0.1006
vn 0.9938 0.0460 -0.1008
vn 0.9883 0.0450 -0.1460
vn 0.9803 0.0439 -0.1926
vn 0.9803 0.0439 -0.1925
vn 0.9688 0.0425 -0.2443
vn 0.9688 0.0425 -0.2442
vn 0.9537 0.0409 -0.2979
vn 0.9348 0.0392 -0.3531
vn 0.9116 0.0372 -0.4093
vn 0.9118 0.0372 -0.4090
vn 0.9106 0.0371 -0.4116
vn 0.9117 0.0372 -0.4093
vn 0.8842 0.0350 -0.4658
vn 0.8524 0.0326 -0.5218
vn 0.8176 0.0301 -0.5750
vn 0.7778 0.0273 -0.6279
vn 0.7304 0.0242 -0.6826
vn 0.6743 0.0206 -0.7381
vn 0.6093 0.0166 -0.7928
vn 0.6092 0.0166 -0.7928
vn 0.6095 0.0167 -0.7926
vn 0.6092 0.0166 -0.7929
vn 0.6104 0.0167 -0.7919
vn 0.6096 0.0167 -0.7925
vn 0.6097 0.0167 -0.7925
vn 0.6091 0.0166 -0.7929
vn 0.5351 0.0123 -0.8447
vn 0.4525 0.0076 -0.8917
vn 0.3701 0.0030 -0.9290
vn 0.3708 0.0031 -0.9287
vn 0.3701 0.0031 -0.9290
vn 0.3702 0.0031 -0.9289
vn 0.3704 0.0031 -0.9289
vn 0.3702 0.0031 -0.9290
vn 0.2941 -0.0010 -0.9558
vn 0.2940 -0.0010 -0.9558
vn 0.2942 -0.0010 -0.9558
vn 0.2213 -0.0048 -0.9752
vn 0.1524 -0.0083 -0.9883
vn 0.1535 -0.0083 -0.9881
vn 0.1517 -0.0083 -0.9884
vn 0.0881 -0.0115 -0.9960
vn 0.0882 -0.0115 -0.9960
vn 0.0289 -0.0144 -0.9995
vn -0.0256 -0.0170 -0.9995
vn 0.9956 0.0464 -0.0810
vn 0.9956 0.0464 -0.0809
vn 0.9956 0.0464 -0.0811
vn 0.1044 0.0207 0.9943
vn 0.1045 0.0207 0.9943
vn 0.1043 0.0207 0.9943
vn 0.0301 0.0172 0.9994
vn 0.0298 0.0172 0.9994
vn 0.0302 0.0172 0.9994
vn 0.0300 0.0172 0.9994
vn 0.0307 0.0172 0.9994
vn 0.0362 0.0175 0.9992
vn 0.0304 0.0172 0.9994
vn -0.0474 0.0135 0.9988
vn -0.0473 0.0135 0.9988
vn -0.1666 -0.0235 -0.9857
vn 0.9310 0.0503 0.3616
vn 0.9310 0.0503 0.3617
vn 0.1666 0.0235 0.9857
vn 0.1667 0.0235 0.9857
vn 0.1664 0.0235 0.9858
vn 0.9849 0.0445 -0.1675
vn 0.9849 0.0445 -0.1676
vn 0.9849 0.0445 -0.1674
vn 0.1669 0.0236 0.9857
vn 0.1665 0.0235 0.9858
vn 0.1668 0.0235 0.9857
vn 0.1666 0.0235 0.9858
vn 0.1654 0.0235 0.9859
vn 0.1660 0.0235 0.9858
vn -0.9849 -0.0445 0.1675
vn -0.9848 -0.0445 0.1678
vn -0.9849 -0.0445 0.1676
vn -0.9849 -0.0445 0.1674
vn -0.9845 -0.0444 0.1696
vn 0.1681 0.0236 0.9855
vn 0.1669 0.0235 0.9857
vn 0.1671 0.0236 0.9857
vn 0.1675 0.0236 0.9856
vn 0.1663 0.0235 0.9858
vn 0.1590 0.0232 0.9870
vn 0.1674 0.0236 0.9856
vn 0.1645 0.0234 0.9861
vn 0.1687 0.0236 0.9854
vn 0.1655 0.0235 0.9859
vn 0.1723 0.0238 0.9848
vn 0.1214 0.0215 0.9924
vn 0.1748 0.0239 0.9843
vn 0.1519 0.0229 0.9881
vn 0.1672 0.0236 0.9856
vn 0.1726 0.0238 0.9847
vn 0.1691 0.0236 0.9853
vn 0.1566 0.0231 0.9874
vn 0.1766 0.0240 0.9840
vn 0.1456 0.0226 0.9891
vn 0.1763 0.0240 0.9840
vn 0.1560 0.0231 0.9875
vn 0.1567 0.0231 0.9874
vn 0.1565 0.0231 0.9874
vn 0.1329 0.0220 0.9909
vn 0.1031 0.0206 0.9945
vn 0.1030 0.0206 0.9945
vn 0.0643 0.0188 0.9977
vn 0.0648 0.0189 0.9977
vn 0.0644 0.0188 0.9977
vn 0.0653 0.0189 0.9977
vn 0.0123 0.0164 0.9998
vn -0.0605 0.0129 0.9981
vn -0.0612 0.0128 0.9980
vn -0.0596 0.0129 0.9981
vn -0.0622 0.0128 0.9980
vn -0.0601 0.0129 0.9981
vn -0.0607 0.0128 0.9981
vn -0.0606 0.0129 0.9981
vn -0.1674 0.0075 0.9859
vn -0.2870 0.0014 0.9579
vn -0.2872 0.0014 0.9579
vn -0.3790 -0.0035 0.9254
vn -0.3791 -0.0035 0.9253
vn -0.3791 -0.0035 0.9254
vn -0.4674 -0.0084 0.8840
vn -0.5496 -0.0131 0.8354
vn -0.5495 -0.0131 0.8354
vn -0.5496 -0.0131 0.8353
vn -0.6238 -0.0175 0.7814
vn -0.6239 -0.0175 0.7813
vn -0.6895 -0.0216 0.7240
vn -0.7460 -0.0252 0.6654
vn -0.8045 -0.0291 0.5933
vn -0.8596 -0.0331 0.5099
vn -0.9011 -0.0363 0.4321
vn -0.9011 -0.0363 0.4322
vn -0.9317 -0.0389 0.3613
vn -0.9317 -0.0389 0.3612
vn -0.9538 -0.0410 0.2975
vn -0.9696 -0.0426 0.2408
vn -0.9696 -0.0426 0.2409
vn -0.9807 -0.0439 0.1905
vn -0.9878 -0.0449 0.1492
vn -0.9876 -0.0449 0.1502
vn -0.9924 -0.0457 0.1145
vn -0.9955 -0.0464 0.0822
vn -0.9957 -0.0464 0.0803
vn -0.9975 -0.0469 0.0521
vn -0.9986 -0.0474 0.0239
vn -0.9986 -0.0474 0.0241
vn -0.9986 -0.0474 0.0230
vn -0.9986 -0.0474 0.0240
vn -0.9989 -0.0478 -0.0019
vn -0.9989 -0.0478 -0.0016
vn -0.9985 -0.0482 -0.0261
vn -0.0246 -0.0170 -0.9996
vn -0.0235 -0.0169 -0.9996
vn -0.0248 -0.0170 -0.9995
vn -0.0229 -0.0169 -0.9996
vn -0.0250 -0.0170 -0.9995
vn -0.0244 -0.0169 -0.9996
vn -0.0249 -0.0170 -0.9995
vn -0.0242 -0.0169 -0.9996
vn -0.0247 -0.0170 -0.9996
vn -0.0245 -0.0170 -0.9996
vn 0.9987 0.0475 -0.0179
vn 0.9987 0.0475 -0.0178
vn 0.9983 0.0473 -0.0332
vn 0.9976 0.0470 -0.0505
vn 0.9964 0.0466 -0.0702
vn 0.9946 0.0461 -0.0928
vn 0.9918 0.0456 -0.1192
vn 0.9877 0.0449 -0.1501
vn 0.9876 0.0449 -0.1501
vn 0.9806 0.0439 -0.1910
vn 0.9692 0.0426 -0.2425
vn 0.9528 0.0409 -0.3007
vn 0.9528 0.0409 -0.3008
vn 0.9296 0.0387 -0.3664
vn 0.9297 0.0387 -0.3664
vn 0.8974 0.0360 -0.4397
vn 0.8534 0.0326 -0.5202
vn 0.7946 0.0285 -0.6064
vn 0.7322 0.0243 -0.6806
vn 0.6729 0.0205 -0.7395
vn 0.6056 0.0164 -0.7956
vn 0.5313 0.0121 -0.8471
vn 0.4513 0.0075 -0.8923
vn 0.3675 0.0029 -0.9300
vn 0.3676 0.0029 -0.9300
vn 0.2822 -0.0016 -0.9594
vn 0.1614 -0.0079 -0.9869
vn 0.1613 -0.0079 -0.9869
vn 0.0511 -0.0133 -0.9986
vn -0.0210 -0.0168 -0.9996
vn -0.0212 -0.0168 -0.9996
vn -0.0208 -0.0168 -0.9996
vn -0.0211 -0.0168 -0.9996
vn -0.0712 -0.0192 -0.9973
vn -0.0717 -0.0192 -0.9972
vn -0.0708 -0.0191 -0.9973
vn -0.1078 -0.0209 -0.9940
vn -0.1356 -0.0221 -0.9905
vn -0.1574 -0.0231 -0.9873
vn -0.1663 -0.0235 -0.9858
vn -0.1667 -0.0235 -0.9857
vn -0.1666 -0.0235 -0.9858
vn 0.9841 0.0498 0.1702
vn 0.9841 0.0498 0.1703
vn 0.9603 0.0503 0.2744
vn 0.9253 0.0502 0.3760
vn 0.8805 0.0496 0.4715
vn 0.8132 0.0481 0.5800
vn 0.7187 0.0454 0.6938
vn 0.6124 0.0418 0.7894
vn 0.6125 0.0418 0.7894
vn 0.5038 0.0377 0.8630
vn 0.5022 0.0377 0.8639
vn 0.5023 0.0377 0.8638
vn 0.3952 0.0334 0.9180
vn 0.3953 0.0334 0.9180
vn 0.3942 0.0334 0.9184
vn 0.3950 0.0334 0.9181
vn 0.3953 0.0334 0.9179
vn 0.2961 0.0292 0.9547
vn 0.2949 0.0292 0.9551
vn 0.2963 0.0293 0.9547
vn 0.2071 0.0254 0.9780
vn 0.2069 0.0253 0.9780
vn 0.1293 0.0218 0.9914
vn 0.0462 0.0180 0.9988
vn 0.0463 0.0180 0.9988
vn -0.0482 0.0135 0.9987
vn -0.1535 0.0082 0.9881
vn -0.1540 0.0082 0.9880
vn -0.1539 0.0082 0.9881
vn -0.1544 0.0082 0.9880
vn -0.2684 0.0024 0.9633
vn -0.3878 -0.0040 0.9217
vn -0.5061 -0.0106 0.8624
vn -0.6102 -0.0167 0.7921
vn -0.7016 -0.0223 0.7123
vn -0.7842 -0.0278 0.6199
vn -0.8541 -0.0327 0.5190
vn -0.9092 -0.0370 0.4146
vn -0.9092 -0.0370 0.4147
vn -0.9494 -0.0405 0.3116
vn -0.9493 -0.0405 0.3116
vn -0.9759 -0.0433 0.2137
vn -0.9899 -0.0453 0.1342
vn -0.9898 -0.0452 0.1349
vn -0.9899 -0.0453 0.1341
vn -0.9968 -0.0467 0.0651
vn -0.9988 -0.0479 -0.0065
vn -0.9956 -0.0489 -0.0796
vn -0.9870 -0.0497 -0.1530
vn -0.9729 -0.0501 -0.2256
vn -0.9538 -0.0503 -0.2961
vn -0.9288 -0.0502 -0.3672
vn -0.8959 -0.0498 -0.4414
vn -0.8558 -0.0491 -0.5150
vn -0.8558 -0.0491 -0.5149
vn -0.8088 -0.0480 -0.5862
vn -0.8088 -0.0480 -0.5861
vn -0.7556 -0.0465 -0.6534
vn -0.6975 -0.0447 -0.7152
vn -0.6361 -0.0426 -0.7705
vn -0.5642 -0.0400 -0.8247
vn -0.4864 -0.0371 -0.8729
vn -0.4142 -0.0342 -0.9096
vn -0.3483 -0.0315 -0.9369
vn -0.2889 -0.0289 -0.9569
vn -0.2896 -0.0290 -0.9567
vn -0.2358 -0.0266 -0.9714
vn -0.1884 -0.0245 -0.9818
vn -0.1881 -0.0245 -0.9818
vn -0.1266 -0.0217 -0.9917
vn -0.0384 -0.0176 -0.9991
vn 0.0604 -0.0129 -0.9981
vn 0.0605 -0.0129 -0.9981
vn 0.1687 -0.0075 -0.9856
vn 0.2834 -0.0016 -0.9590
vn 0.2833 -0.0016 -0.9590
vn 0.3999 0.0047 -0.9165
vn 0.5125 0.0110 -0.8586
vn 0.6118 0.0168 -0.7908
vn 0.7011 0.0223 -0.7127
vn 0.7825 0.0276 -0.6220
vn 0.8523 0.0326 -0.5221
vn 0.9078 0.0369 -0.4178
vn 0.9486 0.0404 -0.3140
vn 0.9757 0.0433 -0.2146
vn 0.9757 0.0433 -0.2147
vn 0.9912 0.0455 -0.1244
vn 0.9912 0.0455 -0.1243
vn 0.9984 0.0473 -0.0320
vn 0.9966 0.0488 0.0670
vn -0.4356 -0.0351 -0.8995
vn -0.4359 -0.0351 -0.8993
vn -0.5317 -0.0388 -0.8461
vn -0.6315 -0.0425 -0.7742
vn -0.7299 -0.0457 -0.6821
vn -0.7300 -0.0457 -0.6819
vn -0.7297 -0.0457 -0.6822
vn -0.7301 -0.0457 -0.6818
vn -0.7298 -0.0457 -0.6821
vn -0.7307 -0.0457 -0.6811
vn -0.7299 -0.0457 -0.6820
vn -0.8096 -0.0480 -0.5850
vn -0.8724 -0.0494 -0.4863
vn -0.9260 -0.0502 -0.3741
vn -0.9663 -0.0502 -0.2523
vn -0.9907 -0.0494 -0.1265
vn -0.9907 -0.0494 -0.1266
vn -0.9989 -0.0479 -0.0028
vn -0.9988 -0.0479 -0.0029
vn -0.9989 -0.0478 -0.0017
vn -0.9925 -0.0457 0.1134
vn -0.9740 -0.0431 0.2222
vn -0.9411 -0.0398 0.3357
vn -0.8920 -0.0356 0.4507
vn -0.8269 -0.0307 0.5614
vn -0.7487 -0.0254 0.6624
vn -0.7488 -0.0254 0.6624
vn -0.6619 -0.0199 0.7493
vn -0.5715 -0.0144 0.8205
vn -0.3477 -0.0018 0.9376
vn -0.2314 0.0043 0.9729
vn -0.2314 0.0043 0.9728
vn -0.1233 0.0098 0.9923
vn -0.0262 0.0145 0.9996
vn 0.0592 0.0186 0.9981
vn 0.0687 0.0190 0.9975
vn 0.0590 0.0186 0.9981
vn 0.0593 0.0186 0.9981
vn 0.1334 0.0220 0.9908
vn 0.1335 0.0220 0.9908
vn 0.1976 0.0249 0.9800
vn 0.2662 0.0279 0.9635
vn 0.2663 0.0279 0.9635
vn 0.3441 0.0313 0.9384
vn 0.3443 0.0313 0.9384
vn 0.4313 0.0349 0.9016
vn 0.4311 0.0349 0.9016
vn 0.4312 0.0349 0.9016
vn 0.4313 0.0349 0.9015
vn 0.5264 0.0386 0.8493
vn 0.5265 0.0386 0.8493
vn 0.6265 0.0423 0.7783
vn 0.6265 0.0423 0.7782
vn 0.6268 0.0423 0.7781
vn 0.7260 0.0456 0.6862
vn 0.7262 0.0456 0.6859
vn 0.7259 0.0456 0.6862
vn 0.7254 0.0456 0.6868
vn 0.8064 0.0479 0.5895
vn 0.8074 0.0479 0.5881
vn 0.8063 0.0479 0.5895
vn 0.8049 0.0479 0.5915
vn 0.8060 0.0479 0.5900
vn 0.8702 0.0494 0.4902
vn 0.8697 0.0494 0.4912
vn 0.8696 0.0494 0.4912
vn 0.8698 0.0494 0.4909
vn 0.8697 0.0494 0.4911
vn 0.9238 0.0502 0.3796
vn 0.9238 0.0502 0.3797
vn 0.9650 0.0502 0.2575
vn 0.9902 0.0495 0.1308
vn 0.9988 0.0479 0.0056
vn 0.9988 0.0479 0.0055
vn 0.9926 0.0457 -0.1125
vn 0.9742 0.0431 -0.2214
vn 0.9418 0.0398 -0.3338
vn 0.8932 0.0357 -0.4483
vn 0.8283 0.0308 -0.5594
vn 0.8284 0.0308 -0.5593
vn 0.7499 0.0255 -0.6611
vn 0.7498 0.0255 -0.6612
vn 0.6620 0.0199 -0.7492
vn 0.5701 0.0143 -0.8215
vn 0.5701 0.0143 -0.8214
vn 0.4631 0.0082 -0.8863
vn 0.3406 0.0015 -0.9402
vn 0.3405 0.0015 -0.9402
vn 0.3401 0.0014 -0.9404
vn 0.3409 0.0015 -0.9401
vn 0.2225 -0.0047 -0.9749
vn 0.2231 -0.0047 -0.9748
vn 0.1156 -0.0101 -0.9932
vn 0.0201 -0.0148 -0.9997
vn 0.0200 -0.0148 -0.9997
vn -0.0631 -0.0188 -0.9978
vn -0.0621 -0.0187 -0.9979
vn -0.0629 -0.0188 -0.9978
vn -0.0630 -0.0188 -0.9978
vn -0.1347 -0.0221 -0.9906
vn -0.1323 -0.0220 -0.9910
vn -0.1346 -0.0221 -0.9907
vn -0.1350 -0.0221 -0.9906
vn -0.1353 -0.0221 -0.9906
vn -0.1984 -0.0250 -0.9798
vn -0.1971 -0.0249 -0.9801
vn -0.1975 -0.0249 -0.9800
vn -0.1851 -0.0244 -0.9824
vn -0.1997 -0.0250 -0.9795
vn -0.1973 -0.0249 -0.9800
vn -0.1985 -0.0250 -0.9798
vn -0.1982 -0.0250 -0.9798
vn -0.2684 -0.0281 -0.9629
vn -0.2678 -0.0280 -0.9631
vn -0.2684 -0.0280 -0.9629
vn -0.3477 -0.0314 -0.9371
vn -0.1689 -0.0236 -0.9853
vn -0.1703 -0.0237 -0.9851
vn -0.1966 -0.0249 -0.9802
vn -0.2649 -0.0279 -0.9639
vn -0.3464 -0.0314 -0.9376
vn -0.4425 -0.0353 -0.8961
vn -0.5532 -0.0396 -0.8321
vn -0.6742 -0.0439 -0.7372
vn -0.7949 -0.0476 -0.6049
vn -0.8747 -0.0495 -0.4821
vn -0.9197 -0.0502 -0.3895
vn -0.9559 -0.0503 -0.2893
vn -0.9815 -0.0499 -0.1846
vn -0.9957 -0.0489 -0.0789
vn -0.9915 -0.0455 0.1216
vn -0.9788 -0.0437 0.2000
vn -0.9789 -0.0437 0.1998
vn -0.9626 -0.0419 0.2676
vn -0.9403 -0.0397 0.3380
vn -0.9403 -0.0397 0.3381
vn -0.9111 -0.0371 0.4105
vn -0.8748 -0.0342 0.4833
vn -0.8312 -0.0310 0.5551
vn -0.7810 -0.0275 0.6239
vn -0.7258 -0.0239 0.6875
vn -0.6632 -0.0199 0.7481
vn -0.5917 -0.0156 0.8060
vn -0.5916 -0.0156 0.8061
vn -0.5119 -0.0109 0.8590
vn -0.4256 -0.0061 0.9049
vn -0.3350 -0.0012 0.9422
vn -0.3351 -0.0012 0.9422
vn -0.2428 0.0037 0.9701
vn -0.1520 0.0083 0.9883
vn -0.0746 0.0122 0.9971
vn -0.0111 0.0152 0.9998
vn 0.0412 0.0177 0.9990
vn 0.0853 0.0198 0.9962
vn 0.0849 0.0198 0.9962
vn 0.0847 0.0198 0.9962
vn 0.1216 0.0215 0.9923
vn 0.1528 0.0229 0.9880
vn 0.1529 0.0229 0.9880
vn 0.1527 0.0229 0.9880
vn 0.1438 0.0225 0.9894
vn 0.1678 0.0236 0.9855
vn -0.1665 -0.0235 -0.9858
vn -0.1608 -0.0233 -0.9867
vn -0.1473 -0.0227 -0.9888
vn -0.1308 -0.0219 -0.9912
vn -0.1104 -0.0210 -0.9937
vn -0.1103 -0.0210 -0.9937
vn -0.0842 -0.0197 -0.9963
vn -0.0496 -0.0181 -0.9986
vn -0.0495 -0.0181 -0.9986
vn -0.0020 -0.0159 -0.9999
vn 0.0623 -0.0128 -0.9980
vn 0.1153 -0.0102 -0.9933
vn 0.1706 -0.0074 -0.9853
vn 0.2279 -0.0045 -0.9737
vn 0.2867 -0.0014 -0.9580
vn 0.3464 0.0018 -0.9381
vn 0.4062 0.0050 -0.9138
vn 0.4775 0.0090 -0.8786
vn 0.5554 0.0135 -0.8315
vn 0.6253 0.0176 -0.7802
vn 0.6251 0.0176 -0.7803
vn 0.6263 0.0177 -0.7794
vn 0.6254 0.0176 -0.7801
vn 0.6867 0.0214 -0.7266
vn 0.7397 0.0248 -0.6725
vn 0.7395 0.0248 -0.6727
vn 0.7848 0.0278 -0.6191
vn 0.8227 0.0304 -0.5677
vn 0.8556 0.0328 -0.5167
vn 0.8856 0.0351 -0.4632
vn 0.9119 0.0372 -0.4087
vn 0.9345 0.0391 -0.3538
vn 0.9533 0.0409 -0.2993
vn 0.9685 0.0425 -0.2455
vn 0.9802 0.0439 -0.1931
vn 0.9929 0.0458 -0.1100
vn 0.9930 0.0458 -0.1090
vn 0.9921 0.0456 -0.1169
vn 0.9929 0.0458 -0.1094
vn 0.9928 0.0458 -0.1106
vn 0.9930 0.0458 -0.1092
vn 0.9931 0.0458 -0.1083
vn 0.9929 0.0458 -0.1102
vn 0.9928 0.0458 -0.1107
vn 0.9928 0.0458 -0.1103
vn 0.9929 0.0458 -0.1095
vn 0.9987 0.0481 0.0172
vn 0.9863 0.0497 0.1570
vn 0.9863 0.0497 0.1571
vn 0.9862 0.0497 0.1581
vn 0.9864 0.0497 0.1570
vn 0.9519 0.0503 0.3024
vn 0.8949 0.0498 0.4435
vn 0.8949 0.0498 0.4434
vn 0.8195 0.0482 0.5711
vn 0.7328 0.0458 0.6789
vn 0.4684 0.0363 0.8828
vn 0.3735 0.0325 0.9271
vn 0.3734 0.0325 0.9271
vn 0.3736 0.0325 0.9270
vn 0.3739 0.0325 0.9269
vn 0.2848 0.0287 0.9582
vn 0.2844 0.0287 0.9583
vn 0.2849 0.0288 0.9581
vn 0.2854 0.0288 0.9580
vn 0.2847 0.0287 0.9582
vn 0.2039 0.0252 0.9787
vn 0.1282 0.0218 0.9915
vn 0.0433 0.0178 0.9989
vn -0.0527 0.0132 0.9985
vn -0.1587 0.0080 0.9873
vn -0.1588 0.0080 0.9873
vn -0.1590 0.0080 0.9872
vn -0.2722 0.0021 0.9622
vn -0.3891 -0.0041 0.9212
vn -0.3890 -0.0041 0.9212
vn -0.5037 -0.0105 0.8638
vn -0.6083 -0.0166 0.7935
vn -0.6081 -0.0166 0.7937
vn -0.6082 -0.0166 0.7936
vn -0.7033 -0.0225 0.7105
vn -0.7033 -0.0225 0.7106
vn -0.7877 -0.0280 0.6154
vn -0.8578 -0.0330 0.5129
vn -0.9120 -0.0372 0.4085
vn -0.9508 -0.0407 0.3070
vn -0.9763 -0.0434 0.2120
vn -0.9902 -0.0453 0.1323
vn -0.9901 -0.0453 0.1332
vn -0.9902 -0.0453 0.1322
vn -0.9973 -0.0469 0.0559
vn -0.9984 -0.0482 -0.0282
vn -0.9916 -0.0494 -0.1193
vn -0.9916 -0.0494 -0.1192
vn -0.9915 -0.0494 -0.1200
vn -0.9916 -0.0494 -0.1194
vn -0.9752 -0.0501 -0.2155
vn -0.9752 -0.0501 -0.2156
vn -0.9479 -0.0503 -0.3146
vn -0.9479 -0.0503 -0.3145
vn -0.9093 -0.0500 -0.4131
vn -0.8618 -0.0492 -0.5048
vn -0.8065 -0.0479 -0.5893
vn -0.8065 -0.0479 -0.5892
vn -0.7430 -0.0461 -0.6677
vn -0.7429 -0.0461 -0.6678
vn -0.6734 -0.0439 -0.7380
vn -0.6002 -0.0413 -0.7988
vn -0.5260 -0.0386 -0.8496
vn -0.4530 -0.0357 -0.8908
vn -0.4529 -0.0357 -0.8908
vn 0.9572 0.0413 -0.2866
vn 0.9571 0.0413 -0.2867
vn 0.9571 0.0413 -0.2866
vn 0.9571 0.0413 -0.2868
vn 0.9576 0.0413 -0.2852
vn 0.9572 0.0413 -0.2865
vn 0.5168 0.0382 0.8552
vn 0.5705 0.0402 0.8203
vn 0.6277 0.0423 0.7773
vn 0.6876 0.0443 0.7248
vn 0.7487 0.0463 0.6613
vn 0.8088 0.0480 0.5861
vn 0.8087 0.0480 0.5863
vn 0.8089 0.0480 0.5861
vn 0.8652 0.0493 0.4990
vn 0.9118 0.0501 0.4076
vn 0.9473 0.0503 0.3163
vn 0.9737 0.0501 0.2224
vn 0.9736 0.0501 0.2225
vn 0.9737 0.0501 0.2223
vn 0.9905 0.0494 0.1285
vn 0.9981 0.0484 0.0372
vn 0.9977 0.0470 -0.0493
vn 0.9977 0.0470 -0.0494
vn 0.9751 0.0433 -0.2173
vn 0.9751 0.0433 -0.2174
vn 0.9461 0.0402 -0.3214
vn 0.9029 0.0365 -0.4282
vn 0.8452 0.0320 -0.5334
vn 0.7745 0.0271 -0.6320
vn 0.6938 0.0219 -0.7199
vn 0.6073 0.0165 -0.7943
vn 0.5103 0.0109 -0.8599
vn 0.4010 0.0047 -0.9161
vn 0.2917 -0.0011 -0.9565
vn 0.1871 -0.0065 -0.9823
vn 0.1870 -0.0065 -0.9823
vn 0.0902 -0.0114 -0.9959
vn 0.0903 -0.0114 -0.9959
vn 0.0029 -0.0156 -0.9999
vn -0.0747 -0.0193 -0.9970
vn -0.0746 -0.0193 -0.9970
vn -0.9850 -0.0445 0.1668
vn -0.9848 -0.0445 0.1677
vn -0.9849 -0.0445 0.1672
vn -0.1871 -0.0245 -0.9820
vn -0.1293 -0.0218 -0.9914
vn -0.0465 -0.0180 -0.9988
vn -0.0466 -0.0180 -0.9988
vn 0.0470 -0.0135 -0.9988
vn 0.1509 -0.0084 -0.9885
vn 0.2628 -0.0026 -0.9649
vn 0.3788 0.0035 -0.9255
vn 0.3789 0.0035 -0.9254
vn 0.4936 0.0099 -0.8696
vn 0.4937 0.0099 -0.8696
vn 0.5956 0.0158 -0.8032
vn 0.6871 0.0214 -0.7262
vn 0.7717 0.0269 -0.6354
vn 0.8449 0.0320 -0.5340
vn 0.8448 0.0320 -0.5341
vn 0.9035 0.0365 -0.4271
vn 0.9466 0.0403 -0.3197
vn 0.9753 0.0433 -0.2165
vn 0.9919 0.0456 -0.1188
vn 0.9988 0.0476 -0.0131
vn 0.9936 0.0492 0.1017
vn 0.9739 0.0501 0.2215
vn 0.9386 0.0503 0.3414
vn 0.8887 0.0497 0.4557
vn 0.8887 0.0497 0.4558
vn 0.8888 0.0497 0.4557
vn 0.8274 0.0484 0.5595
vn 0.7529 0.0464 0.6565
vn 0.6630 0.0435 0.7473
vn 0.6630 0.0435 0.7474
vn 0.5662 0.0401 0.8233
vn 0.5664 0.0401 0.8232
vn -0.7121 -0.0451 -0.7006
vn -0.7875 -0.0474 -0.6145
vn -0.7868 -0.0474 -0.6153
vn -0.7874 -0.0474 -0.6146
vn -0.7875 -0.0474 -0.6144
vn -0.8500 -0.0490 -0.5244
vn -0.8500 -0.0490 -0.5245
vn -0.9030 -0.0500 -0.4267
vn -0.9031 -0.0500 -0.4266
vn -0.9029 -0.0500 -0.4270
vn -0.9033 -0.0500 -0.4260
vn -0.9028 -0.0500 -0.4271
vn -0.9462 -0.0503 -0.3196
vn -0.9462 -0.0503 -0.3197
vn -0.9770 -0.0500 -0.2071
vn -0.9944 -0.0491 -0.0936
vn -0.9987 -0.0475 0.0164
vn -0.9918 -0.0456 0.1194
vn -0.9918 -0.0456 0.1195
vn -0.9918 -0.0456 0.1193
vn -0.9741 -0.0431 0.2218
vn -0.9743 -0.0431 0.2210
vn -0.8910 -0.0355 0.4526
vn -0.8234 -0.0305 0.5667
vn -0.8233 -0.0305 0.5667
vn -0.7407 -0.0249 0.6714
vn -0.6477 -0.0190 0.7617
vn -0.5502 -0.0132 0.8349
vn -0.4520 -0.0076 0.8920
vn -0.3467 -0.0018 0.9380
vn -0.2485 0.0034 0.9686
vn -0.1593 0.0080 0.9872
vn -0.1594 0.0080 0.9872
vn -0.0802 0.0119 0.9967
vn -0.0106 0.0153 0.9998
vn 0.0502 0.0182 0.9986
vn 0.9849 0.0445 -0.1673
vn 0.9848 0.0445 -0.1676
vn 0.9847 0.0445 -0.1683
vn 0.9848 0.0445 -0.1680
vn 0.9849 0.0445 -0.1672
vn 0.9848 0.0445 -0.1678
vn 0.9850 0.0445 -0.1670
vn 0.9848 0.0445 -0.1677
vn 0.9850 0.0445 -0.1665
vn 0.9850 0.0445 -0.1667
vn 0.9845 0.0444 -0.1698
vn -0.2708 -0.0281 -0.9622
vn -0.2707 -0.0281 -0.9623
vn -0.3560 -0.0318 -0.9339
vn -0.3558 -0.0318 -0.9340
vn -0.3560 -0.0318 -0.9340
vn -0.4458 -0.0355 -0.8944
vn -0.4459 -0.0355 -0.8944
vn -0.5375 -0.0390 -0.8423
vn -0.6276 -0.0423 -0.7774
# 2528 vertex normals

g Line03
usemtl 04___Default
s 1
f 1429//1251 1430//1252 1431//1252 1432//1251 
s 3
f 1433//1253 1429//1251 1432//1251 1434//1253 
s 2
f 1435//1254 1433//1253 1434//1253 1436//1254 
f 1437//1255 1435//1254 1436//1254 1438//1255 
f 1439//1256 1437//1255 1438//1255 1440//1256 
f 1441//1257 1439//1256 1440//1256 1442//1257 
f 1443//1258 1441//1257 1442//1257 1444//1258 
f 1445//1259 1443//1258 1444//1258 1446//1259 
f 1447//1260 1445//1259 1446//1259 1448//1260 
f 1449//1261 1447//1260 1448//1260 1450//1261 
f 1451//1262 1449//1261 1450//1261 1452//1262 
f 1453//1263 1451//1262 1452//1262 1454//1263 
f 1455//1264 1453//1263 1454//1263 1456//1264 
f 1457//1265 1455//1264 1456//1264 1458//1265 
f 1459//1266 1457//1265 1458//1265 1460//1266 
f 1461//1267 1459//1266 1460//1266 1462//1267 
f 1463//1268 1461//1267 1462//1267 1464//1268 
f 1465//1269 1463//1268 1464//1268 1466//1269 
f 1467//1270 1465//1269 1466//1269 1468//1270 
f 1469//1271 1467//1270 1468//1270 1470//1271 
f 1471//1272 1469//1271 1470//1271 1472//1272 
f 1473//1273 1471//1272 1472//1272 1474//1273 
f 1475//1274 1473//1273 1474//1273 1476//1274 
f 1477//1275 1475//1274 1476//1274 1478//1275 
f 1479//1276 1477//1275 1478//1275 1480//1276 
f 1481//1277 1479//1276 1480//1276 1482//1277 
f 1483//1278 1481//1277 1482//1277 1484//1278 
f 1485//1279 1483//1278 1484//1278 1486//1279 
f 1487//1280 1485//1279 1486//1279 1488//1280 
f 1489//1281 1487//1280 1488//1280 1490//1281 
f 1491//1282 1489//1281 1490//1281 1492//1282 
f 1493//1282 1491//1282 1492//1282 1494//1282 
f 1495//1283 1493//1282 1494//1282 1496//1283 
f 1497//1284 1495//1283 1496//1283 1498//1284 
f 1499//1285 1497//1284 1498//1284 1500//1285 
f 1501//1286 1499//1285 1500//1285 1502//1286 
f 1503//1287 1501//1286 1502//1286 1504//1287 
f 1505//1288 1503//1287 1504//1287 1506//1288 
f 1507//1289 1505//1288 1506//1288 1508//1289 
f 1509//1290 1507//1289 1508//1289 1510//1290 
f 1511//1291 1509//1290 1510//1290 1512//1291 
f 1513//1292 1511//1291 1512//1291 1514//1292 
f 1515//1293 1513//1292 1514//1292 1516//1293 
f 1517//1294 1515//1293 1516//1293 1518//1294 
f 1519//1295 1517//1294 1518//1294 1520//1295 
f 1521//1296 1519//1295 1520//1295 1522//1296 
f 1523//1297 1521//1296 1522//1296 1524//1297 
f 1525//1298 1523//1297 1524//1297 1526//1298 
f 1527//1299 1525//1298 1526//1298 1528//1299 
f 1529//1300 1527//1299 1528//1299 1530//1300 
f 1531//1301 1529//1300 1530//1300 1532//1301 
f 1533//1302 1531//1301 1532//1301 1534//1302 
f 1535//1303 1533//1302 1534//1302 1536//1303 
f 1537//1304 1535//1303 1536//1303 1538//1304 
f 1539//1305 1537//1304 1538//1304 1540//1305 
f 1541//1306 1539//1305 1540//1305 1542//1306 
f 1543//1307 1541//1306 1542//1306 1544//1307 
f 1545//1308 1543//1307 1544//1307 1546//1308 
f 1547//1309 1545//1308 1546//1308 1548//1309 
f 1549//1310 1547//1309 1548//1309 1550//1310 
f 1551//1311 1549//1310 1550//1310 1552//1311 
f 1553//1312 1551//1311 1552//1311 1554//1312 
f 1555//1313 1553//1312 1554//1312 1556//1313 
f 1557//1314 1555//1313 1556//1313 1558//1314 
f 1559//1315 1557//1314 1558//1314 1560//1315 
f 1561//1316 1559//1315 1560//1315 1562//1316 
f 1563//1317 1561//1316 1562//1316 1564//1317 
f 1565//1318 1563//1317 1564//1317 1566//1318 
f 1567//1319 1565//1318 1566//1318 1568//1319 
f 1569//1320 1567//1319 1568//1319 1570//1320 
f 1571//1321 1569//1320 1570//1320 1572//1321 
f 1573//1322 1571//1321 1572//1321 1574//1322 
f 1575//1323 1573//1322 1574//1322 1576//1323 
f 1577//1324 1575//1323 1576//1323 1578//1324 
f 1579//1325 1577//1324 1578//1324 1580//1325 
f 1581//1326 1579//1325 1580//1325 1582//1326 
f 1583//1327 1581//1326 1582//1326 1584//1327 
f 1585//1328 1583//1327 1584//1327 1586//1328 
f 1587//1329 1585//1328 1586//1328 1588//1329 
f 1589//1330 1587//1329 1588//1329 1590//1330 
f 1591//1331 1589//1330 1590//1330 1592//1331 
f 1593//1332 1591//1331 1592//1331 1594//1332 
f 1595//1333 1593//1332 1594//1332 1596//1333 
f 1597//1334 1595//1333 1596//1333 1598//1334 
f 1599//1335 1597//1334 1598//1334 1600//1335 
f 1601//1336 1599//1335 1600//1335 1602//1336 
f 1603//1337 1601//1336 1602//1336 1604//1337 
f 1605//1338 1603//1337 1604//1337 1606//1338 
f 1607//1339 1605//1338 1606//1338 1608//1339 
f 1609//1340 1607//1339 1608//1339 1610//1340 
f 1611//1341 1609//1340 1610//1340 1612//1341 
f 1613//1342 1611//1341 1612//1341 1614//1342 
f 1615//1343 1613//1342 1614//1342 1616//1343 
f 1616//1343 1617//1344 1618//1345 1619//1345 1620//1345 1621//1345 1615//1343 
f 1622//1346 1623//1347 1624//1347 1625//1346 
f 1626//1348 1622//1346 1625//1346 1627//1348 
f 1628//1349 1626//1348 1627//1348 1629//1349 
f 1630//1350 1628//1349 1629//1349 1631//1350 
f 1632//1351 1630//1350 1631//1350 1633//1351 
f 1634//1352 1632//1351 1633//1351 1635//1352 
f 1636//1353 1634//1352 1635//1352 1637//1353 
f 1638//1354 1636//1353 1637//1353 1639//1354 
f 1640//1355 1638//1354 1639//1354 1641//1355 
f 1642//1356 1640//1355 1641//1355 1643//1356 
f 1644//1357 1642//1356 1643//1356 1645//1357 
f 1646//1358 1644//1357 1645//1357 1647//1358 
f 1648//1359 1646//1358 1647//1358 1649//1359 
f 1650//1360 1648//1359 1649//1359 1651//1361 
f 1652//1362 1650//1360 1651//1361 1653//1363 
f 1654//1364 1652//1362 1653//1363 1655//1365 
f 1656//1366 1654//1364 1655//1365 1657//1367 
f 1658//1368 1656//1366 1657//1367 1659//1369 
f 1660//1370 1658//1368 1659//1369 1661//1371 
f 1662//1372 1660//1370 1661//1371 1663//1373 
f 1664//1374 1662//1372 1663//1373 1665//1374 
f 1666//1375 1664//1374 1665//1374 1667//1375 
f 1668//1376 1666//1375 1667//1375 1669//1376 
f 1670//1377 1668//1376 1669//1376 1671//1377 
f 1672//1378 1670//1377 1671//1377 1673//1378 
f 1674//1379 1672//1378 1673//1378 1675//1379 
f 1676//1380 1674//1379 1675//1379 1677//1380 
f 1678//1381 1676//1380 1677//1380 1679//1381 
f 1680//1382 1678//1381 1679//1381 1681//1382 
f 1682//1383 1680//1382 1681//1382 1683//1383 
f 1684//1384 1682//1383 1683//1383 1685//1384 
f 1686//1385 1684//1384 1685//1384 1687//1385 
f 1688//1386 1686//1385 1687//1385 1689//1386 
f 1690//1387 1688//1386 1689//1386 1691//1387 
f 1692//1388 1690//1387 1691//1387 1693//1388 
f 1694//1389 1692//1388 1693//1388 1695//1389 
f 1696//1390 1694//1389 1695//1389 1697//1390 
f 1698//1391 1696//1390 1697//1390 1699//1391 
f 1700//1392 1698//1391 1699//1391 1701//1392 
f 1702//1393 1700//1392 1701//1392 1703//1393 
f 1704//1394 1702//1393 1703//1393 1705//1394 
f 1706//1395 1704//1394 1705//1394 1707//1395 
f 1708//1396 1706//1395 1707//1395 1709//1396 
f 1710//1397 1708//1396 1709//1396 1711//1397 
f 1712//1398 1710//1397 1711//1397 1713//1398 
f 1714//1399 1712//1398 1713//1398 1715//1399 
f 1716//1400 1714//1399 1715//1399 1717//1400 
f 1718//1401 1716//1400 1717//1400 1719//1401 
f 1720//1402 1718//1401 1719//1401 1721//1402 
f 1722//1403 1720//1402 1721//1402 1723//1403 
f 1724//1404 1722//1403 1723//1403 1725//1404 
s 4
f 1726//1405 1724//1406 1725//1406 1727//1405 
f 1728//1407 1726//1405 1727//1405 1729//1407 
f 1730//1408 1728//1407 1729//1407 1731//1408 
f 1732//1409 1730//1408 1731//1408 1733//1409 
f 1734//1410 1732//1409 1733//1409 1735//1410 
f 1736//1411 1734//1410 1735//1410 1737//1411 
f 1738//1412 1736//1411 1737//1411 1739//1412 
f 1740//1413 1738//1412 1739//1412 1741//1413 
f 1742//1414 1740//1413 1741//1413 1743//1414 
f 1744//1415 1742//1414 1743//1414 1745//1415 
f 1746//1416 1744//1415 1745//1415 1747//1416 
f 1748//1417 1746//1416 1747//1416 1749//1417 
f 1750//1418 1748//1417 1749//1417 1751//1418 
f 1752//1419 1750//1418 1751//1418 1753//1419 
f 1754//1420 1752//1419 1753//1419 1755//1420 
s 5
f 1430//1252 1754//1420 1755//1420 1431//1252 
s 1
f 1756//1251 1757//1252 1430//1252 1429//1251 
s 3
f 1758//1253 1756//1251 1429//1251 1433//1253 
s 2
f 1759//1254 1758//1253 1433//1253 1435//1254 
f 1760//1255 1759//1254 1435//1254 1437//1255 
f 1761//1256 1760//1255 1437//1255 1439//1256 
f 1762//1257 1761//1256 1439//1256 1441//1257 
f 1763//1258 1762//1257 1441//1257 1443//1258 
f 1764//1259 1763//1258 1443//1258 1445//1259 
f 1765//1260 1764//1259 1445//1259 1447//1260 
f 1766//1261 1765//1260 1447//1260 1449//1261 
f 1767//1262 1766//1261 1449//1261 1451//1262 
f 1768//1263 1767//1262 1451//1262 1453//1263 
f 1769//1264 1768//1263 1453//1263 1455//1264 
f 1770//1265 1769//1264 1455//1264 1457//1265 
f 1771//1266 1770//1265 1457//1265 1459//1266 
f 1772//1267 1771//1266 1459//1266 1461//1267 
f 1773//1268 1772//1267 1461//1267 1463//1268 
f 1774//1269 1773//1268 1463//1268 1465//1269 
f 1775//1270 1774//1269 1465//1269 1467//1270 
f 1776//1271 1775//1270 1467//1270 1469//1271 
f 1777//1272 1776//1271 1469//1271 1471//1272 
f 1778//1273 1777//1272 1471//1272 1473//1273 
f 1779//1274 1778//1273 1473//1273 1475//1274 
f 1780//1275 1779//1274 1475//1274 1477//1275 
f 1781//1276 1780//1275 1477//1275 1479//1276 
f 1782//1277 1781//1276 1479//1276 1481//1277 
f 1783//1278 1782//1277 1481//1277 1483//1278 
f 1784//1279 1783//1278 1483//1278 1485//1279 
f 1785//1280 1784//1279 1485//1279 1487//1280 
f 1786//1281 1785//1280 1487//1280 1489//1281 
f 1787//1282 1786//1281 1489//1281 1491//1282 
f 1788//1282 1787//1282 1491//1282 1493//1282 
f 1789//1283 1788//1282 1493//1282 1495//1283 
f 1790//1284 1789//1283 1495//1283 1497//1284 
f 1791//1285 1790//1284 1497//1284 1499//1285 
f 1792//1286 1791//1285 1499//1285 1501//1286 
f 1793//1287 1792//1286 1501//1286 1503//1287 
f 1794//1288 1793//1287 1503//1287 1505//1288 
f 1795//1289 1794//1288 1505//1288 1507//1289 
f 1796//1290 1795//1289 1507//1289 1509//1290 
f 1797//1291 1796//1290 1509//1290 1511//1291 
f 1798//1292 1797//1291 1511//1291 1513//1292 
f 1799//1293 1798//1292 1513//1292 1515//1293 
f 1800//1294 1799//1293 1515//1293 1517//1294 
f 1801//1295 1800//1294 1517//1294 1519//1295 
f 1802//1296 1801//1295 1519//1295 1521//1296 
f 1803//1297 1802//1296 1521//1296 1523//1297 
f 1804//1298 1803//1297 1523//1297 1525//1298 
f 1805//1299 1804//1298 1525//1298 1527//1299 
f 1806//1300 1805//1299 1527//1299 1529//1300 
f 1807//1301 1806//1300 1529//1300 1531//1301 
f 1808//1302 1807//1301 1531//1301 1533//1302 
f 1809//1303 1808//1302 1533//1302 1535//1303 
f 1810//1304 1809//1303 1535//1303 1537//1304 
f 1811//1305 1810//1304 1537//1304 1539//1305 
f 1812//1306 1811//1305 1539//1305 1541//1306 
f 1813//1307 1812//1306 1541//1306 1543//1307 
f 1814//1308 1813//1307 1543//1307 1545//1308 
f 1815//1309 1814//1308 1545//1308 1547//1309 
f 1816//1310 1815//1309 1547//1309 1549//1310 
f 1817//1311 1816//1310 1549//1310 1551//1311 
f 1818//1312 1817//1311 1551//1311 1553//1312 
f 1819//1313 1818//1312 1553//1312 1555//1313 
f 1820//1314 1819//1313 1555//1313 1557//1314 
f 1821//1315 1820//1314 1557//1314 1559//1315 
f 1822//1316 1821//1315 1559//1315 1561//1316 
f 1823//1317 1822//1316 1561//1316 1563//1317 
f 1824//1318 1823//1317 1563//1317 1565//1318 
f 1825//1319 1824//1318 1565//1318 1567//1319 
f 1826//1320 1825//1319 1567//1319 1569//1320 
f 1827//1321 1826//1320 1569//1320 1571//1321 
f 1828//1322 1827//1321 1571//1321 1573//1322 
f 1829//1323 1828//1322 1573//1322 1575//1323 
f 1830//1324 1829//1323 1575//1323 1577//1324 
f 1831//1325 1830//1324 1577//1324 1579//1325 
f 1832//1326 1831//1325 1579//1325 1581//1326 
f 1833//1327 1832//1326 1581//1326 1583//1327 
f 1834//1328 1833//1327 1583//1327 1585//1328 
f 1835//1329 1834//1328 1585//1328 1587//1329 
f 1836//1330 1835//1329 1587//1329 1589//1330 
f 1837//1331 1836//1330 1589//1330 1591//1331 
f 1838//1332 1837//1331 1591//1331 1593//1332 
f 1839//1333 1838//1332 1593//1332 1595//1333 
f 1840//1334 1839//1333 1595//1333 1597//1334 
f 1841//1335 1840//1334 1597//1334 1599//1335 
f 1842//1336 1841//1335 1599//1335 1601//1336 
f 1843//1337 1842//1336 1601//1336 1603//1337 
f 1844//1338 1843//1337 1603//1337 1605//1338 
f 1845//1339 1844//1338 1605//1338 1607//1339 
f 1846//1340 1845//1339 1607//1339 1609//1340 
f 1847//1341 1846//1340 1609//1340 1611//1341 
f 1848//1342 1847//1341 1611//1341 1613//1342 
f 1849//1343 1848//1342 1613//1342 1615//1343 
f 1621//1345 1850//1345 1851//1345 1852//1421 1853//1345 1849//1343 1615//1343 
f 1854//1347 1855//1422 1856//1422 1857//1423 1858//1423 1859//1424 1623//1347 
f 1860//1346 1854//1347 1623//1347 1622//1346 
f 1861//1348 1860//1346 1622//1346 1626//1348 
f 1862//1349 1861//1348 1626//1348 1628//1349 
f 1863//1350 1862//1349 1628//1349 1630//1350 
f 1864//1351 1863//1350 1630//1350 1632//1351 
f 1865//1352 1864//1351 1632//1351 1634//1352 
f 1866//1353 1865//1352 1634//1352 1636//1353 
f 1867//1354 1866//1353 1636//1353 1638//1354 
f 1868//1355 1867//1354 1638//1354 1640//1355 
f 1869//1356 1868//1355 1640//1355 1642//1356 
f 1870//1357 1869//1356 1642//1356 1644//1357 
f 1871//1358 1870//1357 1644//1357 1646//1358 
f 1872//1359 1871//1358 1646//1358 1648//1359 
f 1873//1361 1872//1359 1648//1359 1650//1360 
f 1874//1363 1873//1361 1650//1360 1652//1362 
f 1875//1365 1874//1363 1652//1362 1654//1364 
f 1876//1367 1875//1365 1654//1364 1656//1366 
f 1877//1369 1876//1367 1656//1366 1658//1368 
f 1878//1371 1877//1369 1658//1368 1660//1370 
f 1879//1373 1878//1371 1660//1370 1662//1372 
f 1880//1374 1879//1373 1662//1372 1664//1374 
f 1881//1375 1880//1374 1664//1374 1666//1375 
f 1882//1376 1881//1375 1666//1375 1668//1376 
f 1883//1377 1882//1376 1668//1376 1670//1377 
f 1884//1378 1883//1377 1670//1377 1672//1378 
f 1885//1379 1884//1378 1672//1378 1674//1379 
f 1886//1380 1885//1379 1674//1379 1676//1380 
f 1887//1381 1886//1380 1676//1380 1678//1381 
f 1888//1382 1887//1381 1678//1381 1680//1382 
f 1889//1383 1888//1382 1680//1382 1682//1383 
f 1890//1384 1889//1383 1682//1383 1684//1384 
f 1891//1385 1890//1384 1684//1384 1686//1385 
f 1892//1386 1891//1385 1686//1385 1688//1386 
f 1893//1387 1892//1386 1688//1386 1690//1387 
f 1894//1388 1893//1387 1690//1387 1692//1388 
f 1895//1389 1894//1388 1692//1388 1694//1389 
f 1896//1390 1895//1389 1694//1389 1696//1390 
f 1897//1391 1896//1390 1696//1390 1698//1391 
f 1898//1392 1897//1391 1698//1391 1700//1392 
f 1899//1393 1898//1392 1700//1392 1702//1393 
f 1900//1394 1899//1393 1702//1393 1704//1394 
f 1901//1395 1900//1394 1704//1394 1706//1395 
f 1902//1396 1901//1395 1706//1395 1708//1396 
f 1903//1397 1902//1396 1708//1396 1710//1397 
f 1904//1398 1903//1397 1710//1397 1712//1398 
f 1905//1399 1904//1398 1712//1398 1714//1399 
f 1906//1400 1905//1399 1714//1399 1716//1400 
f 1907//1401 1906//1400 1716//1400 1718//1401 
f 1908//1402 1907//1401 1718//1401 1720//1402 
f 1909//1403 1908//1402 1720//1402 1722//1403 
f 1910//1404 1909//1403 1722//1403 1724//1404 
s 4
f 1911//1405 1910//1406 1724//1406 1726//1405 
f 1912//1407 1911//1405 1726//1405 1728//1407 
f 1913//1408 1912//1407 1728//1407 1730//1408 
f 1914//1409 1913//1408 1730//1408 1732//1409 
f 1915//1410 1914//1409 1732//1409 1734//1410 
f 1916//1411 1915//1410 1734//1410 1736//1411 
f 1917//1412 1916//1411 1736//1411 1738//1412 
f 1918//1413 1917//1412 1738//1412 1740//1413 
f 1919//1414 1918//1413 1740//1413 1742//1414 
f 1920//1415 1919//1414 1742//1414 1744//1415 
f 1921//1416 1920//1415 1744//1415 1746//1416 
f 1922//1417 1921//1416 1746//1416 1748//1417 
f 1923//1418 1922//1417 1748//1417 1750//1418 
f 1924//1419 1923//1418 1750//1418 1752//1419 
f 1925//1420 1924//1419 1752//1419 1754//1420 
s 5
f 1757//1252 1925//1420 1754//1420 1430//1252 
s 1
f 1926//1425 1648//1426 1649//1426 1927//1425 
s 3
f 1928//1427 1926//1425 1927//1425 1929//1427 
s 2
f 1930//1428 1928//1427 1929//1427 1931//1428 
f 1932//1429 1930//1428 1931//1428 1933//1429 
f 1934//1430 1932//1429 1933//1429 1935//1430 
f 1936//1431 1934//1430 1935//1430 1937//1431 
f 1938//1432 1936//1431 1937//1431 1939//1432 
f 1940//1433 1938//1432 1939//1432 1941//1433 
f 1942//1434 1940//1433 1941//1433 1943//1434 
f 1944//1435 1942//1434 1943//1434 1945//1435 
f 1946//1436 1944//1435 1945//1435 1947//1436 
f 1948//1437 1946//1436 1947//1436 1949//1437 
f 1950//1438 1948//1437 1949//1437 1951//1438 
f 1952//1439 1950//1438 1951//1438 1953//1439 
f 1954//1440 1952//1439 1953//1439 1955//1440 
f 1956//1441 1954//1440 1955//1440 1957//1441 
f 1958//1442 1956//1441 1957//1441 1959//1442 
f 1960//1443 1958//1442 1959//1442 1961//1443 
f 1962//1444 1960//1443 1961//1443 1963//1444 
f 1964//1445 1962//1444 1963//1444 1965//1445 
f 1966//1446 1964//1445 1965//1445 1967//1446 
f 1968//1447 1966//1446 1967//1446 1969//1447 
f 1970//1448 1968//1447 1969//1447 1971//1448 
f 1972//1449 1970//1448 1971//1448 1973//1449 
f 1974//1450 1972//1449 1973//1449 1975//1450 
f 1976//1451 1974//1450 1975//1450 1977//1451 
f 1978//1452 1976//1451 1977//1451 1979//1452 
f 1726//1453 1978//1452 1979//1452 1727//1453 
s 1
f 1980//1425 1872//1426 1648//1426 1926//1425 
s 3
f 1981//1427 1980//1425 1926//1425 1928//1427 
s 2
f 1982//1428 1981//1427 1928//1427 1930//1428 
f 1983//1429 1982//1428 1930//1428 1932//1429 
f 1984//1430 1983//1429 1932//1429 1934//1430 
f 1985//1431 1984//1430 1934//1430 1936//1431 
f 1986//1432 1985//1431 1936//1431 1938//1432 
f 1987//1433 1986//1432 1938//1432 1940//1433 
f 1988//1434 1987//1433 1940//1433 1942//1434 
f 1989//1435 1988//1434 1942//1434 1944//1435 
f 1990//1436 1989//1435 1944//1435 1946//1436 
f 1991//1437 1990//1436 1946//1436 1948//1437 
f 1992//1438 1991//1437 1948//1437 1950//1438 
f 1993//1439 1992//1438 1950//1438 1952//1439 
f 1994//1440 1993//1439 1952//1439 1954//1440 
f 1995//1441 1994//1440 1954//1440 1956//1441 
f 1996//1442 1995//1441 1956//1441 1958//1442 
f 1997//1443 1996//1442 1958//1442 1960//1443 
f 1998//1444 1997//1443 1960//1443 1962//1444 
f 1999//1445 1998//1444 1962//1444 1964//1445 
f 2000//1446 1999//1445 1964//1445 1966//1446 
f 2001//1447 2000//1446 1966//1446 1968//1447 
f 2002//1448 2001//1447 1968//1447 1970//1448 
f 2003//1449 2002//1448 1970//1448 1972//1449 
f 2004//1450 2003//1449 1972//1449 1974//1450 
f 2005//1451 2004//1450 1974//1450 1976//1451 
f 2006//1452 2005//1451 1976//1451 1978//1452 
f 1911//1453 2006//1452 1978//1452 1726//1453 
s 16
f 1727//1454 1725//1455 1723//1456 1721//1457 1719//1458 1717//1459 1715//1460 1713//1461 1711//1462 1709//1463 1707//1464 1705//1465 1703//1466 1701//1467 1699//1468 1697//1469 1695//1470 1693//1471 1691//1472 1689//1473 1687//1474 1685//1475 1683//1476 1681//1477 1679//1477 1677//1478 1675//1479 1673//1480 1671//1481 1669//1482 1667//1483 1665//1484 1663//1485 1661//1486 1659//1487 1657//1488 1655//1489 1653//1490 1651//1491 1649//1492 1647//1493 1645//1493 1643//1493 1641//1493 1639//1493 1637//1493 1635//1493 1633//1493 1631//1493 1629//1493 1627//1493 1625//1493 1624//1493 2007//1494 2008//1495 2009//1493 2010//1496 2011//1497 2012//1497 2013//1497 2014//1498 2015//1499 2016//1500 2017//1494 2018//1494 2019//1494 2020//1501 2021//1501 2022//1501 2023//1501 2024//1493 2025//1493 2026//1493 2027//1493 2028//1493 2029//1493 2030//1493 2031//1493 2032//1493 2033//1493 2034//1493 2035//1502 1617//1502 1616//1493 1614//1493 1612//1493 1610//1493 1608//1493 1606//1493 1604//1493 1602//1493 1600//1493 1598//1493 1596//1493 1594//1493 1592//1493 1590//1493 1588//1493 1586//1493 1584//1493 1582//1493 1580//1493 1578//1493 1576//1493 1574//1493 1572//1493 1570//1493 1568//1493 1566//1493 1564//1493 1562//1493 1560//1493 1558//1493 1556//1493 1554//1493 1552//1493 1550//1493 1548//1493 1546//1493 1544//1493 1542//1493 1540//1493 1538//1493 1536//1493 1534//1493 1532//1493 1530//1493 1528//1493 1526//1493 1524//1493 1522//1493 1520//1493 1518//1493 1516//1493 1514//1493 1512//1493 1510//1493 1508//1493 1506//1493 1504//1493 1502//1493 1500//1493 1498//1493 1496//1493 1494//1493 1492//1493 1490//1493 1488//1493 1486//1493 1484//1493 1482//1493 1480//1493 1478//1493 1476//1493 1474//1493 1472//1493 1470//1493 1468//1493 1466//1493 1464//1493 1462//1493 1460//1493 1458//1493 1456//1493 1454//1493 1452//1493 1450//1493 1448//1493 1446//1493 1444//1493 1442//1493 1440//1493 1438//1493 1436//1493 1434//1493 1432//1493 1431//1493 1755//1493 1753//1493 1751//1493 1749//1496 1747//1503 1745//1504 1743//1505 1741//1506 1739//1507 1737//1508 1735//1509 1733//1509 1731//1510 1729//1511 
s off
f 2036//1512 2037//1512 1621//1512 1620//1512 
f 2038//1513 2039//1513 2037//1513 2036//1513 
f 2040//1514 2041//1514 2039//1514 2038//1514 
f 2042//1515 2043//1515 2041//1515 2040//1515 
f 2044//1516 2045//1516 2043//1516 2042//1516 
f 2046//1517 2047//1517 2045//1517 2044//1517 
f 2048//1518 2049//1518 2047//1518 2046//1518 
f 2050//1519 2051//1519 2049//1519 2048//1519 
f 2052//1520 2053//1520 2051//1520 2050//1520 
f 2054//1521 2055//1521 2053//1521 2052//1521 
f 2056//1522 2057//1522 2055//1522 2054//1522 
f 2058//1523 2059//1523 2057//1523 2056//1523 
f 2060//1524 2061//1524 2059//1524 2058//1524 
f 2062//1525 2063//1525 2061//1525 2060//1525 
f 2064//1526 2065//1526 2063//1526 2062//1526 
f 2066//1527 2067//1527 2065//1527 2064//1527 
f 2068//1528 2069//1528 2067//1528 2066//1528 
f 2070//1529 2071//1529 2069//1529 2068//1529 
f 2072//1530 2073//1530 2071//1530 2070//1530 
f 2074//1531 2075//1531 2073//1531 2072//1531 
f 2076//1532 2077//1532 2075//1532 2074//1532 
f 2078//1533 2079//1533 2077//1533 2076//1533 
f 2080//1534 2081//1534 2079//1534 2078//1534 
f 2082//1535 2083//1535 2081//1535 2080//1535 
f 2084//1536 2085//1536 2083//1536 2082//1536 
f 2086//1537 2087//1537 2085//1537 2084//1537 
f 2088//1538 2089//1538 2087//1538 2086//1538 
f 2090//1539 2091//1539 2089//1539 2088//1539 
s 2
f 2007//1423 1624//1347 1623//1347 1859//1424 2091//1540 2090//1541 2092//1542 2093//1543 2094//1423 
s off
f 1850//1544 1621//1544 2037//1544 2095//1544 
f 2095//1545 2037//1545 2039//1545 2096//1545 
f 2096//1546 2039//1546 2041//1546 2097//1546 
f 2097//1547 2041//1547 2043//1547 2098//1547 
f 2098//1548 2043//1548 2045//1548 2099//1548 
f 2099//1549 2045//1549 2047//1549 2100//1549 
f 2100//1550 2047//1550 2049//1550 2101//1550 
f 2101//1551 2049//1551 2051//1551 2102//1551 
f 2102//1552 2051//1552 2053//1552 2103//1552 
f 2103//1553 2053//1553 2055//1553 2104//1553 
f 2104//1554 2055//1554 2057//1554 2105//1554 
f 2105//1555 2057//1555 2059//1555 2106//1555 
f 2106//1556 2059//1556 2061//1556 2107//1556 
f 2107//1557 2061//1557 2063//1557 2108//1557 
f 2108//1558 2063//1558 2065//1558 2109//1558 
f 2109//1559 2065//1559 2067//1559 2110//1559 
f 2110//1560 2067//1560 2069//1560 2111//1560 
f 2111//1561 2069//1561 2071//1561 2112//1561 
f 2112//1562 2071//1562 2073//1562 2113//1562 
f 2113//1563 2073//1563 2075//1563 2114//1563 
f 2114//1564 2075//1564 2077//1564 2115//1564 
f 2115//1565 2077//1565 2079//1565 2116//1565 
f 2116//1566 2079//1566 2081//1566 2117//1566 
f 2117//1567 2081//1567 2083//1567 2118//1567 
f 2118//1568 2083//1568 2085//1568 2119//1568 
f 2119//1569 2085//1569 2087//1569 2120//1569 
f 2120//1570 2087//1570 2089//1570 2121//1570 
f 2121//1571 2089//1571 2091//1571 2122//1571 
f 2122//1572 2091//1572 1859//1572 1858//1572 
f 2123//1573 2036//1573 1620//1573 1619//1573 
f 2124//1574 2123//1574 1619//1574 1618//1574 
f 2035//1575 2124//1575 1618//1575 1617//1575 
f 2125//1576 2038//1576 2036//1576 2123//1576 
f 2126//1577 2125//1577 2123//1577 2124//1577 
f 2034//1578 2126//1578 2124//1578 2035//1578 
f 2127//1579 2040//1579 2038//1579 2125//1579 
f 2128//1580 2127//1580 2125//1580 2126//1580 
f 2033//1581 2128//1581 2126//1581 2034//1581 
f 2129//1582 2042//1582 2040//1582 2127//1582 
f 2130//1583 2129//1583 2127//1583 2128//1583 
f 2032//1584 2130//1584 2128//1584 2033//1584 
f 2131//1585 2044//1585 2042//1585 2129//1585 
f 2132//1586 2131//1586 2129//1586 2130//1586 
f 2031//1587 2132//1587 2130//1587 2032//1587 
f 2133//1588 2046//1588 2044//1588 2131//1588 
f 2134//1589 2133//1589 2131//1589 2132//1589 
f 2030//1590 2134//1590 2132//1590 2031//1590 
f 2135//1591 2048//1591 2046//1591 2133//1591 
f 2136//1592 2135//1592 2133//1592 2134//1592 
f 2029//1593 2136//1593 2134//1593 2030//1593 
f 2137//1594 2050//1594 2048//1594 2135//1594 
f 2138//1595 2137//1595 2135//1595 2136//1595 
f 2028//1596 2138//1596 2136//1596 2029//1596 
f 2139//1597 2052//1597 2050//1597 2137//1597 
f 2140//1598 2139//1598 2137//1598 2138//1598 
f 2027//1599 2140//1599 2138//1599 2028//1599 
f 2141//1600 2054//1600 2052//1600 2139//1600 
f 2142//1601 2141//1601 2139//1601 2140//1601 
f 2026//1602 2142//1602 2140//1602 2027//1602 
f 2143//1603 2056//1603 2054//1603 2141//1603 
f 2144//1604 2143//1604 2141//1604 2142//1604 
f 2025//1605 2144//1605 2142//1605 2026//1605 
f 2145//1606 2058//1606 2056//1606 2143//1606 
f 2146//1607 2145//1607 2143//1607 2144//1607 
f 2024//1608 2146//1608 2144//1608 2025//1608 
f 2147//1609 2060//1609 2058//1609 2145//1609 
f 2148//1610 2147//1610 2145//1610 2146//1610 
f 2023//1611 2148//1611 2146//1611 2024//1611 
f 2149//1612 2062//1612 2060//1612 2147//1612 
f 2150//1613 2149//1613 2147//1613 2148//1613 
f 2022//1614 2150//1614 2148//1614 2023//1614 
f 2151//1615 2064//1615 2062//1615 2149//1615 
f 2152//1616 2151//1616 2149//1616 2150//1616 
f 2021//1617 2152//1617 2150//1617 2022//1617 
f 2153//1618 2066//1618 2064//1618 2151//1618 
f 2154//1619 2153//1619 2151//1619 2152//1619 
f 2020//1620 2154//1620 2152//1620 2021//1620 
f 2155//1621 2068//1621 2066//1621 2153//1621 
f 2156//1622 2155//1622 2153//1622 2154//1622 
f 2019//1623 2156//1623 2154//1623 2020//1623 
f 2157//1624 2070//1624 2068//1624 2155//1624 
f 2158//1625 2157//1625 2155//1625 2156//1625 
f 2018//1626 2158//1626 2156//1626 2019//1626 
f 2159//1627 2072//1627 2070//1627 2157//1627 
f 2160//1628 2159//1628 2157//1628 2158//1628 
f 2017//1629 2160//1629 2158//1629 2018//1629 
f 2161//1630 2074//1630 2072//1630 2159//1630 
f 2162//1631 2161//1631 2159//1631 2160//1631 
f 2016//1632 2162//1632 2160//1632 2017//1632 
f 2163//1633 2076//1633 2074//1633 2161//1633 
f 2164//1634 2163//1634 2161//1634 2162//1634 
f 2015//1635 2164//1635 2162//1635 2016//1635 
f 2165//1636 2078//1636 2076//1636 2163//1636 
f 2166//1637 2165//1637 2163//1637 2164//1637 
f 2014//1638 2166//1638 2164//1638 2015//1638 
f 2167//1639 2080//1639 2078//1639 2165//1639 
f 2168//1640 2167//1640 2165//1640 2166//1640 
f 2013//1641 2168//1641 2166//1641 2014//1641 
f 2169//1642 2082//1642 2080//1642 2167//1642 
f 2170//1643 2169//1643 2167//1643 2168//1643 
f 2012//1644 2170//1644 2168//1644 2013//1644 
f 2171//1645 2084//1645 2082//1645 2169//1645 
f 2172//1646 2171//1646 2169//1646 2170//1646 
f 2011//1647 2172//1647 2170//1647 2012//1647 
f 2173//1648 2086//1648 2084//1648 2171//1648 
f 2174//1649 2173//1649 2171//1649 2172//1649 
f 2010//1650 2174//1650 2172//1650 2011//1650 
f 2175//1651 2088//1651 2086//1651 2173//1651 
f 2176//1652 2175//1652 2173//1652 2174//1652 
f 2009//1653 2176//1653 2174//1653 2010//1653 
f 2177//1654 2090//1654 2088//1654 2175//1654 
f 2178//1655 2177//1655 2175//1655 2176//1655 
f 2008//1656 2178//1656 2176//1656 2009//1656 
f 2093//1657 2092//1657 2090//1657 2177//1657 
f 2094//1658 2093//1658 2177//1658 2178//1658 
f 2007//1659 2094//1659 2178//1659 2008//1659 
f 1851//1660 1850//1660 2095//1660 2179//1660 
f 1852//1661 1851//1661 2179//1661 2180//1661 
f 1853//1662 1852//1662 2180//1662 2181//1662 
f 2179//1663 2095//1663 2096//1663 2182//1663 
f 2180//1664 2179//1664 2182//1664 2183//1664 
f 2181//1665 2180//1665 2183//1665 2184//1665 
f 2182//1666 2096//1666 2097//1666 2185//1666 
f 2183//1667 2182//1667 2185//1667 2186//1667 
f 2185//1668 2097//1668 2098//1668 2187//1668 
f 2186//1669 2185//1669 2187//1669 2188//1669 
f 2189//1670 2186//1670 2188//1670 2190//1670 
f 2187//1671 2098//1671 2099//1671 2191//1671 
f 2188//1672 2187//1672 2191//1672 2192//1672 
f 2191//1673 2099//1673 2100//1673 2193//1673 
f 2192//1674 2191//1674 2193//1674 2194//1674 
f 2195//1675 2192//1675 2194//1675 2196//1675 
f 2193//1676 2100//1676 2101//1676 2197//1676 
f 2194//1677 2193//1677 2197//1677 2198//1677 
f 2197//1678 2101//1678 2102//1678 2199//1678 
f 2198//1679 2197//1679 2199//1679 2200//1679 
f 2200//1680 2201//1680 2202//1680 2198//1680 
f 2199//1681 2102//1681 2103//1681 2203//1681 
f 2200//1682 2199//1682 2203//1682 2204//1682 
f 2203//1683 2103//1683 2104//1683 2205//1683 
f 2204//1684 2203//1684 2205//1684 2206//1684 
f 2207//1685 2204//1685 2206//1685 2208//1685 
f 2205//1686 2104//1686 2105//1686 2209//1686 
f 2206//1687 2205//1687 2209//1687 2210//1687 
f 2210//1688 2211//1688 2208//1688 2206//1688 
f 2209//1689 2105//1689 2106//1689 2212//1689 
f 2210//1690 2209//1690 2212//1690 2213//1690 
f 2211//1691 2210//1691 2213//1691 2214//1691 
f 2212//1692 2106//1692 2107//1692 2215//1692 
f 2213//1693 2212//1693 2215//1693 2216//1693 
f 2214//1694 2213//1694 2216//1694 2217//1694 
f 2215//1695 2107//1695 2108//1695 2218//1695 
f 2216//1696 2215//1696 2218//1696 2219//1696 
f 2217//1697 2216//1697 2219//1697 2220//1697 
f 2218//1698 2108//1698 2109//1698 2221//1698 
f 2219//1699 2218//1699 2221//1699 2222//1699 
f 2220//1700 2219//1700 2222//1700 2223//1700 
f 2221//1701 2109//1701 2110//1701 2224//1701 
f 2222//1702 2221//1702 2224//1702 2225//1702 
f 2223//1703 2222//1703 2225//1703 2226//1703 
f 2224//1704 2110//1704 2111//1704 2227//1704 
f 2225//1705 2224//1705 2227//1705 2228//1705 
f 2226//1706 2225//1706 2228//1706 2229//1706 
f 2227//1707 2111//1707 2112//1707 2230//1707 
f 2228//1708 2227//1708 2230//1708 2231//1708 
f 2229//1709 2228//1709 2231//1709 2232//1709 
f 2230//1710 2112//1710 2113//1710 2233//1710 
f 2231//1711 2230//1711 2233//1711 2234//1711 
f 2232//1712 2231//1712 2234//1712 2235//1712 
f 2233//1713 2113//1713 2114//1713 2236//1713 
f 2234//1714 2233//1714 2236//1714 2237//1714 
f 2235//1715 2234//1715 2237//1715 2238//1715 
f 2236//1716 2114//1716 2115//1716 2239//1716 
f 2237//1717 2236//1717 2239//1717 2240//1717 
f 2238//1718 2237//1718 2240//1718 2241//1718 
f 2239//1719 2115//1719 2116//1719 2242//1719 
f 2240//1720 2239//1720 2242//1720 2243//1720 
f 2241//1721 2240//1721 2243//1721 2244//1721 
f 2242//1722 2116//1722 2117//1722 2245//1722 
f 2243//1723 2242//1723 2245//1723 2246//1723 
f 2244//1724 2243//1724 2246//1724 2247//1724 
f 2245//1725 2117//1725 2118//1725 2248//1725 
f 2246//1726 2245//1726 2248//1726 2249//1726 
f 2247//1727 2246//1727 2249//1727 2250//1727 
f 2248//1728 2118//1728 2119//1728 2251//1728 
f 2249//1729 2248//1729 2251//1729 2252//1729 
f 2250//1730 2249//1730 2252//1730 2253//1730 
f 2251//1731 2119//1731 2120//1731 2254//1731 
f 2252//1732 2251//1732 2254//1732 2255//1732 
f 2253//1733 2252//1733 2255//1733 2256//1733 
f 2254//1734 2120//1734 2121//1734 2257//1734 
f 2255//1735 2254//1735 2257//1735 2258//1735 
f 2256//1736 2255//1736 2258//1736 2259//1736 
f 2257//1737 2121//1737 2122//1737 2260//1737 
f 2258//1738 2257//1738 2260//1738 2261//1738 
f 2259//1739 2258//1739 2261//1739 2262//1739 
f 2260//1740 2122//1740 1858//1740 1857//1740 
f 2261//1741 2260//1741 1857//1741 1856//1741 
f 2262//1742 2261//1742 1856//1742 1855//1742 
f 2204//1743 2207//1743 2201//1743 2200//1743 
f 2198//1744 2202//1744 2196//1744 2194//1744 
f 2192//1745 2195//1745 2190//1745 2188//1745 
f 2186//1746 2189//1746 2184//1746 2183//1746 
usemtl Material__6
s 16
f 2263//1497 2264//1493 2265//1747 2266//1748 2267//1749 2268//1747 2269//1750 2270//1751 2271//1749 2272//1751 2273//1750 2274//1751 2275//1752 2276//1753 2277//1754 2278//1747 2279//1747 2280//1755 2281//1756 2282//1757 2283//1758 2284//1759 2285//1747 2286//1760 2287//1761 2288//1749 2289//1762 2290//1751 2291//1759 2292//1759 2293//1747 2294//1747 2295//1751 2296//1763 2297//1764 2298//1765 2299//1751 2300//1747 2301//1747 2302//1747 2303//1759 2304//1751 2305//1759 2306//1747 2307//1759 2308//1756 2309//1751 2310//1766 2311//1767 2312//1768 2313//1755 2314//1760 2315//1759 2316//1747 2317//1747 2318//1756 2319//1755 2320//1756 2321//1749 2322//1759 2323//1747 2324//1749 2325//1769 2326//1770 2327//1760 2328//1751 2329//1747 2330//1747 2331//1747 2332//1747 2333//1747 2334//1747 2335//1749 2336//1755 2337//1755 2338//1759 2339//1771 2340//1772 2341//1755 2342//1747 2343//1773 2344//1774 2345//1761 2346//1775 2346//1776 2347//1747 2348//1749 2349//1747 2350//1747 2351//1747 2352//1749 2353//1751 2354//1747 2355//1751 2356//1747 2357//1751 2358//1747 2359//1747 2360//1777 2361//1756 2362//1751 2363//1778 2364//1747 2365//1749 2366//1751 2367//1755 2368//1779 2369//1763 2370//1780 2371//1771 2372//1781 2373//1782 2374//1783 2375//1779 2376//1784 2377//1762 2378//1768 2379//1785 2380//1769 2381//1777 2382//1747 2383//1747 2384//1786 2385//1787 2386//1788 2387//1747 2388//1751 2389//1755 2390//1759 2391//1759 2392//1749 2393//1749 2394//1749 2395//1749 2396//1747 2397//1751 2398//1747 2399//1747 2400//1751 2401//1747 2402//1747 2403//1747 2404//1747 2405//1747 2406//1749 2407//1751 2408//1789 2409//1790 2410//1791 2411//1759 2412//1762 2413//1747 2414//1751 2415//1792 2416//1783 2417//1747 2418//1747 2419//1749 2420//1756 2421//1793 2422//1794 2423//1747 2424//1747 2425//1755 2426//1783 2427//1778 2428//1749 2429//1747 2430//1766 2431//1794 2432//1747 2433//1751 2434//1747 2435//1759 2436//1747 2437//1749 2438//1749 2439//1749 2440//1756 2441//1759 2442//1747 2443//1747 2444//1751 2445//1760 2446//1760 2447//1747 2448//1747 2449//1747 2450//1747 2451//1749 2452//1795 2453//1796 2454//1747 2455//1747 2456//1749 2457//1749 2458//1747 2459//1747 2460//1747 2461//1747 2462//1747 2463//1747 2464//1747 2465//1747 2466//1749 2467//1747 2468//1747 2469//1747 2470//1747 2471//1747 2472//1747 2473//1747 2474//1751 2475//1797 2476//1759 2477//1751 2478//1749 2479//1747 2480//1759 2481//1798 2482//1747 2483//1747 2484//1747 2485//1747 2486//1798 2487//1756 2488//1798 2489//1747 2490//1759 2491//1747 2492//1759 2493//1799 2494//1751 2495//1747 2496//1747 2497//1747 2498//1777 2499//1800 2500//1747 2501//1762 2502//1801 2503//1802 2504//1803 2505//1751 2506//1493 2507//1493 2508//1493 2509//1493 2510//1777 2511//1804 2512//1805 2513//1747 2514//1747 2515//1747 2516//1747 2517//1747 2518//1756 2519//1806 2520//1797 2521//1747 2522//1747 2523//1749 2524//1747 2525//1747 2526//1751 2527//1751 2528//1747 2529//1756 2530//1759 2531//1807 2532//1808 2533//1809 2534//1755 2535//1760 2536//1763 2537//1752 2538//1756 2539//1756 2540//1751 2541//1809 2542//1810 2543//1747 2544//1747 2545//1749 2546//1749 2547//1749 2547//1749 2548//1747 2549//1747 2550//1747 2551//1747 2552//1747 2553//1747 2554//1811 2555//1812 2556//1747 2557//1747 2558//1747 2559//1747 2560//1747 2561//1747 2562//1747 2563//1756 2564//1747 2565//1747 2566//1749 2567//1747 2568//1747 2569//1747 2570//1747 2571//1747 2572//1747 2573//1813 2574//1747 2575//1756 2576//1747 2577//1747 2578//1747 2579//1775 2580//1798 2581//1747 2582//1747 2583//1747 2584//1814 2585//1760 2586//1778 2587//1815 2588//1798 2589//1751 2590//1751 2591//1749 2592//1751 2593//1778 2594//1751 2595//1816 2596//1798 2597//1751 2598//1755 2599//1812 2600//1813 2601//1756 2602//1798 2603//1817 2604//1752 2605//1747 2606//1747 2607//1760 2608//1818 2609//1751 2610//1747 2611//1747 2612//1747 2613//1755 2614//1816 2615//1760 2616//1747 2617//1747 2618//1747 2619//1819 2620//1755 2621//1747 2622//1760 2623//1756 2624//1820 2625//1794 2626//1751 2627//1751 2628//1749 2629//1751 2630//1747 2631//1747 2632//1747 2633//1747 2634//1749 2635//1749 2636//1747 2637//1747 2638//1747 2639//1747 2640//1751 2641//1799 2642//1747 2643//1749 2644//1747 2645//1747 2646//1747 2647//1751 2648//1747 2649//1747 2650//1749 2651//1747 2652//1821 2653//1747 2654//1799 2655//1749 2656//1747 2657//1747 2658//1747 2659//1747 2660//1777 2661//1747 2662//1747 2663//1747 2664//1759 2665//1759 2666//1747 2667//1747 2668//1747 2669//1747 2670//1747 2671//1751 2672//1822 2673//1747 2674//1751 2675//1798 2676//1749 2677//1747 2678//1747 2679//1751 2680//1749 2681//1751 2682//1751 2683//1756 2684//1823 2685//1824 2686//1751 2687//1760 2688//1747 2689//1747 2690//1749 2691//1747 2692//1775 2693//1794 2694//1747 2695//1747 2696//1749 2697//1749 2698//1747 2699//1747 2700//1747 2701//1749 2702//1747 2703//1747 2704//1747 2705//1749 2706//1747 2707//1759 2708//1747 2709//1747 2710//1747 2711//1747 2712//1747 2713//1747 2714//1749 2715//1749 2716//1747 2717//1747 2718//1747 2719//1747 2720//1747 2721//1825 2722//1824 2723//1747 2724//1749 2725//1749 2726//1747 2727//1747 2728//1747 2729//1747 2730//1747 2731//1759 2732//1756 2733//1749 2734//1749 2735//1747 2736//1747 2737//1747 2738//1747 2739//1749 2740//1747 2741//1760 2742//1755 2743//1760 2744//1826 2745//1760 2746//1755 2747//1747 2748//1752 2749//1827 2750//1755 2751//1747 2752//1749 2753//1749 2754//1747 2755//1747 2756//1747 2757//1751 2758//1755 2759//1747 2760//1749 2761//1747 2762//1747 2763//1747 2764//1749 2765//1747 2766//1747 2767//1747 2768//1751 2769//1756 2770//1790 2771//1828 2772//1751 2773//1756 2774//1794 2775//1755 2776//1829 2777//1830 2778//1831 2779//1832 2780//1775 2781//1833 2782//1834 2783//1835 2784//1783 2785//1766 2786//1756 2787//1836 2788//1837 2789//1760 2790//1759 2791//1747 2792//1751 2793//1838 2794//1778 2795//1778 2796//1839 2797//1840 2798//1841 2799//1747 2800//1760 2801//1842 2802//1843 2803//1497 2804//1844 2805//1759 2806//1747 2807//1794 2808//1756 2809//1747 2810//1747 2811//1747 2812//1497 2813//1497 2814//1497 2815//1845 2816//1497 2817//1497 2818//1846 2819//1497 2820//1497 2821//1497 2822//1749 2823//1747 2824//1747 2825//1847 2826//1848 2827//1849 2828//1850 2829//1749 2830//1497 2831//1845 2832//1497 2833//1851 2834//1852 2835//1853 2836//1854 2837//1855 2838//1856 2839//1857 2840//1852 2841//1497 2842//1853 2843//1858 2844//1497 2845//1497 2846//1859 2847//1860 2848//1861 2849//1862 2850//1863 2850//1864 2851//1749 2852//1503 2853//1865 2854//1866 2855//1867 2856//1868 2857//1869 2858//1870 2859//1871 2859//1872 2860//1873 2860//1874 2861//1875 2862//1876 2863//1747 2864//1749 2865//1747 2866//1749 2867//1749 2868//1747 2869//1747 2870//1747 2871//1759 2872//1747 2873//1749 2874//1749 2875//1747 2876//1747 2877//1749 2878//1749 2879//1747 2880//1747 2881//1749 2882//1759 2883//1759 2884//1759 2885//1751 2886//1751 2887//1749 2888//1747 2889//1877 2890//1794 2891//1747 2892//1751 2893//1749 2894//1878 2895//1761 2896//1747 2897//1755 2898//1751 2899//1751 2900//1879 2901//1880 2902//1747 2903//1747 2904//1881 2905//1882 2906//1751 2907//1747 2908//1747 2909//1747 2910//1747 2911//1747 2912//1747 2913//1883 2914//1884 2915//1760 2916//1749 2917//1747 2918//1794 2919//1747 2920//1759 2921//1755 2922//1762 2923//1768 2924//1768 2925//1761 2926//1760 2927//1747 2928//1757 2929//1885 2930//1759 2931//1751 2932//1751 2933//1747 2934//1747 2935//1747 2936//1886 2937//1494 2938//1498 2939//1887 2939//1888 2940//1477 2941//1747 2942//1889 
f 2943//1747 2944//1759 2945//1751 2946//1747 2947//1747 2948//1759 2949//1751 2950//1890 2951//1759 2952//1794 2953//1819 2954//1891 2955//1759 2956//1749 2957//1759 2958//1747 2959//1756 2960//1747 2961//1751 2962//1791 2963//1760 2964//1749 2965//1747 2966//1798 2967//1892 2968//1763 2969//1747 2970//1751 2971//1893 2972//1837 2973//1747 2974//1894 2975//1780 2976//1895 2977//1794 2978//1826 2979//1896 2980//1747 2981//1751 2982//1778 2983//1760 2984//1747 2985//1747 2986//1749 2987//1751 2988//1747 2989//1747 2990//1747 2991//1759 2992//1751 2993//1751 2994//1751 2995//1751 2996//1751 2997//1751 2998//1747 2999//1756 3000//1751 3001//1751 3002//1759 3003//1813 3004//1747 3005//1747 3006//1747 3007//1749 3008//1751 3009//1747 3010//1755 3011//1756 3012//1756 3013//1747 3014//1749 3015//1751 3016//1747 3017//1747 3018//1747 3019//1749 3020//1751 3021//1749 3022//1749 3023//1747 3024//1759 3025//1832 3026//1755 3027//1759 3028//1751 3029//1747 3030//1747 3031//1747 3032//1897 3033//1747 3034//1799 3035//1749 3036//1756 3037//1747 3038//1749 3039//1760 3040//1749 3041//1747 3042//1749 3043//1845 3044//1497 3045//1493 3046//1898 3047//1899 3048//1845 3049//1900 3050//1749 3051//1747 3052//1756 3053//1798 3054//1759 3055//1747 3056//1747 3057//1747 3058//1751 3059//1747 3060//1747 3061//1747 3062//1749 3063//1780 3064//1756 3065//1818 3066//1749 3067//1759 3068//1749 3069//1755 3070//1747 3071//1756 3072//1759 3073//1747 3074//1749 3075//1747 3076//1747 3077//1749 3078//1747 3079//1747 3080//1747 3081//1747 3082//1747 3083//1751 3084//1749 3085//1747 3086//1747 3087//1747 3088//1747 3089//1747 3090//1747 3091//1747 3092//1747 3093//1747 3094//1747 3095//1747 3096//1747 3097//1747 3098//1747 3099//1747 3100//1747 3101//1747 3102//1747 3103//1751 3104//1749 3105//1747 3106//1747 3107//1747 3108//1749 3109//1755 3110//1780 3111//1747 3112//1747 3113//1747 3114//1747 3115//1747 3116//1747 3117//1747 3118//1747 3119//1747 3120//1747 3121//1747 3122//1747 3123//1747 3124//1747 3125//1749 3126//1747 3127//1747 3128//1747 3129//1747 3130//1747 3131//1747 3132//1747 3133//1747 3134//1747 3135//1747 3136//1747 3137//1747 3138//1749 3139//1747 3140//1747 3141//1749 3142//1747 3143//1749 3144//1749 3145//1747 3146//1747 3147//1747 3148//1747 3149//1747 3150//1747 3151//1747 3152//1749 3153//1747 3154//1747 3155//1747 3156//1747 3157//1749 3158//1749 3159//1747 3160//1749 3161//1747 3162//1747 3163//1747 3164//1747 3165//1747 3166//1747 3167//1747 3168//1747 3169//1794 3170//1749 3171//1747 3172//1747 3173//1747 3174//1747 3175//1747 3176//1832 3177//1747 3178//1747 3179//1747 3180//1749 3181//1751 3182//1751 3183//1749 3184//1747 3185//1747 3186//1747 3187//1749 3188//1749 3189//1747 3190//1747 3191//1747 3192//1751 3193//1751 3194//1751 3195//1749 3196//1807 3197//1901 3198//1763 3199//1756 3200//1747 3201//1780 3202//1817 3203//1747 3204//1747 3205//1747 3206//1902 3207//1780 3208//1747 3209//1760 3210//1747 3211//1903 3212//1799 3213//1749 3214//1798 3215//1749 3216//1798 3217//1747 3218//1747 3219//1747 3220//1747 3221//1749 3222//1747 3223//1904 3224//1905 3225//1906 3226//1907 3227//1908 3228//1909 3229//1910 3230//1911 3231//1912 3232//1913 3233//1914 3234//1915 3235//1916 3236//1917 3237//1918 3237//1919 3238//1920 3239//1747 3240//1747 3241//1747 3242//1747 3243//1747 3244//1749 3245//1747 3246//1747 3247//1747 3248//1759 3249//1747 3250//1747 3251//1747 3252//1747 3253//1749 3254//1749 3255//1747 3256//1747 3257//1921 3258//1922 3259//1923 3260//1924 3261//1747 3262//1925 3263//1926 3264//1747 3265//1927 3266//1928 3267//1749 3268//1759 3269//1832 3270//1755 3271//1749 3272//1747 3273//1749 3273//1751 3274//1751 3275//1751 3275//1751 3275//1751 3275//1751 3275//1751 3276//1751 3276//1751 3276//1751 3276//1751 3277//1751 3277//1751 3277//1751 3277//1751 3277//1751 3278//1929 3279//1930 3280//1931 3281//1747 3282//1751 3283//1749 3284//1759 3285//1747 3286//1747 3287//1747 3288//1759 3289//1759 3290//1751 3291//1755 3292//1747 3293//1778 3294//1878 3295//1747 3296//1751 3297//1749 3298//1747 3299//1778 3300//1932 3300//1751 3301//1751 3302//1751 3303//1751 3303//1751 3304//1751 3305//1929 3306//1747 3307//1747 3308//1755 3309//1933 3310//1783 3311//1749 3312//1747 3313//1760 3314//1749 3315//1747 3316//1747 3317//1760 3318//1794 3319//1747 3320//1765 3321//1798 
f 3322//1747 3323//1934 3323//1935 3324//1496 3325//1936 3326//1493 3327//1759 3328//1937 3329//1747 3330//1501 3331//1845 3332//1938 3333//1759 3334//1845 3335//1749 3336//1939 3337//1747 3338//1845 3339//1751 3340//1940 3341//1760 3342//1941 3343//1751 3344//1942 3345//1749 3346//1943 3347//1944 3348//1945 3349//1747 3350//1497 3351//1749 3352//1946 3353//1749 3354//1947 3355//1747 3356//1948 3357//1747 3358//1949 3359//1928 3360//1950 3361//1951 3361//1952 3362//1953 3363//1954 3364//1747 3365//1955 3366//1928 3367//1852 3368//1929 3369//1956 3370//1957 3371//1493 3372//1929 3373//1958 3374//1747 3375//1959 3376//1747 3377//1960 3378//1747 3379//1961 3380//1962 3381//1963 3382//1929 3383//1964 3384//1965 3385//1966 3386//1747 3387//1967 3388//1960 3389//1968 3390//1957 3391//1969 3392//1970 3393//1971 3394//1972 3395//1973 3396//1974 3397//1975 3398//1972 3399//1976 3400//1977 3401//1978 3402//1979 3403//1980 3404//1981 3405//1982 3406//1972 3407//1983 3408//1984 3408//1985 3409//1986 3410//1987 3411//1988 3412//1989 3413//1747 3413//1990 3414//1991 3415//1992 3416//1993 3417//1994 3418//1995 3419//1493 3420//1749 3421//1996 3422//1997 3423//1998 3424//1747 3425//1999 3426//1497 3427//2000 3428//1747 3429//1497 3430//2001 3431//2002 3432//1747 3433//2003 3434//1497 3435//2004 3436//1747 3437//2005 3438//1747 3439//2006 3440//1759 3441//1747 3442//1747 3443//1493 3444//1762 3445//2007 3446//1846 3447//2008 3448//1755 3449//2009 3450//1497 3451//1846 3452//1755 3453//2010 3454//2011 3455//2012 3456//2013 3457//2014 3458//2015 3459//2016 3460//2017 3461//2018 3462//1847 3463//2019 3464//1747 3465//2020 3466//2021 3467//2022 3468//1928 3469//2023 3470//1928 3471//2024 3472//1749 3473//2025 3474//1845 3475//2026 3476//1747 3477//2027 3478//1853 3479//2028 3480//1747 3481//2029 3482//2030 3483//2031 3484//1749 3485//2032 3486//2033 3487//2034 3487//1747 3488//2035 3489//2036 3490//2037 3491//1747 3492//2038 3493//1503 3494//2039 3495//2040 3495//2041 3496//2042 3497//2043 3498//1751 3498//1493 3499//1756 3500//1778 3501//2044 3502//1747 3503//2045 3504//1929 3505//2046 3506//1749 3507//1845 3508//1747 3509//2047 3510//1749 3511//1497 3512//1747 3513//2048 3514//2049 3515//2050 3516//1979 3517//2051 3518//2052 3519//2053 3520//2054 3521//2055 3522//2049 3523//2056 3524//2049 3525//2057 3526//1747 3527//1845 3528//1747 3529//1747 3530//1747 3531//1497 3532//1747 3533//2058 3534//1751 3535//1751 3536//1957 3537//2059 3538//1747 3539//2060 3540//1759 3541//2061 3322//1747 3542//1747 3543//2062 3544//1749 3545//2063 3546//1749 3547//1747 3548//1749 3549//1747 3550//2064 3551//1749 3552//1751 3553//1749 3554//2065 3555//1749 3556//2066 3557//1747 3558//1749 3559//1749 3560//2067 3561//2068 3562//2069 3563//1749 3564//1751 3565//1749 3566//2070 3567//1747 3568//1493 3569//1749 3570//2071 3571//1747 3572//2072 3573//1747 3574//1749 3575//1749 3576//1751 3577//1749 3578//1747 3579//1747 3580//2073 3581//1747 3582//1749 3583//1747 3584//1747 3585//1749 3586//1747 3587//1747 3588//1747 3589//1756 3590//1751 3591//1749 3592//1747 3593//1747 3594//1747 3595//1747 3596//1747 3597//1747 3598//1747 3599//1751 3600//1751 3601//1749 3602//2074 3603//1747 3604//1747 3605//1747 3606//1751 3607//1747 3608//1747 3609//1747 3610//1751 3611//1751 3612//1747 3613//1747 3614//1747 3615//1756 3616//1797 3617//1749 3618//1747 3619//1751 3620//2075 3621//2076 3622//1747 3623//1747 3624//1747 3625//1747 3626//1749 3627//1747 3628//1747 3629//2054 3630//1747 3631//2077 3631//1747 3632//1747 3633//2078 3634//2079 3635//1747 3636//1747 3637//2054 3638//1747 3639//1747 3640//1747 3641//1747 3642//1747 3643//1747 3644//1747 3645//1747 3646//1747 3647//1747 3648//1747 3649//1747 3650//1747 3651//1747 3652//1749 3653//1749 3654//1928 3655//2080 3656//1749 3657//1747 3658//1747 3659//1928 3660//1747 3661//1747 3662//1747 3663//1747 3664//1747 3665//1751 3666//1749 3667//1747 3668//1749 3669//1747 3670//2081 3671//2082 3672//1747 3673//1749 3674//1747 3675//1749 3676//1756 3677//2083 3678//1749 3679//1747 3680//1747 3681//1747 3682//1749 3683//1749 3684//1929 3685//2080 3686//1749 3687//1747 3688//1800 3689//2084 3690//1842 3691//1751 3692//1777 3693//1759 3694//1759 3695//1747 3696//2054 3697//1777 3698//1828 3699//1763 3700//2085 3701//2086 3702//2087 3703//1747 3704//1747 3705//1747 3706//1759 3707//1759 3708//1747 3709//1747 3710//1747 3711//2088 3712//2089 3713//2090 3714//1747 3715//1747 3716//1747 3717//2054 3718//1747 3719//2054 3720//2076 3721//1747 3722//1747 3723//2091 3724//1749 3725//1747 3726//2049 3727//1747 3728//1747 3729//2054 3730//1747 3542//1747 
usemtl 04___Default
f 3731//1747 3732//2092 3733//2093 3734//2094 3735//1747 3736//2095 3737//2076 3738//1747 3739//1747 3740//1747 3741//1749 3742//1747 3743//1747 3744//1747 3745//1747 3746//1878 3747//1763 3748//1749 3749//1749 3750//1749 3751//1747 3752//2096 3753//2097 3754//2098 3755//1749 3755//1760 3756//1756 3757//1749 3758//1747 3759//1747 3760//1749 3760//1749 3761//1749 3762//1756 3763//1756 3764//1747 3765//1749 3766//1749 3767//1747 3768//1747 3769//1756 3770//1747 3771//1749 3772//1747 3773//1747 3774//1756 3774//1749 3775//1749 3776//2073 3777//1821 3778//1747 3779//1747 3780//1747 3781//1749 3782//1749 3783//1749 3784//1747 3785//1759 3786//1749 3787//1749 3788//1929 3789//2099 3790//2054 3791//1749 3792//1749 3793//1747 3794//1747 3795//1749 3796//1751 3797//1749 3798//1749 3799//1749 3800//1747 3801//1749 3802//1749 3803//1747 3804//1749 3805//2100 3805//2101 3806//1751 3807//1747 3808//1747 3809//1747 3810//2102 3811//2103 3812//2104 3813//1749 3814//1747 3815//1747 3816//2105 3817//1749 3818//1749 3819//1747 3820//2106 3821//1821 3822//1798 3823//1751 3824//1747 3825//1747 3826//2107 3827//1756 3828//1747 3829//1747 3830//1747 3831//1747 3832//1747 3833//1747 3834//1747 3835//1747 3836//1747 3837//1747 3838//1747 3839//1747 3840//1747 3841//1747 3842//1747 3843//1747 3844//1749 3844//1751 3845//1749 3846//1747 3847//1747 3848//1749 3849//1747 3850//2108 3851//2109 3852//1749 3853//1749 3854//1747 3855//1747 3856//1747 3857//1747 3858//1747 3859//1747 3860//1747 3861//1747 3862//1749 3863//1756 3864//1832 3865//1749 3866//1747 3867//1747 3868//2110 3869//2111 3870//1749 3871//1747 3872//1747 3873//1747 3874//1756 3875//1747 3876//1747 3877//1747 3878//1756 3879//1747 3880//1747 3881//1760 3882//1763 3883//1747 3884//1747 3885//1747 3886//1749 3887//1759 3888//1832 3889//1751 3889//1749 3890//2112 3891//2113 3892//2114 3893//2115 3894//1747 3895//1749 3896//1747 3897//1756 3898//1749 3899//1747 3900//1747 3901//1751 3901//1751 3902//1747 3903//1759 3904//1759 3905//1747 3906//1756 3907//1749 3908//1751 3909//1747 3910//1747 3911//1756 3912//1747 3913//1747 3914//1749 3915//1747 3916//1747 3917//1928 3918//2116 3919//1747 3920//2117 3921//2118 3922//2119 3923//2120 3924//2121 3925//2122 3926//2123 3927//1749 3928//1747 3929//1751 3930//1756 3931//2124 3932//1751 3933//1807 3934//2125 3935//1901 3936//2126 3937//1832 3938//2127 3939//2128 3940//2013 3941//2124 3942//1832 3943//1747 3944//1747 3945//1747 3946//1747 3947//1747 3948//1747 3949//2054 3950//1747 
usemtl Material__6
f 3951//1747 3952//2129 3953//1747 3954//1747 3955//1747 3956//1747 3957//1747 3958//1747 3959//1747 3960//1747 3961//1747 3962//1747 3963//1747 3964//2054 3965//1747 3966//2054 3967//2054 3968//1747 3969//2054 3970//2130 3971//2131 3972//2132 3973//2133 3974//2134 3975//2135 3976//2136 3977//1747 3978//1749 3979//1747 3980//1747 3981//1747 3982//1747 3983//2054 3984//1749 3985//1749 3986//1747 3987//2054 3988//1928 3989//2137 3990//1749 3991//2138 3992//1747 3993//2139 3994//1749 3995//2140 3996//1749 3997//2141 3998//1929 3999//2142 4000//2143 4001//2144 4002//1747 4003//1747 4004//1747 4005//1747 4006//1747 4007//1749 4008//1751 4009//1747 4010//1747 4011//1747 4012//1747 4013//1747 4014//1747 4015//1747 4016//1747 4017//1747 4018//1747 4019//1747 4020//1747 4021//1747 4022//1747 4023//1747 4024//1747 4025//1747 4026//2145 4026//1749 4027//2146 4028//1747 4029//1749 4030//1957 4031//1747 4032//1749 4033//2147 4034//1747 4035//1747 4036//1747 4037//1747 4038//1845 4039//1957 4040//1747 4041//1497 4042//1749 4043//1845 4044//1747 4045//2148 4046//2049 4047//1496 4048//1747 4049//2149 4050//1747 4051//2150 4052//1747 4053//1751 4054//1747 4055//1497 4056//1777 4057//2151 4058//1759 4059//1493 4060//1747 4061//2152 4062//1747 4063//2153 4064//1747 4065//1493 4066//1747 4067//2154 4068//1749 4069//1845 4070//1845 4071//2155 4072//1747 4073//2156 4074//2157 4075//2158 4076//1747 4077//2159 4078//1749 4079//1852 4080//1747 4081//2160 4082//1747 4083//2161 4084//1749 4085//1503 4086//1749 4087//2162 4088//1749 4089//2163 4090//1747 4091//2164 4092//1747 4093//2165 4094//1747 4095//2166 4096//1747 4097//2167 4098//1747 4099//2168 4100//1749 4101//2169 4102//1749 4102//2170 4103//1749 4104//2171 4105//1747 4106//1749 4107//1747 4108//1747 4109//1749 4110//1749 4111//1749 4112//1747 4113//1749 4114//2049 4115//1747 4116//1747 4117//1747 4118//1747 4119//1747 4120//1747 4121//1747 4122//1747 4123//1747 4124//2054 4125//1928 4126//2172 4127//1747 4128//1747 4129//1749 4130//2173 4131//1749 4132//2174 4133//1747 4134//2175 4135//1747 4136//2176 4137//1747 4138//2177 4139//1747 4140//1747 4141//1747 4142//2178 4143//1747 4144//2179 4145//1747 4146//2080 4147//1747 4148//2180 4149//1747 4150//2181 4151//1747 4152//1749 4153//1747 4154//1798 4155//1747 4156//2182 4157//1747 4158//2183 4159//1747 4160//2109 4161//1747 4162//1756 4163//1798 4164//2184 4165//1751 4166//1493 4167//2185 4168//2186 4169//1759 4170//2187 4171//2107 4172//1751 4173//1747 4174//2188 4175//1747 4176//1755 4177//1747 4178//1751 4179//1749 4180//2189 4181//1759 4182//2190 4183//1749 4184//1759 4185//1751 4186//2191 4187//1759 4188//1759 4189//1747 4190//1747 4191//2192 4192//2193 4192//1751 4193//2194 4194//2195 4195//2196 4195//1493 4196//2194 4197//2197 4198//2194 4199//2198 4200//1747 4201//1759 4202//1747 4203//1751 4203//2076 4204//2199 4205//2076 4206//2200 4207//2054 4208//1751 4209//2049 4210//2201 4211//2054 4212//2202 4213//2049 4214//1747 4215//2203 4216//2091 4217//2204 4218//1749 
usemtl 04___Default
f 4219//1747 4220//1747 4221//1747 4222//1749 4223//1749 4224//1747 4225//1747 4226//1747 4227//1749 4228//1747 4229//1747 4230//1747 4231//1747 4232//1749 4233//1749 4234//1747 4235//1747 4236//1749 4237//1749 4238//1747 4239//1747 4240//1747 4241//1747 4242//1747 4243//1747 4244//1749 4245//1747 4246//1747 4247//1747 4248//1747 4249//1747 4250//1747 4251//1749 4252//1749 4253//1747 4254//1747 4255//1749 4256//1747 4257//2080 4258//1928 4259//1747 4260//1747 4261//1749 4262//1747 4263//1747 4264//1747 4265//1747 4266//1747 4267//2205 4268//2206 4269//1749 4270//1749 4271//1747 4272//1749 4273//1747 4274//1747 4275//1747 4276//1747 4277//1747 4278//1747 4279//1929 4280//1749 4281//1929 4282//1749 4283//1747 4284//1928 4285//1852 4286//1957 4287//2207 4288//2208 4289//1967 4290//1502 4291//2209 4292//1845 4293//1497 4294//1497 4295//1845 4296//2210 4297//2001 4298//2001 4299//2211 4300//2212 4301//2213 4302//2001 4303//2214 4304//2215 4305//2001 4306//1496 4307//1496 4308//1497 4309//2216 4310//2216 4311//1497 4312//1496 4313//1845 4314//1845 4315//1497 4316//2216 4317//1493 4318//1493 4319//1751 4320//1751 4321//2217 4322//2218 4323//2219 4324//2220 4325//2221 4326//1496 4327//1497 4328//1497 4329//2222 4330//1493 4331//1493 4332//1493 4333//1493 4334//1493 4335//1493 4336//2223 4337//1497 4338//1497 4339//1497 4340//1497 4341//1497 4342//1749 4343//1749 4344//1498 4345//1497 4346//1497 4347//1497 4348//2224 4349//2225 4350//2226 4351//1747 4352//2227 4353//2228 4354//2229 4355//2230 4356//1845 4357//2231 4358//2232 4359//2230 4360//1846 4361//2233 4362//2234 4363//2235 4364//2236 4365//2236 4366//1886 4367//1944 4368//1747 4369//2237 4370//2238 4371//2109 4372//2108 4373//2107 4374//2239 4375//2240 4376//1749 4377//1747 4378//2241 4379//1798 4380//1747 4381//2242 4382//1749 4383//1749 4384//1798 4385//1747 4386//1749 4387//1928 4388//1747 4389//1749 4390//1749 4391//1749 4392//1749 4393//1747 4394//1749 4395//1749 4396//1747 4397//1749 4398//2243 4399//1747 4400//1751 4401//2244 4402//2245 4403//2246 4404//2247 4405//1749 4406//2248 4407//2249 4408//2250 4409//2251 4410//2147 4411//2252 4412//2253 4413//2254 4414//1928 4415//1747 4416//1845 4417//1845 4418//2255 4419//2256 4420//2257 4421//1497 4422//1751 4423//2258 4424//2259 4425//2260 4426//1944 4427//2261 4428//1497 4429//1845 4430//1945 4431//1847 4432//2237 4433//1747 4434//2238 4435//1747 4436//1749 4437//1749 4438//1747 4439//1747 4440//1749 4441//1747 4442//1747 4443//1747 4444//1749 4445//1747 4446//1747 4447//1747 4448//1747 4449//1747 4450//1747 4451//1749 4452//1747 4453//1747 4454//1747 4455//1749 4456//1747 4457//1749 4458//1749 4459//1749 4460//1747 4461//1747 4462//1928 4463//1821 4464//1749 4465//1929 4466//2262 4467//2263 4468//2264 4469//2265 4470//2266 4471//2267 4472//1497 4473//1497 4474//1845 4475//1845 4476//1497 4477//1845 4478//1497 4479//1749 4480//1749 4481//1747 4482//1747 4483//1747 4484//1749 4485//1749 4486//1749 4486//1749 4487//1747 4488//1747 4489//1747 4490//1749 4491//1747 4492//1747 4493//1749 4494//1747 4495//2268 4496//1747 4497//1747 4498//1747 4499//1749 4500//1749 4501//2073 4502//1747 4503//1747 4504//1749 4505//1751 4506//1749 4507//1751 4508//1747 4509//1928 4510//1747 4511//1749 4512//1747 4513//1749 4514//1747 4515//1747 4516//1747 4517//1749 4518//1798 4519//1749 4520//1747 4521//1749 4522//1747 4523//1751 4524//1747 4525//2269 4526//1747 4527//1843 4528//1747 4529//1751 4530//1751 4531//2270 4532//1759 4533//1747 4534//1747 4535//1747 4536//1747 4537//1747 4538//1747 4539//1747 4540//1747 4541//1747 4542//2073 4543//2073 4544//1749 4545//1747 4546//1747 4547//1747 4548//1747 4549//1747 4550//1749 4551//1747 4552//1747 4553//1747 4554//1749 4555//1749 4556//1747 4557//1749 4558//1749 4559//1747 4560//1747 4561//1749 4562//1751 4562//1749 4563//1747 4564//1747 4565//1747 4566//1747 4567//1747 4568//1759 4569//1747 4570//1747 4571//1747 4572//1747 4573//1747 4574//1747 4575//1747 4576//1747 4577//1747 4578//1747 4579//1747 4580//1749 4581//1798 4582//1747 4583//1747 4584//1747 4585//1747 4586//1747 4587//2271 4588//2272 4589//1747 4590//1749 4591//1747 4592//1747 4593//1747 4594//1756 4595//1749 4596//1749 4597//1749 4598//1747 4599//1747 4600//1749 4601//1749 4602//1747 4603//1747 4604//1747 4605//1749 4606//1747 4607//1747 4608//1747 4609//1747 4610//1747 4611//1747 4612//2273 4613//2274 4614//2275 4615//1755 4616//1799 4617//2276 4618//2277 4619//1749 4620//1749 4621//1751 4622//1749 4623//1747 4624//1749 4625//1747 4626//2278 4627//2083 4628//1900 4629//1798 4630//2279 4631//2280 4632//1747 4633//1747 4634//1751 4635//1747 4636//1747 4637//1747 4638//1749 4639//1747 4640//1747 4641//1747 4642//1756 4643//2083 4644//1747 4645//1749 4646//1747 4647//1749 4648//2281 4649//2282 4650//1747 4651//1747 4652//1747 4653//1747 4654//1749 4655//1749 4656//1747 4657//1747 4658//1747 4659//1747 4660//1747 4661//2283 4662//2284 4663//2285 4664//2286 4665//1502 4666//2287 4667//2001 4668//1497 4669//1497 4670//1497 4671//1497 4672//1497 4673//2001 4674//2288 4675//1747 4676//2289 4677//1496 4678//1497 4679//1497 4680//2290 4681//1759 4682//2291 4683//2292 4684//2293 4685//2294 4686//2295 4687//1886 4688//1886 4688//1496 4689//1886 4690//1497 4691//1497 4692//1747 4693//2296 4694//2297 4695//2298 4696//1494 4697//1494 4698//2299 4699//2300 4700//1494 4701//1845 4702//1475 4703//1493 4704//1497 4705//1747 4706//1747 4707//1747 4708//1749 4709//1798 4710//1794 4711//2301 4712//1747 4713//1749 4714//1751 4715//1747 4716//1747 4717//1747 4718//1751 4719//1747 4720//1751 4721//1751 4722//1747 4723//1747 4724//1747 4725//1747 4726//1747 4727//1747 4728//1747 4729//1749 4730//1747 4731//1756 4732//1747 4733//1747 4734//1749 4735//1749 4736//1747 4737//1747 4738//1749 4739//1759 4740//1756 4741//1747 4742//1749 4743//1751 4744//1749 4745//1747 4746//1747 4747//1747 4748//1747 4749//1747 4750//1749 4751//1751 4752//1749 4753//1759 4754//1756 4755//1751 4756//1749 4757//2107 4758//1780 4759//1747 4760//1749 4761//1747 4762//1747 4763//1747 4764//1749 4765//1749 4766//1749 4767//1749 4768//1749 4769//1747 4770//1747 4771//1747 4772//1747 4773//1747 4774//1747 4775//1747 4776//1747 4777//1747 4778//1749 4779//1749 4780//1747 4781//1747 4782//1747 4783//1747 4784//1747 4785//1747 4786//1747 4787//1747 4788//1747 4789//1749 4790//1747 4791//1747 4792//1749 4793//1747 4794//1747 4795//1747 4796//1747 4797//1747 4798//1747 4799//1747 4800//1747 4801//1747 4802//1747 4803//1749 4804//1747 4805//1749 4806//1747 4807//1747 4808//1747 4809//1747 4810//1747 4811//1747 4812//1747 4813//1747 4814//1747 4815//1747 4816//1747 4817//1747 4818//1747 4819//1755 4820//1780 4821//1747 4822//1749 4823//1747 4824//1747 4825//1747 4826//1751 4827//1749 4828//1747 4829//1747 4830//1747 4831//1747 4832//1747 4833//1747 4834//1747 4835//1747 4836//1747 4837//1747 4838//1747 4839//1747 4840//1747 4841//1747 4842//1747 4843//1747 4844//1747 4845//1749 4846//1751 4847//1747 4848//1759 4849//1747 4850//1747 4851//1747 4852//1749 4853//1747 4854//1747 4855//1747 4856//1749 4857//1747 4858//1756 4859//1759 4860//1751 4861//1798 4862//1759 4863//1759 4864//1756 4865//1818 4866//1755 4867//1799 4868//1759 4869//1747 4870//1747 4871//1747 4872//1751 4873//1747 4874//1747 4875//1747 4876//1747 4877//1751 4878//1756 4879//1747 4880//1747 4881//1751 4882//1756 4883//2302 4884//1749 4885//1759 4886//1747 4887//1760 4888//1751 4889//1760 4890//1749 4891//1747 4892//1747 4893//2303 4894//1794 4895//1798 4896//1897 4897//1756 4898//1747 4899//1747 4900//1751 4901//1759 4902//1755 4903//1760 4904//1756 4905//1747 4906//1749 4907//1749 4908//1751 4909//1749 4910//1749 4911//1747 4912//1747 4913//1747 4914//1749 4915//1751 4916//1749 4917//1759 4918//1759 4919//1749 4920//1751 4921//1747 4922//1751 4923//1928 4924//2304 4925//2305 4926//2306 4927//2307 4928//2308 4929//1493 4930//2309 4931//2310 4932//2311 4933//2312 4934//2313 4935//2314 4936//2315 4937//2316 4938//2317 4939//2318 4940//2319 4941//1747 4942//2320 4943//2321 4944//1497 4945//1497 4946//2322 4947//1502 4948//2323 4949//2324 4950//2325 4951//2326 4952//2327 4953//2214 4954//2328 4955//2214 4956//2290 4957//2329 4957//2330 4958//1496 4959//1497 4960//2331 4961//2332 4962//2333 4963//1497 4964//2334 4965//2335 4966//2336 4967//2223 4968//2337 4969//1497 4970//2338 4971//2339 4972//2340 4973//2341 4974//2342 4975//2343 4976//2344 4977//2345 4978//2346 4979//1493 4980//1497 4981//1497 4982//1493 4983//2347 4984//1751 4985//1845 4986//1749 4987//2348 4988//1751 4989//1751 4990//1794 4991//1760 4992//1747 4993//1747 4994//2349 4995//1747 4996//2350 4997//2351 4998//2352 4999//1847 5000//2353 5001//1852 5002//1845 5003//1747 5004//1493 5004//1751 5005//1493 5006//1751 5007//1493 5007//2354 5008//2355 5009//2356 5010//1747 5011//1749 5012//1749 5013//1778 5014//1878 5015//1749 5016//1749 5017//1755 5018//1747 5019//1759 5020//1747 5021//1747 5022//2357 5023//2358 5024//2359 5025//2360 5026//2361 5027//1747 5028//1749 5029//1493 5030//1751 5030//1493 5030//1493 5030//1751 5030//1493 5031//1493 5031//1493 5031//1751 5031//1493 5032//1493 5032//1493 5032//1751 5032//1493 5032//1751 5032//1493 5033//1751 5033//2362 5034//1747 5035//2363 5036//2364 5037//2365 5038//2366 5039//2367 5040//2368 5041//1749 5042//1747 5043//1751 5044//1759 5045//1747 5046//1747 5047//1749 5048//1747 5049//1747 5050//2369 5051//2370 5052//2371 5053//2372 5054//1747 5055//2373 5056//1747 5057//1747 5058//1747 5059//1759 5060//1747 5061//1747 5062//1747 5063//2374 5064//2375 5065//2376 5066//2377 5067//1747 5068//1747 5069//2378 5069//2379 5070//1749 5071//1759 5072//1778 5073//1817 5074//1812 5075//1759 5076//1751 5077//1751 5078//1751 5079//1749 5080//1759 5081//1747 5082//1747 5083//1759 5084//1749 5085//1749 5086//1747 5087//1747 5088//1747 5089//1751 5090//1749 5091//1798 5092//1751 5093//1756 5094//1823 5095//1752 5096//1760 5097//1759 5098//1747 5099//1902 5100//1780 5101//1747 5102//1747 5103//1747 5104//1780 5105//1817 5106//1749 5107//1759 5108//1832 5109//2380 5110//2127 5111//1756 5112//1751 5113//1751 5114//1751 5115//1751 5116//1747 5117//1749 5118//1749 5119//1749 5120//1747 5121//1747 5122//1747 5123//1747 5124//1751 5125//1751 5126//1747 5127//1747 5128//1747 5129//1832 5130//1747 5131//1747 5132//1747 5133//1747 5134//1747 5135//1747 5136//1794 5137//1751 5138//1747 5139//1747 5140//1747 5141//1747 5142//1747 5143//1747 5144//1747 5145//1747 5146//1747 5147//1749 5148//1747 5149//1749 5150//1928 5151//2381 5152//1929 5153//1747 5154//1497 5155//1497 5156//1497 5157//1497 5158//1845 5159//1497 5160//1818 5161//1749 5162//1780 5163//1749 5164//1747 5165//1749 5166//1747 5167//1747 5168//1751 5169//1747 5170//1747 5171//1747 5172//1749 5173//1751 5174//1799 5175//1747 5176//1747 5177//1747 5178//1747 5179//1749 5180//1749 5181//1747 5182//1747 5183//1747 5184//1751 5185//1749 5186//1751 5187//1751 5188//1756 5189//1901 5190//1780 5191//1760 5192//1759 5193//1747 5194//1819 5195//1755 5196//1747 5197//1747 5198//1747 5199//1816 5200//1747 5201//1749 5202//1747 5203//1747 5204//1747 5205//1749 5206//1756 5207//1818 5208//1747 5209//1747 5210//1751 5211//1793 5212//1807 5213//1747 5214//1760 5215//1749 5216//1812 5217//1760 5218//1751 5219//1751 5220//1816 5221//1751 5222//1749 5223//1751 5224//1751 5225//1760 5226//2382 5227//1747 5228//1756 5229//1814 5230//1756 5231//1749 5232//1747 5233//1747 5234//1775 5235//1755 5236//1747 5237//1747 5238//1756 5239//1747 5240//1813 5241//1759 5242//1747 5243//1747 5244//1747 5245//1747 5246//1747 5247//1747 5248//1749 5249//1747 5250//1756 5251//1747 5252//1747 5253//1747 5254//1747 5255//1747 5256//1747 5257//1747 5258//1747 5259//2383 5260//1815 5261//1747 5262//1747 5263//1747 5264//1747 5265//1747 5266//1747 5267//1747 5267//1749 5268//1749 5269//1749 5270//1747 5271//1747 5272//1809 5273//1810 5274//1749 5275//1747 5276//1760 5277//1747 5278//2384 5279//2385 5280//1747 5281//2107 5282//1778 5283//2386 5284//1752 5285//1760 5286//1756 5287//1747 5288//1751 5289//1749 5290//1751 5291//1756 5292//1756 5293//1752 5294//2387 5295//1747 5296//1747 5297//1747 5298//1747 5299//1747 5300//1747 5301//1793 5302//1751 5303//1826 5304//1756 5305//1747 5306//1747 5307//1747 5308//1747 5309//1747 5310//1749 5311//1747 5312//1497 5313//1497 5314//1497 5315//1497 5316//1497 5317//1497 5318//1497 5319//1497 5320//1493 5321//2388 5322//2389 5323//2390 5324//2391 5325//1798 5326//1783 5327//1766 5328//1750 5329//1747 5330//1747 5331//1747 5332//1747 5333//1747 5334//1798 5335//1747 5336//1747 5337//1747 5338//1751 5339//1747 5340//1797 5341//1747 5342//1747 5343//1747 5344//1747 5345//1747 5346//1747 5347//1747 5348//1747 5349//1747 5350//1747 5351//1747 5352//1747 5353//1747 5354//1747 5355//1747 5356//1747 5357//1749 5358//1749 5359//1747 5360//1751 5361//1749 5362//1747 5363//1749 5364//1747 5365//1747 5366//1747 5367//1747 5368//1760 5369//1756 5370//1751 5371//1747 5372//1747 5373//1759 5374//1759 5375//1749 5376//1751 5377//1749 5378//1759 5379//1759 5380//1749 5381//1749 5382//2054 5383//2392 5384//2393 5385//2076 5386//2394 5387//2395 5388//2396 5389//2397 5390//2398 5391//2398 5392//2399 5393//2400 5394//2401 5395//2402 5396//1845 5397//2403 5398//2404 5399//2405 5400//2406 5401//2407 5402//2408 5403//2409 5404//2410 5405//2411 5406//2412 5407//2413 5408//1497 5409//2001 5410//2290 5411//1497 5412//2414 5413//2415 5414//1497 5415//2416 5416//2417 5417//2418 5418//2419 5419//2420 5420//1886 5421//2421 5422//2422 5423//1747 5424//2423 5425//2424 5426//2421 5427//1496 5428//1497 5429//2425 5430//2079 5431//2426 5432//2427 5433//2428 5434//2429 5435//2430 5436//2427 5437//2300 5438//2337 5439//2431 5440//2432 5441//2433 5442//1501 5443//1497 5444//1843 5445//1756 5446//1784 5447//1763 5448//1755 5449//1749 5450//1749 5451//1759 5452//1778 5453//1751 5454//1759 5455//1755 5456//1759 5457//1749 5458//1751 5459//1747 5460//1751 5461//1747 5462//1751 5463//1747 5464//1497 5465//2434 5466//2435 5467//2054 5468//2436 5468//2437 5469//2438 5470//2439 5470//2440 5471//2441 5472//2442 5473//2443 5474//2444 5475//1497 5476//2445 5477//1928 5478//2446 5479//2447 5480//2448 5481//2449 5482//1497 5483//2054 5484//2450 5485//2451 5486//2452 5487//2453 5488//2454 5489//2455 5490//2456 5491//2457 5492//2458 5493//2459 5494//2460 5495//2461 5496//2462 5497//2463 5498//2054 5499//2464 5500//2465 5501//2466 5502//2467 5503//1895 5504//1751 5505//1751 5506//1760 5507//1747 5508//1747 5509//1747 5510//1751 5511//1756 5512//1749 5513//1759 5514//1747 5515//1778 5516//1890 5517//1890 5518//1751 5519//1749 5520//1747 5521//1747 5522//1759 5523//1747 5524//1755 5525//1755 5526//1778 5527//1761 5528//1751 5529//1747 5530//1763 5531//1757 5532//2468 5533//1755 5534//2469 5535//1798 5536//1755 5537//2470 5538//2471 5539//1751 5540//1751 5541//1750 5542//1751 5543//1747 5544//2472 5545//1813 5546//1747 5547//1751 5548//1756 5549//1747 5550//1747 5551//1755 5552//1751 5553//1763 5554//2473 5555//2474 5556//1755 5557//1751 5558//1747 5559//1747 5560//1747 5561//1751 5562//1751 5563//1777 5564//2468 5565//2475 5566//1778 5567//1747 5568//2476 5569//1751 5570//1768 5571//1794 5572//1762 5573//1747 5574//1759 5575//1794 5576//1747 5577//1747 5578//1755 5579//1883 5580//1884 5581//1778 5582//1747 5583//1747 5584//1747 5585//1747 5586//1749 5587//1756 5588//1881 5589//1836 5590//1755 5591//1760 5592//2477 5593//2478 5594//2479 5595//1751 5596//1755 5597//1794 5598//1769 5599//1761 5600//1832 5601//1777 5602//1749 5603//1747 5604//2480 5605//1762 5606//1747 5607//1747 5608//1777 5609//1749 5610//1747 5611//1759 5612//1747 5613//1749 5614//1747 5615//1747 5616//1749 5617//1749 5618//1747 5619//1747 5620//2481 5621//2482 5622//2483 5623//2049 5624//2484 5625//2485 5626//2486 5627//2487 5628//1747 5629//1747 5630//1957 5631//1747 5632//1749 5633//1747 5634//1792 5634//1884 5635//2488 5635//2489 5636//2490 5637//2491 5638//1760 5639//1780 5640//1747 5641//1755 5642//1747 5643//1747 5644//1747 5644//1751 5645//1752 5646//1793 5647//1809 5648//1778 5649//1747 5650//1749 5651//1751 5652//1749 5653//1747 5654//1747 5655//1747 5656//1747 5657//1749 5658//1756 5659//1798 5660//1747 5661//1749 5662//1747 5663//1749 5664//1749 5665//1749 5666//1747 5667//1755 5668//2107 5669//2107 5670//1747 5671//1749 5672//1747 5673//1747 5674//1747 5675//1747 5676//1747 5677//1747 5678//1747 5679//1747 5680//1759 5681//1751 5682//1747 5683//1747 5684//1747 5685//1747 5686//2492 5687//2493 5688//2494 5689//2495 5690//1777 5691//1759 5692//2496 5693//2497 5694//1747 5695//1755 5696//1749 5697//1747 5698//1763 5699//1763 5700//1836 5701//1755 5702//1747 5703//1751 5704//2498 5705//2499 5706//2500 5707//1760 5708//1766 5709//1763 5710//2501 5711//2502 5712//2503 5713//1747 5714//2504 5715//1845 5716//1809 5717//2505 5718//2506 5719//2507 5720//1780 5721//1794 5722//1760 5723//1794 5724//2508 5725//1769 5726//1747 5727//1751 5728//1747 5729//1747 5730//1497 5731//1852 5732//1852 5733//1747 5734//2509 5735//1845 5736//2510 5737//2511 5738//1852 5739//1497 5740//1845 5741//2512 5742//1845 5743//1747 5744//1751 5745//2513 5746//2514 5747//1813 5748//2107 5749//1759 5750//2515 5751//2516 5752//1797 5753//1756 5754//1756 5755//1749 5756//1747 5757//1747 5758//1747 5759//1747 5760//1747 5761//1749 5762//1759 5763//1756 5764//1747 5765//1747 5766//1747 5767//1747 5768//1747 5769//1749 5770//1749 5771//1747 5772//1825 5773//1824 5774//1747 5775//1747 5776//1747 5777//1747 5778//1747 5779//1749 5780//1749 5781//1747 5782//1747 5783//1747 5784//1747 5785//1747 5786//1747 5787//1747 5788//1747 5789//2517 5790//2518 5791//2519 5792//2049 5793//2520 5794//2521 5795//2522 5796//2289 5797//2289 5798//1886 5799//2523 5800//2524 5801//2525 5802//2526 5803//2527 5804//2528 5805//1747 5806//1747 5807//2083 5808//2529 5809//2530 5810//2531 5811//1747 5812//1751 5813//1749 5814//1751 5815//1749 5816//1747 5817//1747 5818//1751 5819//1751 5820//1747 5821//1749 5822//1747 5823//1747 5824//1747 5825//1747 5826//1747 5827//1747 5828//1747 5829//1747 5830//1747 5831//1747 5832//1747 5153//1747 5152//1929 5833//2532 5834//2533 5835//2534 5836//2535 5837//2536 5838//2537 5839//1747 5840//1747 5841//1747 5842//1749 5843//1749 4787//1747 4786//1747 5844//1747 5845//1747 5846//1749 5847//1747 5848//1751 5849//2538 5850//2054 5851//1751 5852//2539 5853//2540 5854//2428 5855//2337 5856//1886 5857//1493 5858//2344 5859//2344 5860//1497 5861//1747 5862//1749 5863//2541 5864//2073 5865//1751 5866//1798 5867//2073 5868//2110 4623//1747 4622//1749 5869//1747 5870//1751 5871//1747 5872//1747 5873//1747 5874//1747 5875//2542 5876//1759 5877//2543 5878//1493 5879//1747 5880//1747 5881//1747 5882//1747 5883//1747 5884//1747 5885//1843 5886//1759 5887//1747 5888//1747 5889//1747 5890//2544 5891//2545 5892//2546 5893//2547 5894//2548 5895//2549 5896//2550 5897//2551 5898//2552 5899//2553 5899//2554 5900//2555 5901//1497 5902//1497 5903//1747 5904//2556 5905//2557 5906//2558 5907//2559 5907//2560 5908//2561 5909//2562 5910//2563 5910//2564 5911//2565 5912//2566 5913//1497 5914//1747 5915//1749 5916//1747 5917//1497 5918//1497 5919//1493 5920//2567 5921//1497 5922//1747 5923//1493 5924//1493 5925//1886 5926//1493 5927//1747 5928//1747 4415//1747 4414//1928 5929//2568 5930//2569 5931//2570 5932//1497 5933//1865 5934//1497 5935//1502 5936//2571 5937//1747 5938//1747 5939//1747 5940//1747 5941//1747 5942//1747 5943//1749 5944//1749 5945//1747 5946//1928 5947//1747 5948//1747 5949//1747 5950//1747 5951//1749 5952//1749 5953//1497 5954//1497 5955//2001 5956//2091 5957//2572 5958//2573 5959//1497 5960//1497 5961//1497 5962//1497 5963//1497 5964//1497 5965//1493 5966//1747 5967//1944 5968//2574 5969//2575 5970//2576 5971//1845 5972//1497 5973//1497 5974//1497 5975//1749 5976//2577 5977//1845 5978//1847 5979//2578 5980//2579 5981//1852 5982//1847 5983//1497 5984//1497 5985//1747 1921//2580 1922//1749 1923//1751 1924//1751 1925//1751 1757//1751 1756//1751 1758//1751 1759//1751 1760//1751 1761//1751 1762//1751 1763//1751 1764//1751 1765//1751 1766//1751 1767//1751 1768//1751 1769//1751 1770//1751 1771//1751 1772//1751 1773//1751 1774//1751 1775//1751 1776//1751 1777//1751 1778//1751 1779//1751 1780//1751 1781//1751 1782//1751 1783//1751 1784//1751 1785//1751 1786//1751 1787//1751 1788//1751 1789//1751 1790//1751 1791//1751 1792//1751 1793//1751 1794//1751 1795//1751 1796//1751 1797//1751 1798//1751 1799//1751 1800//1751 1801//1751 1802//1751 1803//1751 1804//1751 1805//1751 1806//1751 1807//1751 1808//1751 1809//1751 1810//1751 1811//1751 1812//1751 1813//1751 1814//1751 1815//1751 1816//1751 1817//1751 1818//1751 1819//1751 1820//1751 1821//1751 1822//1751 1823//1751 1824//1751 1825//1751 1826//1751 1827//1751 1828//1751 1829//1751 1830//1751 1831//1751 1832//1751 1833//1751 1834//1751 1835//1751 1836//1751 1837//1751 1838//1751 1839//1751 1840//1751 1841//1751 1842//1751 1843//1751 1844//1751 1845//1751 1846//1751 1847//1751 1848//1751 1849//1751 1853//1798 2181//1929 2184//1747 2189//1747 2190//1747 2195//1747 2196//1747 2202//1747 2201//1747 2207//1747 2208//1747 2211//1747 2214//1747 2217//1747 2220//1747 2223//1759 2226//1759 2229//1759 2232//1760 2235//1760 2238//2581 2241//2582 2244//1762 2247//1751 2250//1751 2253//1751 2256//1751 2259//1747 2262//2583 1855//1760 1854//1751 1860//1751 1861//1751 1862//1751 1863//1751 1864//1751 1865//1751 1866//1751 1867//1751 1868//1751 1869//1751 1870//1751 1871//1751 1872//2584 1873//2585 1874//2586 1875//2587 1876//2588 1877//2589 1878//2590 1879//2591 1880//2592 1881//2593 1882//2594 1883//2591 1884//2595 1885//2596 1886//2597 1887//2598 1888//2599 1889//2599 1890//2600 1891//2601 1892//2602 1893//2603 1894//2604 1895//2605 1896//2606 1897//2607 1898//2608 1899//2609 1900//2610 1901//2611 1902//2612 1903//2613 1904//2614 1905//2615 1906//2616 1907//2617 1908//2618 1909//2619 1910//2620 1911//2621 1912//2622 1913//2623 1914//2624 1915//2625 1916//2626 1917//2627 1918//2628 1919//2629 1920//2630 1921//2580 5985//1747 5986//1852 5987//2631 5988//2039 5989//1851 5990//2632 5991//1747 5992//1747 5993//1749 5994//1747 5995//1928 5996//1747 5997//1749 5998//1749 5999//1747 6000//1747 6001//1747 6002//1749 6003//1747 6004//1747 6005//1747 6006//1747 6007//1747 6008//1747 6009//1749 6010//1747 6011//1759 6012//2633 6013//2634 6014//2635 6015//1749 6016//1747 6017//1747 6018//1747 6019//1747 6020//1749 6021//1928 6022//2073 6023//1747 6024//1747 6025//1747 6026//1747 6027//2636 6028//2637 6029//2638 6030//2639 6031//2640 6032//2641 6033//2642 6034//2643 6035//2644 6036//1759 6037//1747 6038//1749 6039//1749 6040//1747 6041//1747 6042//1972 6043//1747 6044//1747 6045//2104 6046//2645 6047//1929 6048//2646 6049//2647 6050//2648 6051//2104 6052//1928 6053//1747 6054//2242 6055//1798 6056//2237 6057//1749 6058//1749 6059//1928 6060//1747 6061//1747 
usemtl Material__6
f 6062//2049 6063//2649 6064//2049 6065//2049 6066//1747 6067//1749 6068//1749 6069//1749 6070//2650 6071//1747 6072//2651 6073//1929 6074//2652 6075//1928 6076//2653 6077//1929 6078//2570 6079//1957 6080//2654 6081//1929 6082//2655 6083//1749 6084//2656 6085//1957 6086//2657 6087//1749 6088//2658 6089//1749 6090//2659 6091//2054 6092//1496 6093//1749 6094//2660 6095//2661 6096//2662 6097//1756 6098//2663 6099//1747 6100//2664 6101//1747 6102//2665 6103//1747 6104//2666 6105//1747 6106//2667 6107//1749 6108//1751 6109//1493 6110//1493 6111//1749 6112//1493 6113//1749 6114//1845 6115//1747 6116//1496 6117//1759 6118//2668 6119//2054 6120//1886 6121//1747 6122//1751 6123//1493 6124//1493 6125//1747 6126//2669 6127//1747 6128//1497 6129//1747 6130//1497 6131//1747 6132//2670 6133//1747 6134//2671 6135//1747 6136//2672 6137//1747 6138//2673 6139//1747 6140//1497 6141//1747 6142//1845 6143//1747 6144//2674 6145//1747 6146//1845 6147//1928 6148//2675 6149//1957 6150//1493 6151//1747 6152//1493 6153//1747 6154//1493 6155//1747 6156//2676 6157//1747 6158//1751 6159//1747 6160//1493 6161//1747 6162//1493 6163//2196 6164//2677 6165//1759 6166//2678 6167//1759 6168//2679 6169//1747 6170//1751 6171//1747 6172//2680 6173//1751 6174//2681 6175//1759 6176//2682 6177//1747 6178//1493 6179//1747 6180//2683 6181//1747 6182//2684 6183//1747 6184//1493 6185//1747 6186//1751 6187//1749 6188//2685 6189//1756 6190//2686 6191//1756 6192//2687 6192//2054 6193//2688 6194//1759 6195//2689 6196//1751 6197//2690 6198//1747 6199//1751 6200//1747 6201//1493 6202//1747 6203//1751 6204//1747 6205//1751 6206//1747 6207//1493 6208//1747 6209//1751 6210//1749 6211//2691 6212//1747 6213//2692 6214//2054 6215//1751 6216//1747 6217//1751 6218//1747 6219//2693 6220//2694 6221//2695 6222//2196 6223//2696 6224//1747 6225//1751 6226//1747 6227//2697 6228//1749 6229//2698 6230//1747 6069//1749 6068//1749 6231//1798 6232//1747 6233//1747 6234//1749 6235//1747 6236//1751 6237//1751 6238//1747 6239//1755 6240//1762 6241//1843 6242//1778 6243//1747 6244//1749 6245//1749 6246//1747 6247//1749 6248//1749 6249//2147 6250//2699 6251//1759 6252//2196 6253//1749 6254//2700 6255//1747 6256//2701 6257//1749 6258//2702 6259//1929 6260//2703 6261//1928 6262//2704 6263//1747 6264//2705 6265//1929 6266//2706 6267//1747 6268//1749 6269//1928 6270//1747 6271//1747 6272//1749 6273//2707 6274//2708 6275//2709 6276//1747 6277//1747 6278//1929 6279//2710 6280//2711 6281//1929 6282//1749 6283//1749 6284//1747 6285//1749 6286//1749 6287//1747 6288//1928 6289//1747 6290//2712 6291//2713 6292//1747 6293//1747 6294//2580 6295//1759 6296//2714 6297//1747 6298//1747 6299//1777 6300//2196 6301//1760 6302//1751 6303//1747 6304//1751 6305//1751 6306//1747 6307//1749 6308//1747 6309//1760 6310//1777 6311//1747 6312//1747 6313//1747 6314//1747 6315//1747 6316//1747 6317//1747 6318//1747 6319//1751 6320//1747 6321//1747 6322//1777 6323//2715 6324//1759 6325//1747 6326//1759 6327//1749 6328//1749 6329//1749 6330//1751 6331//1759 6332//1747 6333//1749 6334//1749 6335//1749 6336//1747 6337//2716 6338//1749 6339//1751 6340//1747 6341//1747 6342//1749 6343//1751 6344//1747 6345//1747 6346//1747 6347//1747 6348//1747 6349//1751 6350//1747 6351//1747 6352//1759 6353//1747 6354//1747 6355//1747 6356//1747 6357//2054 6358//1747 6359//1747 6360//1747 6361//1749 6362//2717 6363//1979 6364//2718 6365//2719 6366//1747 6367//1747 6368//1928 6369//1747 6370//1747 6371//1749 6372//1929 6373//2720 6374//2049 6375//1747 6376//1747 6377//1747 6378//1747 6379//1747 6380//1747 6381//1747 6382//1747 6383//1749 6384//1749 6385//2091 6386//2721 6387//2054 6388//1747 6389//1747 6390//1493 6391//1749 6392//1749 6393//1747 6394//1493 6395//2054 6396//2722 6397//1747 6398//1749 6399//1747 6400//1747 6401//1749 6402//1749 6403//1747 6404//1747 6405//1747 6406//1747 6407//2054 6408//2723 6409//1747 6410//1747 6411//1747 6412//1747 6413//1747 6414//1747 6415//1747 6416//2724 6417//1747 6418//1747 6419//1749 6420//1749 6421//1751 6422//2194 6423//1749 6424//1747 6425//1747 6426//1759 6427//1747 6428//1747 6429//1747 6430//1747 6431//1759 6432//1747 6433//1747 6434//1747 6435//1747 6436//1747 6437//1747 6438//1747 6439//1747 6440//1749 6441//2237 6442//1749 6443//2242 6444//1749 6445//1747 6446//1747 6447//1747 6448//1747 6449//1756 6450//2108 6451//2725 6452//1749 6453//1749 6454//1798 6455//1747 6456//1747 6457//1751 6458//1747 6459//1747 6460//1749 6461//1749 6462//1747 6463//1759 6464//2726 6465//1747 6466//1747 6467//1747 6468//1747 6469//1747 6470//1747 6471//1747 6472//1749 6473//2727 6474//1747 6475//2544 6476//1749 6477//1747 6478//2054 6479//1747 6480//1747 6481//1747 6482//1747 6483//1747 6484//2049 6485//1979 6486//1747 6487//1749 6488//1747 6489//1747 6490//1747 6491//1747 6492//1747 6493//1747 6494//1749 6495//1747 6496//1747 6497//1747 6498//1749 6499//1749 6500//1747 6501//1928 6502//1747 6503//1749 6504//1747 6505//1747 6506//1747 6507//1747 6508//2728 6509//1747 6510//2729 6511//2730 6512//1747 6513//1928 6514//1749 6515//1749 6516//1777 6517//1759 6518//1749 6519//1749 6520//1747 6521//1749 6522//1747 6523//1749 6524//1747 6525//1749 6526//1749 6527//1749 6528//1751 6529//1747 6530//1751 6531//1747 6532//1747 6533//1749 6534//1747 6535//1747 6536//1747 6537//1749 6538//1749 6539//1747 6540//1749 6541//1747 6542//1747 6543//1747 6544//1749 6545//1747 6546//1747 6547//2091 6548//2049 6549//2054 6550//2731 6551//2732 6552//2733 
usemtl 04___Default
f 6553//1747 6554//1747 6555//1747 6556//1747 6557//1747 6558//1747 6559//2734 6560//1798 6561//2735 6562//2734 6563//1747 6564//1747 6565//1747 6566//1747 6567//1747 6568//1747 6569//1747 6570//1747 6571//1749 6572//1747 6573//1747 6574//1747 6575//1747 6576//1747 6577//1747 6578//1747 6579//1747 6580//1747 6581//1747 6582//1747 6583//1747 6584//1747 6585//1749 6586//1747 6587//1749 6588//1749 6589//1749 6590//1747 6590//1928 6591//2073 6592//2073 6593//1747 6594//1749 6595//1749 6596//1747 6597//1747 6598//1747 6599//1749 6600//1747 6601//1747 6602//1747 6603//1747 6604//1747 6605//1751 6606//2736 6607//2737 6608//2738 6609//2739 6610//1747 6611//1751 6612//1747 6613//2740 6614//2073 6615//1747 6616//1749 6617//1928 6618//2741 6619//2237 6620//1747 6621//1747 6622//1747 6623//1747 6624//1493 6625//2742 6626//2743 6627//1493 6628//1751 6629//1747 6630//1747 6631//1747 6632//1749 6633//1751 6634//2730 6635//1749 6636//1749 6637//1747 6638//1747 6639//1747 6640//1747 6641//1747 6642//1747 6643//1747 6644//1749 6645//1747 6646//1747 6647//1747 6648//1749 6649//1747 6650//1749 6651//1749 6652//1747 6653//1747 6654//1747 6655//1747 6656//1747 6657//1747 6658//1747 6659//1747 6660//1747 6661//1747 6662//1747 6663//1747 6664//1747 6665//1747 6666//1747 6667//1747 6668//1747 6669//1749 6670//1749 6671//1749 6672//1749 6673//1749 6674//1749 6675//1749 6676//1749 6677//1747 6678//1747 6679//1747 6680//1749 6681//1749 6682//1747 6683//1747 6684//1749 6685//1747 6686//1756 6687//2110 6688//2744 6689//1749 6690//1747 6691//1749 6692//1749 6693//1747 6694//1747 6695//1749 6696//1749 6697//1747 6698//1749 6699//1747 6700//1747 6701//1749 6702//1749 6703//1747 6704//1749 6705//1749 6706//1747 6707//1747 6708//1749 6709//1798 6710//2734 6711//1747 6712//1747 6713//1747 6714//1747 
s off
f 5460//2745 5459//2745 2355//2745 2354//2745 
f 5459//2746 5458//2746 2356//2746 2355//2746 
f 5458//2747 5457//2747 2357//2747 2356//2747 
f 5457//2748 5456//2748 2358//2748 2357//2748 
f 5456//2749 5455//2749 2359//2749 2358//2749 
f 5455//2749 5454//2749 2360//2749 2359//2749 
f 5454//2750 5453//2750 2361//2750 2360//2750 
f 5453//2751 5452//2751 2362//2751 2361//2751 
f 5452//2752 5451//2752 2363//2752 2362//2752 
f 5451//2753 5450//2753 2364//2753 2363//2753 
f 5450//2754 5449//2754 2365//2754 2364//2754 
f 5449//2755 5448//2755 2366//2755 2365//2755 
f 5448//2756 5447//2756 2367//2756 2366//2756 
f 5447//2756 5446//2756 2368//2756 2367//2756 
f 5446//2756 5445//2756 2369//2756 2368//2756 
f 5445//2757 5444//2757 2370//2757 2369//2757 
f 5444//2758 5443//2758 2371//2758 2370//2758 
f 5443//2759 5442//2759 2372//2759 2371//2759 
f 5442//2759 5441//2759 2373//2759 2372//2759 
f 5441//2760 5440//2760 2374//2760 2373//2760 
f 5440//2760 5439//2760 2375//2760 2374//2760 
f 5439//2760 5438//2760 2376//2760 2375//2760 
f 5438//2760 5437//2760 2377//2760 2376//2760 
f 5437//2761 5436//2761 2378//2761 2377//2761 
f 5436//2761 5435//2761 2379//2761 2378//2761 
f 5435//2762 5434//2762 2380//2762 2379//2762 
f 5434//2762 5433//2762 2381//2762 2380//2762 
f 5433//2762 5432//2762 2382//2762 2381//2762 
f 5432//2763 5431//2763 2383//2763 2382//2763 
f 5431//2763 5430//2763 2384//2763 2383//2763 
f 5430//2764 5429//2764 2385//2764 2384//2764 
f 5429//2765 5428//2765 2386//2765 2385//2765 
f 5428//2765 5427//2765 2387//2765 2386//2765 
f 5427//2766 5426//2766 2388//2766 2387//2766 
f 5426//2767 5425//2767 2389//2767 2388//2767 
f 5425//2768 5424//2768 2390//2768 2389//2768 
f 5424//2767 5423//2767 2391//2767 2390//2767 
f 5423//2767 5422//2767 2392//2767 2391//2767 
f 5422//2769 5421//2769 2393//2769 2392//2769 
f 5421//2769 5420//2769 2394//2769 2393//2769 
f 5420//2770 5419//2770 2395//2770 2394//2770 
f 5419//2770 5418//2770 2396//2770 2395//2770 
f 5418//2770 5417//2770 2397//2770 2396//2770 
f 5417//2770 5416//2770 2398//2770 2397//2770 
f 5416//2770 5415//2770 2399//2770 2398//2770 
f 5415//2770 5414//2770 2400//2770 2399//2770 
f 5414//2771 5413//2771 2401//2771 2400//2771 
f 5413//2772 5412//2772 2402//2772 2401//2772 
f 5412//2772 5411//2772 2403//2772 2402//2772 
f 5411//2773 5410//2773 2404//2773 2403//2773 
f 5410//2773 5409//2773 2405//2773 2404//2773 
f 5409//2774 5408//2774 2406//2774 2405//2774 
f 5408//2775 5407//2775 2407//2775 2406//2775 
f 5407//2774 5406//2774 2408//2774 2407//2774 
f 5406//2775 5405//2775 2409//2775 2408//2775 
f 5405//2776 5404//2776 2410//2776 2409//2776 
f 5404//2775 5403//2775 2411//2775 2410//2775 
f 5403//2774 5402//2774 2412//2774 2411//2774 
f 5402//2776 5401//2776 2413//2776 2412//2776 
f 5401//2774 5400//2774 2414//2774 2413//2774 
f 5400//2777 5399//2777 2415//2777 2414//2777 
f 5399//2778 5398//2778 2416//2778 2415//2778 
f 5398//2779 5397//2779 2417//2779 2416//2779 
f 5397//2780 5396//2780 2418//2780 2417//2780 
f 5396//2777 5395//2777 2419//2777 2418//2777 
f 5395//2781 5394//2781 2420//2781 2419//2781 
f 5394//2781 5393//2781 2421//2781 2420//2781 
f 5393//2782 5392//2782 2422//2782 2421//2782 
f 5392//2781 5391//2781 2423//2781 2422//2781 
f 5391//2781 5390//2781 2424//2781 2423//2781 
f 5390//2783 5389//2783 2425//2783 2424//2783 
f 5389//2783 5388//2783 2426//2783 2425//2783 
f 5388//2784 5387//2784 2427//2784 2426//2784 
f 5387//2783 5386//2783 2428//2783 2427//2783 
f 5386//2785 5385//2785 2429//2785 2428//2785 
f 5385//2785 5384//2785 2430//2785 2429//2785 
f 5384//2786 5383//2786 2431//2786 2430//2786 
f 5383//2785 5382//2785 2432//2785 2431//2785 
f 5382//2787 5381//2787 2433//2787 2432//2787 
f 5381//2788 5380//2788 2434//2788 2433//2788 
f 5380//2788 5379//2788 2435//2788 2434//2788 
f 5379//2788 5378//2788 2436//2788 2435//2788 
f 5378//2788 5377//2788 2437//2788 2436//2788 
f 5377//2789 5376//2789 2438//2789 2437//2789 
f 5376//2789 5375//2789 2439//2789 2438//2789 
f 5375//2790 5374//2790 2440//2790 2439//2790 
f 5374//2791 5373//2791 2441//2791 2440//2791 
f 5373//2792 5372//2792 2442//2792 2441//2792 
f 5372//2791 5371//2791 2443//2791 2442//2791 
f 5371//2791 5370//2791 2444//2791 2443//2791 
f 5370//2792 5369//2792 2445//2792 2444//2792 
f 5369//2793 5368//2793 2446//2793 2445//2793 
f 5368//2794 5367//2794 2447//2794 2446//2794 
f 5367//2795 5366//2795 2448//2795 2447//2795 
f 5366//2795 5365//2795 2449//2795 2448//2795 
f 5365//2794 5364//2794 2450//2794 2449//2794 
f 5364//2794 5363//2794 2451//2794 2450//2794 
f 5363//2795 5362//2795 2452//2795 2451//2795 
f 5362//2795 5361//2795 2453//2795 2452//2795 
f 5361//2796 5360//2796 2454//2796 2453//2796 
f 5360//2797 5359//2797 2455//2797 2454//2797 
f 5359//2798 5358//2798 2456//2798 2455//2798 
f 5358//2799 5357//2799 2457//2799 2456//2799 
f 5357//2798 5356//2798 2458//2798 2457//2798 
f 5356//2800 5355//2800 2459//2800 2458//2800 
f 5355//2800 5354//2800 2460//2800 2459//2800 
f 5354//2801 5353//2801 2461//2801 2460//2801 
f 5353//2802 5352//2802 2462//2802 2461//2802 
f 5352//2803 5351//2803 2463//2803 2462//2803 
f 5351//2804 5350//2804 2464//2804 2463//2804 
f 5350//2804 5349//2804 2465//2804 2464//2804 
f 5349//2805 5348//2805 2466//2805 2465//2805 
f 5348//2805 5347//2805 2467//2805 2466//2805 
f 5347//2806 5346//2806 2468//2806 2467//2806 
f 5346//2807 5345//2807 2469//2807 2468//2807 
f 5345//2808 5344//2808 2470//2808 2469//2808 
f 5344//2808 5343//2808 2471//2808 2470//2808 
f 5343//2809 5342//2809 2472//2809 2471//2809 
f 5342//2810 5341//2810 2473//2810 2472//2810 
f 5341//2810 5340//2810 2474//2810 2473//2810 
f 5340//2810 5339//2810 2475//2810 2474//2810 
f 5339//2810 5338//2810 2476//2810 2475//2810 
f 5338//2811 5337//2811 2477//2811 2476//2811 
f 5337//2812 5336//2812 2478//2812 2477//2812 
f 5336//2813 5335//2813 2479//2813 2478//2813 
f 5335//2814 5334//2814 2480//2814 2479//2814 
f 5334//2815 5333//2815 2481//2815 2480//2815 
f 5333//2815 5332//2815 2482//2815 2481//2815 
f 5332//2816 5331//2816 2483//2816 2482//2816 
f 5331//2817 5330//2817 2484//2817 2483//2817 
f 5330//2818 5329//2818 2485//2818 2484//2818 
f 5329//2819 5328//2819 2486//2819 2485//2819 
f 5328//2820 5327//2820 2487//2820 2486//2820 
f 5327//2820 5326//2820 2488//2820 2487//2820 
f 5326//2820 5325//2820 2489//2820 2488//2820 
f 5325//2820 5324//2820 2490//2820 2489//2820 
f 5324//2821 5323//2821 2491//2821 2490//2821 
f 5323//2821 5322//2821 2492//2821 2491//2821 
f 5322//2822 5321//2822 2493//2822 2492//2822 
f 5321//2823 5320//2823 2494//2823 2493//2823 
f 5320//2823 5319//2823 2495//2823 2494//2823 
f 5319//2823 5318//2823 2496//2823 2495//2823 
f 5318//2824 5317//2824 2497//2824 2496//2824 
f 5317//2825 5316//2825 2498//2825 2497//2825 
f 5316//2826 5315//2826 2499//2826 2498//2826 
f 5315//2827 5314//2827 2500//2827 2499//2827 
f 5314//2827 5313//2827 2501//2827 2500//2827 
f 5313//2828 5312//2828 2502//2828 2501//2828 
f 5312//2829 5311//2829 2503//2829 2502//2829 
f 5311//2830 5310//2830 2504//2830 2503//2830 
f 5310//2829 5309//2829 2505//2829 2504//2829 
f 5309//2831 5308//2831 2506//2831 2505//2831 
f 5308//2829 5307//2829 2507//2829 2506//2829 
f 5307//2829 5306//2829 2508//2829 2507//2829 
f 5306//2829 5305//2829 2509//2829 2508//2829 
f 5305//2832 5304//2832 2510//2832 2509//2832 
f 5304//2832 5303//2832 2511//2832 2510//2832 
f 5303//2829 5302//2829 2512//2829 2511//2829 
f 5302//2830 5301//2830 2513//2830 2512//2830 
f 5301//2830 5300//2830 2514//2830 2513//2830 
f 5300//2833 5299//2833 2515//2833 2514//2833 
f 5299//2834 5298//2834 2516//2834 2515//2834 
f 5298//2835 5297//2835 2517//2835 2516//2835 
f 5297//2835 5296//2835 2518//2835 2517//2835 
f 5296//2835 5295//2835 2519//2835 2518//2835 
f 5295//2836 5294//2836 2520//2836 2519//2836 
f 5294//2836 5293//2836 2521//2836 2520//2836 
f 5293//2836 5292//2836 2522//2836 2521//2836 
f 5292//2836 5291//2836 2523//2836 2522//2836 
f 5291//2836 5290//2836 2524//2836 2523//2836 
f 5290//2837 5289//2837 2525//2837 2524//2837 
f 5289//2838 5288//2838 2526//2838 2525//2838 
f 5288//2838 5287//2838 2527//2838 2526//2838 
f 5287//2839 5286//2839 2528//2839 2527//2839 
f 5286//2839 5285//2839 2529//2839 2528//2839 
f 5285//2839 5284//2839 2530//2839 2529//2839 
f 5284//2840 5283//2840 2531//2840 2530//2840 
f 5283//2841 5282//2841 2532//2841 2531//2841 
f 5282//2840 5281//2840 2533//2840 2532//2840 
f 5281//2842 5280//2842 2534//2842 2533//2842 
f 5280//2843 5279//2843 2535//2843 2534//2843 
f 5279//2844 5278//2844 2536//2844 2535//2844 
f 5278//2843 5277//2843 2537//2843 2536//2843 
f 5277//2845 5276//2845 2538//2845 2537//2845 
f 5276//2846 5275//2846 2539//2846 2538//2846 
f 5275//2847 5274//2847 2540//2847 2539//2847 
f 5274//2846 5273//2846 2541//2846 2540//2846 
f 5273//2848 5272//2848 2542//2848 2541//2848 
f 5272//2849 5271//2849 2543//2849 2542//2849 
f 5271//2850 5270//2850 2544//2850 2543//2850 
f 5270//2851 5269//2851 2545//2851 2544//2851 
f 5269//2852 5268//2852 2546//2852 2545//2852 
f 5268//2851 5267//2851 2547//2851 2546//2851 
f 5267//2853 5267//2853 2547//2853 2547//2853 
f 5267//2854 5266//2854 2548//2854 2547//2854 
f 5266//2855 5265//2855 2549//2855 2548//2855 
f 5265//2856 5264//2856 2550//2856 2549//2856 
f 5264//2857 5263//2857 2551//2857 2550//2857 
f 5263//2858 5262//2858 2552//2858 2551//2858 
f 5262//2859 5261//2859 2553//2859 2552//2859 
f 5261//2859 5260//2859 2554//2859 2553//2859 
f 5260//2860 5259//2860 2555//2860 2554//2860 
f 5259//2861 5258//2861 2556//2861 2555//2861 
f 5258//2862 5257//2862 2557//2862 2556//2862 
f 5257//2862 5256//2862 2558//2862 2557//2862 
f 5256//2863 5255//2863 2559//2863 2558//2863 
f 5255//2864 5254//2864 2560//2864 2559//2864 
f 5254//2865 5253//2865 2561//2865 2560//2865 
f 5253//2865 5252//2865 2562//2865 2561//2865 
f 5252//2866 5251//2866 2563//2866 2562//2866 
f 5251//2867 5250//2867 2564//2867 2563//2867 
f 5250//2866 5249//2866 2565//2866 2564//2866 
f 5249//2868 5248//2868 2566//2868 2565//2868 
f 5248//2868 5247//2868 2567//2868 2566//2868 
f 5247//2869 5246//2869 2568//2869 2567//2869 
f 5246//2870 5245//2870 2569//2870 2568//2870 
f 5245//2870 5244//2870 2570//2870 2569//2870 
f 5244//2870 5243//2870 2571//2870 2570//2870 
f 5243//2870 5242//2870 2572//2870 2571//2870 
f 5242//2871 5241//2871 2573//2871 2572//2871 
f 5241//2872 5240//2872 2574//2872 2573//2872 
f 5240//2873 5239//2873 2575//2873 2574//2873 
f 5239//2874 5238//2874 2576//2874 2575//2874 
f 5238//2873 5237//2873 2577//2873 2576//2873 
f 5237//2873 5236//2873 2578//2873 2577//2873 
f 5236//2875 5235//2875 2579//2875 2578//2875 
f 5235//2876 5234//2876 2580//2876 2579//2876 
f 5234//2875 5233//2875 2581//2875 2580//2875 
f 5233//2875 5232//2875 2582//2875 2581//2875 
f 5232//2877 5231//2877 2583//2877 2582//2877 
f 5231//2877 5230//2877 2584//2877 2583//2877 
f 5230//2877 5229//2877 2585//2877 2584//2877 
f 5229//2877 5228//2877 2586//2877 2585//2877 
f 5228//2878 5227//2878 2587//2878 2586//2878 
f 5227//2879 5226//2879 2588//2879 2587//2879 
f 5226//2879 5225//2879 2589//2879 2588//2879 
f 5225//2879 5224//2879 2590//2879 2589//2879 
f 5224//2880 5223//2880 2591//2880 2590//2880 
f 5223//2880 5222//2880 2592//2880 2591//2880 
f 5222//2881 5221//2881 2593//2881 2592//2881 
f 5221//2882 5220//2882 2594//2882 2593//2882 
f 5220//2883 5219//2883 2595//2883 2594//2883 
f 5219//2883 5218//2883 2596//2883 2595//2883 
f 5218//2884 5217//2884 2597//2884 2596//2884 
f 5217//2885 5216//2885 2598//2885 2597//2885 
f 5216//2886 5215//2886 2599//2886 2598//2886 
f 5215//2887 5214//2887 2600//2887 2599//2887 
f 5214//2885 5213//2885 2601//2885 2600//2885 
f 5213//2888 5212//2888 2602//2888 2601//2888 
f 5212//2889 5211//2889 2603//2889 2602//2889 
f 5211//2890 5210//2890 2604//2890 2603//2890 
f 5210//2891 5209//2891 2605//2891 2604//2891 
f 5209//2892 5208//2892 2606//2892 2605//2892 
f 5208//2893 5207//2893 2607//2893 2606//2893 
f 5207//2894 5206//2894 2608//2894 2607//2894 
f 5206//2895 5205//2895 2609//2895 2608//2895 
f 5205//2893 5204//2893 2610//2893 2609//2893 
f 5204//2893 5203//2893 2611//2893 2610//2893 
f 5203//2896 5202//2896 2612//2896 2611//2896 
f 5202//2896 5201//2896 2613//2896 2612//2896 
f 5201//2897 5200//2897 2614//2897 2613//2897 
f 5200//2897 5199//2897 2615//2897 2614//2897 
f 5199//2896 5198//2896 2616//2896 2615//2896 
f 5198//2896 5197//2896 2617//2896 2616//2896 
f 5197//2896 5196//2896 2618//2896 2617//2896 
f 5196//2896 5195//2896 2619//2896 2618//2896 
f 5195//2898 5194//2898 2620//2898 2619//2898 
f 5194//2896 5193//2896 2621//2896 2620//2896 
f 5193//2896 5192//2896 2622//2896 2621//2896 
f 5192//2896 5191//2896 2623//2896 2622//2896 
f 5191//2899 5190//2899 2624//2899 2623//2899 
f 5190//2900 5189//2900 2625//2900 2624//2900 
f 5189//2896 5188//2896 2626//2896 2625//2896 
f 5188//2896 5187//2896 2627//2896 2626//2896 
f 5187//2896 5186//2896 2628//2896 2627//2896 
f 5186//2901 5185//2901 2629//2901 2628//2901 
f 5185//2896 5184//2896 2630//2896 2629//2896 
f 5184//2896 5183//2896 2631//2896 2630//2896 
f 5183//2896 5182//2896 2632//2896 2631//2896 
f 5182//2902 5181//2902 2633//2902 2632//2902 
f 5181//2903 5180//2903 2634//2903 2633//2903 
f 5180//2902 5179//2902 2635//2902 2634//2902 
f 5179//2904 5178//2904 2636//2904 2635//2904 
f 5178//2904 5177//2904 2637//2904 2636//2904 
f 5177//2904 5176//2904 2638//2904 2637//2904 
f 5176//2905 5175//2905 2639//2905 2638//2905 
f 5175//2905 5174//2905 2640//2905 2639//2905 
f 5174//2906 5173//2906 2641//2906 2640//2906 
f 5173//2907 5172//2907 2642//2907 2641//2907 
f 5172//2907 5171//2907 2643//2907 2642//2907 
f 5171//2908 5170//2908 2644//2908 2643//2908 
f 5170//2908 5169//2908 2645//2908 2644//2908 
f 5169//2909 5168//2909 2646//2909 2645//2909 
f 5168//2910 5167//2910 2647//2910 2646//2910 
f 5167//2911 5166//2911 2648//2911 2647//2911 
f 5166//2912 5165//2912 2649//2912 2648//2912 
f 5165//2912 5164//2912 2650//2912 2649//2912 
f 5164//2913 5163//2913 2651//2913 2650//2913 
f 5163//2914 5162//2914 2652//2914 2651//2914 
f 5162//2915 5161//2915 2653//2915 2652//2915 
f 5161//2915 5160//2915 2654//2915 2653//2915 
f 5160//2916 5159//2916 2655//2916 2654//2916 
f 5159//2917 5158//2917 2656//2917 2655//2917 
f 5158//2918 5157//2918 2657//2918 2656//2918 
f 5157//2919 5156//2919 2658//2919 2657//2919 
f 5156//2920 5155//2920 2659//2920 2658//2920 
f 5155//2921 5154//2921 2660//2921 2659//2921 
f 5154//2922 5153//2922 2661//2922 2660//2922 
f 5153//2923 5832//2923 2662//2923 2661//2923 
f 5832//2924 5831//2924 2663//2924 2662//2924 
f 5831//2924 5830//2924 2664//2924 2663//2924 
f 5830//2925 5829//2925 2665//2925 2664//2925 
f 5829//2925 5828//2925 2666//2925 2665//2925 
f 5828//2926 5827//2926 2667//2926 2666//2926 
f 5827//2927 5826//2927 2668//2927 2667//2927 
f 5826//2927 5825//2927 2669//2927 2668//2927 
f 5825//2927 5824//2927 2670//2927 2669//2927 
f 5824//2927 5823//2927 2671//2927 2670//2927 
f 5823//2928 5822//2928 2672//2928 2671//2928 
f 5822//2928 5821//2928 2673//2928 2672//2928 
f 5821//2929 5820//2929 2674//2929 2673//2929 
f 5820//2930 5819//2930 2675//2930 2674//2930 
f 5819//2930 5818//2930 2676//2930 2675//2930 
f 5818//2929 5817//2929 2677//2929 2676//2929 
f 5817//2929 5816//2929 2678//2929 2677//2929 
f 5816//2931 5815//2931 2679//2931 2678//2931 
f 5815//2931 5814//2931 2680//2931 2679//2931 
f 5814//2931 5813//2931 2681//2931 2680//2931 
f 5813//2931 5812//2931 2682//2931 2681//2931 
f 5812//2931 5811//2931 2683//2931 2682//2931 
f 5811//2931 5810//2931 2684//2931 2683//2931 
f 5810//2932 5809//2932 2685//2932 2684//2932 
f 5809//2933 5808//2933 2686//2933 2685//2933 
f 5808//2934 5807//2934 2687//2934 2686//2934 
f 5807//2934 5806//2934 2688//2934 2687//2934 
f 5806//2935 5805//2935 2689//2935 2688//2935 
f 5805//2936 5804//2936 2690//2936 2689//2936 
f 5804//2937 5803//2937 2691//2937 2690//2937 
f 5803//2936 5802//2936 2692//2936 2691//2936 
f 5802//2938 5801//2938 2693//2938 2692//2938 
f 5801//2936 5800//2936 2694//2936 2693//2936 
f 5800//2936 5799//2936 2695//2936 2694//2936 
f 5799//2936 5798//2936 2696//2936 2695//2936 
f 5798//2939 5797//2939 2697//2939 2696//2939 
f 5797//2937 5796//2937 2698//2937 2697//2937 
f 5796//2940 5795//2940 2699//2940 2698//2940 
f 5795//2940 5794//2940 2700//2940 2699//2940 
f 5794//2940 5793//2940 2701//2940 2700//2940 
f 5793//2941 5792//2941 2702//2941 2701//2941 
f 5792//2941 5791//2941 2703//2941 2702//2941 
f 5791//2940 5790//2940 2704//2940 2703//2940 
f 5790//2940 5789//2940 2705//2940 2704//2940 
f 5789//2940 5788//2940 2706//2940 2705//2940 
f 5788//2942 5787//2942 2707//2942 2706//2942 
f 5787//2943 5786//2943 2708//2943 2707//2943 
f 5786//2944 5785//2944 2709//2944 2708//2944 
f 5785//2945 5784//2945 2710//2945 2709//2945 
f 5784//2946 5783//2946 2711//2946 2710//2946 
f 5783//2946 5782//2946 2712//2946 2711//2946 
f 5782//2947 5781//2947 2713//2947 2712//2947 
f 5781//2947 5780//2947 2714//2947 2713//2947 
f 5780//2948 5779//2948 2715//2948 2714//2948 
f 5779//2949 5778//2949 2716//2949 2715//2949 
f 5778//2950 5777//2950 2717//2950 2716//2950 
f 5777//2951 5776//2951 2718//2951 2717//2951 
f 5776//2952 5775//2952 2719//2952 2718//2952 
f 5775//2952 5774//2952 2720//2952 2719//2952 
f 5774//2953 5773//2953 2721//2953 2720//2953 
f 5773//2954 5772//2954 2722//2954 2721//2954 
f 5772//2955 5771//2955 2723//2955 2722//2955 
f 5771//2953 5770//2953 2724//2953 2723//2953 
f 5770//2956 5769//2956 2725//2956 2724//2956 
f 5769//2957 5768//2957 2726//2957 2725//2957 
f 5768//2956 5767//2956 2727//2956 2726//2956 
f 5767//2958 5766//2958 2728//2958 2727//2958 
f 5766//2958 5765//2958 2729//2958 2728//2958 
f 5765//2959 5764//2959 2730//2959 2729//2959 
f 5764//2959 5763//2959 2731//2959 2730//2959 
f 5763//2960 5762//2960 2732//2960 2731//2960 
f 5762//2961 5761//2961 2733//2961 2732//2961 
f 5761//2962 5760//2962 2734//2962 2733//2962 
f 5760//2961 5759//2961 2735//2961 2734//2961 
f 5759//2963 5758//2963 2736//2963 2735//2963 
f 5758//2964 5757//2964 2737//2964 2736//2964 
f 5757//2964 5756//2964 2738//2964 2737//2964 
f 5756//2965 5755//2965 2739//2965 2738//2965 
f 5755//2966 5754//2966 2740//2966 2739//2966 
f 5754//2967 5753//2967 2741//2967 2740//2967 
f 5753//2965 5752//2965 2742//2965 2741//2965 
f 5752//2968 5751//2968 2743//2968 2742//2968 
f 5751//2969 5750//2969 2744//2969 2743//2969 
f 5750//2965 5749//2965 2745//2965 2744//2965 
f 5749//2970 5748//2970 2746//2970 2745//2970 
f 5748//2971 5747//2971 2747//2971 2746//2971 
f 5747//2970 5746//2970 2748//2970 2747//2970 
f 5746//2972 5745//2972 2749//2972 2748//2972 
f 5745//2973 5744//2973 2750//2973 2749//2973 
f 5744//2971 5743//2971 2751//2971 2750//2971 
f 5743//2974 5742//2974 2752//2974 2751//2974 
f 5742//2975 5741//2975 2753//2975 2752//2975 
f 5741//2974 5740//2974 2754//2974 2753//2974 
f 5740//2975 5739//2975 2755//2975 2754//2975 
f 5739//2976 5738//2976 2756//2976 2755//2976 
f 5738//2977 5737//2977 2757//2977 2756//2977 
f 5737//2978 5736//2978 2758//2978 2757//2978 
f 5736//2977 5735//2977 2759//2977 2758//2977 
f 5735//2979 5734//2979 2760//2979 2759//2979 
f 5734//2980 5733//2980 2761//2980 2760//2980 
f 5733//2980 5732//2980 2762//2980 2761//2980 
f 5732//2981 5731//2981 2763//2981 2762//2981 
f 5731//2982 5730//2982 2764//2982 2763//2982 
f 5730//2982 5729//2982 2765//2982 2764//2982 
f 5729//2983 5728//2983 2766//2983 2765//2983 
f 5728//2984 5727//2984 2767//2984 2766//2984 
f 5727//2984 5726//2984 2768//2984 2767//2984 
f 5726//2985 5725//2985 2769//2985 2768//2985 
f 5725//2985 5724//2985 2770//2985 2769//2985 
f 5724//2986 5723//2986 2771//2986 2770//2986 
f 5723//2986 5722//2986 2772//2986 2771//2986 
f 5722//2987 5721//2987 2773//2987 2772//2987 
f 5721//2987 5720//2987 2774//2987 2773//2987 
f 5720//2988 5719//2988 2775//2988 2774//2988 
f 5719//2989 5718//2989 2776//2989 2775//2989 
f 5718//2989 5717//2989 2777//2989 2776//2989 
f 5717//2989 5716//2989 2778//2989 2777//2989 
f 5716//2990 5715//2990 2779//2990 2778//2990 
f 5715//2991 5714//2991 2780//2991 2779//2991 
f 5714//2992 5713//2992 2781//2992 2780//2992 
f 5713//2992 5712//2992 2782//2992 2781//2992 
f 5712//2993 5711//2993 2783//2993 2782//2993 
f 5711//2993 5710//2993 2784//2993 2783//2993 
f 5710//2993 5709//2993 2785//2993 2784//2993 
f 5709//2994 5708//2994 2786//2994 2785//2994 
f 5708//2994 5707//2994 2787//2994 2786//2994 
f 5707//2995 5706//2995 2788//2995 2787//2995 
f 5706//2996 5705//2996 2789//2996 2788//2996 
f 5705//2995 5704//2995 2790//2995 2789//2995 
f 5704//2995 5703//2995 2791//2995 2790//2995 
f 5703//2997 5702//2997 2792//2997 2791//2997 
f 5702//2998 5701//2998 2793//2998 2792//2998 
f 5701//2999 5700//2999 2794//2999 2793//2999 
f 5700//2998 5699//2998 2795//2998 2794//2998 
f 5699//3000 5698//3000 2796//3000 2795//3000 
f 5698//3001 5697//3001 2797//3001 2796//3001 
f 5697//3000 5696//3000 2798//3000 2797//3000 
f 5696//3000 5695//3000 2799//3000 2798//3000 
f 5695//3000 5694//3000 2800//3000 2799//3000 
f 5694//3002 5693//3002 2801//3002 2800//3002 
f 5693//3002 5692//3002 2802//3002 2801//3002 
f 5692//3003 5691//3003 2803//3003 2802//3003 
f 5691//3004 5690//3004 2804//3004 2803//3004 
f 5690//3005 5689//3005 2805//3005 2804//3005 
f 5689//3006 5688//3006 2806//3006 2805//3006 
f 5688//3006 5687//3006 2807//3006 2806//3006 
f 5687//3006 5686//3006 2808//3006 2807//3006 
f 5686//1326 5685//1326 2809//1326 2808//1326 
f 5685//1326 5684//1326 2810//1326 2809//1326 
f 5684//3007 5683//3007 2811//3007 2810//3007 
f 5683//3007 5682//3007 2812//3007 2811//3007 
f 5682//3008 5681//3008 2813//3008 2812//3008 
f 5681//3009 5680//3009 2814//3009 2813//3009 
f 5680//3010 5679//3010 2815//3010 2814//3010 
f 5679//3011 5678//3011 2816//3011 2815//3011 
f 5678//3012 5677//3012 2817//3012 2816//3012 
f 5677//3012 5676//3012 2818//3012 2817//3012 
f 5676//3012 5675//3012 2819//3012 2818//3012 
f 5675//3013 5674//3013 2820//3013 2819//3013 
f 5674//3013 5673//3013 2821//3013 2820//3013 
f 5673//3014 5672//3014 2822//3014 2821//3014 
f 5672//3014 5671//3014 2823//3014 2822//3014 
f 5671//3015 5670//3015 2824//3015 2823//3015 
f 5670//3016 5669//3016 2825//3016 2824//3016 
f 5669//3017 5668//3017 2826//3017 2825//3017 
f 5668//3017 5667//3017 2827//3017 2826//3017 
f 5667//3018 5666//3018 2828//3018 2827//3018 
f 5666//3019 5665//3019 2829//3019 2828//3019 
f 5665//3019 5664//3019 2830//3019 2829//3019 
f 5664//3020 5663//3020 2831//3020 2830//3020 
f 5663//3021 5662//3021 2832//3021 2831//3021 
f 5662//3022 5661//3022 2833//3022 2832//3022 
f 5661//3022 5660//3022 2834//3022 2833//3022 
f 5660//3022 5659//3022 2835//3022 2834//3022 
f 5659//3023 5658//3023 2836//3023 2835//3023 
f 5658//3024 5657//3024 2837//3024 2836//3024 
f 5657//3025 5656//3025 2838//3025 2837//3025 
f 5656//3025 5655//3025 2839//3025 2838//3025 
f 5655//3026 5654//3026 2840//3026 2839//3026 
f 5654//3027 5653//3027 2841//3027 2840//3027 
f 5653//3027 5652//3027 2842//3027 2841//3027 
f 5652//3028 5651//3028 2843//3028 2842//3028 
f 5651//3029 5650//3029 2844//3029 2843//3029 
f 5650//3030 5649//3030 2845//3030 2844//3030 
f 5649//3031 5648//3031 2846//3031 2845//3031 
f 5648//3032 5647//3032 2847//3032 2846//3032 
f 5647//3033 5646//3033 2848//3033 2847//3033 
f 5646//3034 5645//3034 2849//3034 2848//3034 
f 5645//3032 5644//3032 2850//3032 2849//3032 
f 5644//3035 5644//3035 2850//3035 2850//3035 
f 5644//3036 5643//3036 2851//3036 2850//3036 
f 5643//3036 5642//3036 2852//3036 2851//3036 
f 5642//3037 5641//3037 2853//3037 2852//3037 
f 5641//3038 5640//3038 2854//3038 2853//3038 
f 5640//3037 5639//3037 2855//3037 2854//3037 
f 5639//3039 5638//3039 2856//3039 2855//3039 
f 5638//3037 5637//3037 2857//3037 2856//3037 
f 5637//3040 5636//3040 2858//3040 2857//3040 
f 5636//3041 5635//3041 2859//3041 2858//3041 
f 5635//3042 5635//3042 2859//3042 2859//3042 
f 5635//3043 5634//3043 2860//3043 2859//3043 
f 5634//3044 5634//3044 2860//3044 2860//3044 
f 5634//3037 5633//3037 2861//3037 2860//3037 
f 5633//3045 5632//3045 2862//3045 2861//3045 
f 5632//3046 5631//3046 2863//3046 2862//3046 
f 5631//3046 5630//3046 2864//3046 2863//3046 
f 5630//3047 5629//3047 2865//3047 2864//3047 
f 5629//3048 5628//3048 2866//3048 2865//3048 
f 5628//3049 5627//3049 2867//3049 2866//3049 
f 5627//3050 5626//3050 2868//3050 2867//3050 
f 5626//3051 5625//3051 2869//3051 2868//3051 
f 5625//3050 5624//3050 2870//3050 2869//3050 
f 5624//3052 5623//3052 2871//3052 2870//3052 
f 5623//3051 5622//3051 2872//3051 2871//3051 
f 5622//3053 5621//3053 2873//3053 2872//3053 
f 5621//3054 5620//3054 2874//3054 2873//3054 
f 5620//3053 5619//3053 2875//3053 2874//3053 
f 5619//3055 5618//3055 2876//3055 2875//3055 
f 5618//3056 5617//3056 2877//3056 2876//3056 
f 5617//3057 5616//3057 2878//3057 2877//3057 
f 5616//3058 5615//3058 2879//3058 2878//3058 
f 5615//3059 5614//3059 2880//3059 2879//3059 
f 5614//3060 5613//3060 2881//3060 2880//3060 
f 5613//3060 5612//3060 2882//3060 2881//3060 
f 5612//3061 5611//3061 2883//3061 2882//3061 
f 5611//3061 5610//3061 2884//3061 2883//3061 
f 5610//3061 5609//3061 2885//3061 2884//3061 
f 5609//3062 5608//3062 2886//3062 2885//3062 
f 5608//3062 5607//3062 2887//3062 2886//3062 
f 5607//3063 5606//3063 2888//3063 2887//3063 
f 5606//3063 5605//3063 2889//3063 2888//3063 
f 5605//3064 5604//3064 2890//3064 2889//3064 
f 5604//3065 5603//3065 2891//3065 2890//3065 
f 5603//3065 5602//3065 2892//3065 2891//3065 
f 5602//3066 5601//3066 2893//3066 2892//3066 
f 5601//3066 5600//3066 2894//3066 2893//3066 
f 5600//3066 5599//3066 2895//3066 2894//3066 
f 5599//3067 5598//3067 2896//3067 2895//3067 
f 5598//3066 5597//3066 2897//3066 2896//3066 
f 5597//3066 5596//3066 2898//3066 2897//3066 
f 5596//3068 5595//3068 2899//3068 2898//3068 
f 5595//3068 5594//3068 2900//3068 2899//3068 
f 5594//3069 5593//3069 2901//3069 2900//3069 
f 5593//3070 5592//3070 2902//3070 2901//3070 
f 5592//3071 5591//3071 2903//3071 2902//3071 
f 5591//3071 5590//3071 2904//3071 2903//3071 
f 5590//3071 5589//3071 2905//3071 2904//3071 
f 5589//3070 5588//3070 2906//3070 2905//3070 
f 5588//3072 5587//3072 2907//3072 2906//3072 
f 5587//3072 5586//3072 2908//3072 2907//3072 
f 5586//3072 5585//3072 2909//3072 2908//3072 
f 5585//3072 5584//3072 2910//3072 2909//3072 
f 5584//3073 5583//3073 2911//3073 2910//3073 
f 5583//3073 5582//3073 2912//3073 2911//3073 
f 5582//3073 5581//3073 2913//3073 2912//3073 
f 5581//3073 5580//3073 2914//3073 2913//3073 
f 5580//3074 5579//3074 2915//3074 2914//3074 
f 5579//3075 5578//3075 2916//3075 2915//3075 
f 5578//3075 5577//3075 2917//3075 2916//3075 
f 5577//3075 5576//3075 2918//3075 2917//3075 
f 5576//3076 5575//3076 2919//3076 2918//3076 
f 5575//3076 5574//3076 2920//3076 2919//3076 
f 5574//3076 5573//3076 2921//3076 2920//3076 
f 5573//3076 5572//3076 2922//3076 2921//3076 
f 5572//3077 5571//3077 2923//3077 2922//3077 
f 5571//3076 5570//3076 2924//3076 2923//3076 
f 5570//3076 5569//3076 2925//3076 2924//3076 
f 5569//3078 5568//3078 2926//3078 2925//3078 
f 5568//3079 5567//3079 2927//3079 2926//3079 
f 5567//3079 5566//3079 2928//3079 2927//3079 
f 5566//3078 5565//3078 2929//3078 2928//3078 
f 5565//3078 5564//3078 2930//3078 2929//3078 
f 5564//3079 5563//3079 2931//3079 2930//3079 
f 5563//3079 5562//3079 2932//3079 2931//3079 
f 5562//3080 5561//3080 2933//3080 2932//3080 
f 5561//3080 5560//3080 2934//3080 2933//3080 
f 5560//3080 5559//3080 2935//3080 2934//3080 
f 5559//3081 5558//3081 2936//3081 2935//3081 
f 5558//3081 5557//3081 2937//3081 2936//3081 
f 5557//3082 5556//3082 2938//3082 2937//3082 
f 5556//3083 5555//3083 2939//3083 2938//3083 
f 5555//3084 5554//3084 2939//3084 2939//3084 
f 5554//3085 5553//3085 2940//3085 2939//3085 
f 5553//3086 5552//3086 2941//3086 2940//3086 
f 5552//3086 5551//3086 2942//3086 2941//3086 
f 5551//3087 5550//3087 2263//3087 2942//3087 
f 5550//3088 5549//3088 2264//3088 2263//3088 
f 5549//3089 5548//3089 2265//3089 2264//3089 
f 5548//3089 5547//3089 2266//3089 2265//3089 
f 5547//3090 5546//3090 2267//3090 2266//3090 
f 5546//3091 5545//3091 2268//3091 2267//3091 
f 5545//3092 5544//3092 2269//3092 2268//3092 
f 5544//3093 5543//3093 2270//3093 2269//3093 
f 5543//3093 5542//3093 2271//3093 2270//3093 
f 5542//3094 5541//3094 2272//3094 2271//3094 
f 5541//3095 5540//3095 2273//3095 2272//3095 
f 5540//3096 5539//3096 2274//3096 2273//3096 
f 5539//3097 5538//3097 2275//3097 2274//3097 
f 5538//3098 5537//3098 2276//3098 2275//3098 
f 5537//3099 5536//3099 2277//3099 2276//3099 
f 5536//3100 5535//3100 2278//3100 2277//3100 
f 5535//3101 5534//3101 2279//3101 2278//3101 
f 5534//3101 5533//3101 2280//3101 2279//3101 
f 5533//3101 5532//3101 2281//3101 2280//3101 
f 5532//3102 5531//3102 2282//3102 2281//3102 
f 5531//3103 5530//3103 2283//3103 2282//3103 
f 5530//3104 5529//3104 2284//3104 2283//3104 
f 5529//3105 5528//3105 2285//3105 2284//3105 
f 5528//3106 5527//3106 2286//3106 2285//3106 
f 5527//3105 5526//3105 2287//3105 2286//3105 
f 5526//3107 5525//3107 2288//3107 2287//3107 
f 5525//3108 5524//3108 2289//3108 2288//3108 
f 5524//3109 5523//3109 2290//3109 2289//3109 
f 5523//3110 5522//3110 2291//3110 2290//3110 
f 5522//3108 5521//3108 2292//3108 2291//3108 
f 5521//3108 5520//3108 2293//3108 2292//3108 
f 5520//3111 5519//3111 2294//3111 2293//3111 
f 5519//3112 5518//3112 2295//3112 2294//3112 
f 5518//3112 5517//3112 2296//3112 2295//3112 
f 5517//3113 5516//3113 2297//3113 2296//3113 
f 5516//3114 5515//3114 2298//3114 2297//3114 
f 5515//3112 5514//3112 2299//3112 2298//3112 
f 5514//3112 5513//3112 2300//3112 2299//3112 
f 5513//3115 5512//3115 2301//3115 2300//3115 
f 5512//3116 5511//3116 2302//3116 2301//3116 
f 5511//3115 5510//3115 2303//3115 2302//3115 
f 5510//3116 5509//3116 2304//3116 2303//3116 
f 5509//3117 5508//3117 2305//3117 2304//3117 
f 5508//3117 5507//3117 2306//3117 2305//3117 
f 5507//3118 5506//3118 2307//3118 2306//3118 
f 5506//3118 5505//3118 2308//3118 2307//3118 
f 5505//3118 5504//3118 2309//3118 2308//3118 
f 5504//3118 5503//3118 2310//3118 2309//3118 
f 5503//3118 5502//3118 2311//3118 2310//3118 
f 5502//3119 5501//3119 2312//3119 2311//3119 
f 5501//3119 5500//3119 2313//3119 2312//3119 
f 5500//3119 5499//3119 2314//3119 2313//3119 
f 5499//3119 5498//3119 2315//3119 2314//3119 
f 5498//3119 5497//3119 2316//3119 2315//3119 
f 5497//3119 5496//3119 2317//3119 2316//3119 
f 5496//3119 5495//3119 2318//3119 2317//3119 
f 5495//3119 5494//3119 2319//3119 2318//3119 
f 5494//3119 5493//3119 2320//3119 2319//3119 
f 5493//3119 5492//3119 2321//3119 2320//3119 
f 5492//3119 5491//3119 2322//3119 2321//3119 
f 5491//3119 5490//3119 2323//3119 2322//3119 
f 5490//3119 5489//3119 2324//3119 2323//3119 
f 5489//3119 5488//3119 2325//3119 2324//3119 
f 5488//3120 5487//3120 2326//3120 2325//3120 
f 5487//3121 5486//3121 2327//3121 2326//3121 
f 5486//3119 5485//3119 2328//3119 2327//3119 
f 5485//3119 5484//3119 2329//3119 2328//3119 
f 5484//3119 5483//3119 2330//3119 2329//3119 
f 5483//3119 5482//3119 2331//3119 2330//3119 
f 5482//3122 5481//3122 2332//3122 2331//3122 
f 5481//3122 5480//3122 2333//3122 2332//3122 
f 5480//3123 5479//3123 2334//3123 2333//3123 
f 5479//3124 5478//3124 2335//3124 2334//3124 
f 5478//3123 5477//3123 2336//3123 2335//3123 
f 5477//3124 5476//3124 2337//3124 2336//3124 
f 5476//3122 5475//3122 2338//3122 2337//3122 
f 5475//3125 5474//3125 2339//3125 2338//3125 
f 5474//3126 5473//3126 2340//3126 2339//3126 
f 5473//3127 5472//3127 2341//3127 2340//3127 
f 5472//3127 5471//3127 2342//3127 2341//3127 
f 5471//3128 5470//3128 2343//3128 2342//3128 
f 5470//3129 5470//3129 2344//3129 2343//3129 
f 5470//3127 5469//3127 2345//3127 2344//3127 
f 5469//3127 5468//3127 2346//3127 2345//3127 
f 5468//3130 5468//3130 2346//3130 2346//3130 
f 5468//3128 5467//3128 2347//3128 2346//3128 
f 5467//3131 5466//3131 2348//3131 2347//3131 
f 5466//3125 5465//3125 2349//3125 2348//3125 
f 5465//3125 5464//3125 2350//3125 2349//3125 
f 5464//3132 5463//3132 2351//3132 2350//3132 
f 5463//3132 5462//3132 2352//3132 2351//3132 
f 5462//3133 5461//3133 2353//3133 2352//3133 
f 5461//2745 5460//2745 2354//2745 2353//2745 
f 4792//3134 4791//3134 3138//3134 3137//3134 
f 4791//3134 4790//3134 3139//3134 3138//3134 
f 4790//3134 4789//3134 3140//3134 3139//3134 
f 4789//3134 4788//3134 3141//3134 3140//3134 
f 4788//3134 4787//3134 3142//3134 3141//3134 
f 4787//3135 5843//3135 3143//3135 3142//3135 
f 5843//3136 5842//3136 3144//3136 3143//3136 
f 5842//3135 5841//3135 3145//3135 3144//3135 
f 5841//3135 5840//3135 3146//3135 3145//3135 
f 5840//3135 5839//3135 3147//3135 3146//3135 
f 5839//3137 5838//3137 3148//3137 3147//3137 
f 5838//3138 5837//3138 3149//3138 3148//3138 
f 5837//3137 5836//3137 3150//3137 3149//3137 
f 5836//3137 5835//3137 3151//3137 3150//3137 
f 5835//3138 5834//3138 3152//3138 3151//3138 
f 5834//3137 5833//3137 3153//3137 3152//3137 
f 5833//3137 5152//3137 3154//3137 3153//3137 
f 5152//3137 5151//3137 3155//3137 3154//3137 
f 5151//3137 5150//3137 3156//3137 3155//3137 
f 5150//3137 5149//3137 3157//3137 3156//3137 
f 5149//3139 5148//3139 3158//3139 3157//3139 
f 5148//3138 5147//3138 3159//3138 3158//3138 
f 5147//3138 5146//3138 3160//3138 3159//3138 
f 5146//3137 5145//3137 3161//3137 3160//3137 
f 5145//3140 5144//3140 3162//3140 3161//3140 
f 5144//3140 5143//3140 3163//3140 3162//3140 
f 5143//3140 5142//3140 3164//3140 3163//3140 
f 5142//3141 5141//3141 3165//3141 3164//3141 
f 5141//3141 5140//3141 3166//3141 3165//3141 
f 5140//3140 5139//3140 3167//3140 3166//3140 
f 5139//3140 5138//3140 3168//3140 3167//3140 
f 5138//3140 5137//3140 3169//3140 3168//3140 
f 5137//3141 5136//3141 3170//3141 3169//3141 
f 5136//3140 5135//3140 3171//3140 3170//3140 
f 5135//3140 5134//3140 3172//3140 3171//3140 
f 5134//3140 5133//3140 3173//3140 3172//3140 
f 5133//3140 5132//3140 3174//3140 3173//3140 
f 5132//3140 5131//3140 3175//3140 3174//3140 
f 5131//3140 5130//3140 3176//3140 3175//3140 
f 5130//3142 5129//3142 3177//3142 3176//3142 
f 5129//3141 5128//3141 3178//3141 3177//3141 
f 5128//3140 5127//3140 3179//3140 3178//3140 
f 5127//3140 5126//3140 3180//3140 3179//3140 
f 5126//3137 5125//3137 3181//3137 3180//3137 
f 5125//3143 5124//3143 3182//3143 3181//3143 
f 5124//3137 5123//3137 3183//3137 3182//3137 
f 5123//3144 5122//3144 3184//3144 3183//3144 
f 5122//3137 5121//3137 3185//3137 3184//3137 
f 5121//3137 5120//3137 3186//3137 3185//3137 
f 5120//3137 5119//3137 3187//3137 3186//3137 
f 5119//3137 5118//3137 3188//3137 3187//3137 
f 5118//3137 5117//3137 3189//3137 3188//3137 
f 5117//3138 5116//3138 3190//3138 3189//3138 
f 5116//3137 5115//3137 3191//3137 3190//3137 
f 5115//3138 5114//3138 3192//3138 3191//3138 
f 5114//3144 5113//3144 3193//3144 3192//3144 
f 5113//3137 5112//3137 3194//3137 3193//3137 
f 5112//3137 5111//3137 3195//3137 3194//3137 
f 5111//3137 5110//3137 3196//3137 3195//3137 
f 5110//3138 5109//3138 3197//3138 3196//3138 
f 5109//3145 5108//3145 3198//3145 3197//3145 
f 5108//3146 5107//3146 3199//3146 3198//3146 
f 5107//3138 5106//3138 3200//3138 3199//3138 
f 5106//3147 5105//3147 3201//3147 3200//3147 
f 5105//3148 5104//3148 3202//3148 3201//3148 
f 5104//3138 5103//3138 3203//3138 3202//3138 
f 5103//3137 5102//3137 3204//3137 3203//3137 
f 5102//3149 5101//3149 3205//3149 3204//3149 
f 5101//3149 5100//3149 3206//3149 3205//3149 
f 5100//3150 5099//3150 3207//3150 3206//3150 
f 5099//3150 5098//3150 3208//3150 3207//3150 
f 5098//3149 5097//3149 3209//3149 3208//3149 
f 5097//3151 5096//3151 3210//3151 3209//3151 
f 5096//3151 5095//3151 3211//3151 3210//3151 
f 5095//3152 5094//3152 3212//3152 3211//3152 
f 5094//3151 5093//3151 3213//3151 3212//3151 
f 5093//3149 5092//3149 3214//3149 3213//3149 
f 5092//3149 5091//3149 3215//3149 3214//3149 
f 5091//3153 5090//3153 3216//3153 3215//3153 
f 5090//3149 5089//3149 3217//3149 3216//3149 
f 5089//3149 5088//3149 3218//3149 3217//3149 
f 5088//3149 5087//3149 3219//3149 3218//3149 
f 5087//3151 5086//3151 3220//3151 3219//3151 
f 5086//3149 5085//3149 3221//3149 3220//3149 
f 5085//3149 5084//3149 3222//3149 3221//3149 
f 5084//3137 5083//3137 3223//3137 3222//3137 
f 5083//3139 5082//3139 3224//3139 3223//3139 
f 5082//3138 5081//3138 3225//3138 3224//3138 
f 5081//3137 5080//3137 3226//3137 3225//3137 
f 5080//3138 5079//3138 3227//3138 3226//3138 
f 5079//3139 5078//3139 3228//3139 3227//3139 
f 5078//3154 5077//3154 3229//3154 3228//3154 
f 5077//3155 5076//3155 3230//3155 3229//3155 
f 5076//3144 5075//3144 3231//3144 3230//3144 
f 5075//3137 5074//3137 3232//3137 3231//3137 
f 5074//3156 5073//3156 3233//3156 3232//3156 
f 5073//3157 5072//3157 3234//3157 3233//3157 
f 5072//3158 5071//3158 3235//3158 3234//3158 
f 5071//3138 5070//3138 3236//3138 3235//3138 
f 5070//3159 5069//3159 3237//3159 3236//3159 
f 5069//3160 5069//3160 3237//3160 3237//3160 
f 5069//3137 5068//3137 3238//3137 3237//3137 
f 5068//3137 5067//3137 3239//3137 3238//3137 
f 5067//3137 5066//3137 3240//3137 3239//3137 
f 5066//3137 5065//3137 3241//3137 3240//3137 
f 5065//3137 5064//3137 3242//3137 3241//3137 
f 5064//3137 5063//3137 3243//3137 3242//3137 
f 5063//3137 5062//3137 3244//3137 3243//3137 
f 5062//3137 5061//3137 3245//3137 3244//3137 
f 5061//3137 5060//3137 3246//3137 3245//3137 
f 5060//3137 5059//3137 3247//3137 3246//3137 
f 5059//3144 5058//3144 3248//3144 3247//3144 
f 5058//3138 5057//3138 3249//3138 3248//3138 
f 5057//3137 5056//3137 3250//3137 3249//3137 
f 5056//3137 5055//3137 3251//3137 3250//3137 
f 5055//3137 5054//3137 3252//3137 3251//3137 
f 5054//3137 5053//3137 3253//3137 3252//3137 
f 5053//3137 5052//3137 3254//3137 3253//3137 
f 5052//3138 5051//3138 3255//3138 3254//3138 
f 5051//3137 5050//3137 3256//3137 3255//3137 
f 5050//3137 5049//3137 3257//3137 3256//3137 
f 5049//3137 5048//3137 3258//3137 3257//3137 
f 5048//3138 5047//3138 3259//3138 3258//3138 
f 5047//3137 5046//3137 3260//3137 3259//3137 
f 5046//3138 5045//3138 3261//3138 3260//3138 
f 5045//3137 5044//3137 3262//3137 3261//3137 
f 5044//3138 5043//3138 3263//3138 3262//3138 
f 5043//3137 5042//3137 3264//3137 3263//3137 
f 5042//3137 5041//3137 3265//3137 3264//3137 
f 5041//3137 5040//3137 3266//3137 3265//3137 
f 5040//3137 5039//3137 3267//3137 3266//3137 
f 5039//3138 5038//3138 3268//3138 3267//3138 
f 5038//3139 5037//3139 3269//3139 3268//3139 
f 5037//3144 5036//3144 3270//3144 3269//3144 
f 5036//3145 5035//3145 3271//3145 3270//3145 
f 5035//3137 5034//3137 3272//3137 3271//3137 
f 5034//3137 5033//3137 3273//3137 3272//3137 
f 5033//3161 5033//3161 3273//3161 3273//3161 
f 5033//3162 5032//3162 3274//3162 3273//3162 
f 5032//3163 5032//3163 3275//3163 3274//3163 
f 5032//3164 5032//3164 3275//3164 3275//3164 
f 5032//3165 5032//3165 3275//3165 3275//3165 
f 5032//3166 5032//3166 3275//3166 3275//3166 
f 5032//3166 5032//3166 3275//3166 3275//3166 
f 5032//3157 5031//3157 3276//3157 3275//3157 
f 5031//3167 5031//3167 3276//3167 3276//3167 
f 5031//3168 5031//3168 3276//3168 3276//3168 
f 5031//3169 5031//3169 3276//3169 3276//3169 
f 5031//3170 5030//3170 3277//3170 3276//3170 
f 5030//3171 5030//3171 3277//3171 3277//3171 
f 5030//3172 5030//3172 3277//3172 3277//3172 
f 5030//3143 5030//3143 3277//3143 3277//3143 
f 5030//3173 5030//3173 3277//3173 3277//3173 
f 5030//3174 5029//3174 3278//3174 3277//3174 
f 5029//3139 5028//3139 3279//3139 3278//3139 
f 5028//3137 5027//3137 3280//3137 3279//3137 
f 5027//3146 5026//3146 3281//3146 3280//3146 
f 5026//3138 5025//3138 3282//3138 3281//3138 
f 5025//3175 5024//3175 3283//3175 3282//3175 
f 5024//3176 5023//3176 3284//3176 3283//3176 
f 5023//3177 5022//3177 3285//3177 3284//3177 
f 5022//3171 5021//3171 3286//3171 3285//3171 
f 5021//3178 5020//3178 3287//3178 3286//3178 
f 5020//3179 5019//3179 3288//3179 3287//3179 
f 5019//3180 5018//3180 3289//3180 3288//3180 
f 5018//3179 5017//3179 3290//3179 3289//3179 
f 5017//3179 5016//3179 3291//3179 3290//3179 
f 5016//3179 5015//3179 3292//3179 3291//3179 
f 5015//3181 5014//3181 3293//3181 3292//3181 
f 5014//3182 5013//3182 3294//3182 3293//3182 
f 5013//3183 5012//3183 3295//3183 3294//3183 
f 5012//3184 5011//3184 3296//3184 3295//3184 
f 5011//3183 5010//3183 3297//3183 3296//3183 
f 5010//3185 5009//3185 3298//3185 3297//3185 
f 5009//3186 5008//3186 3299//3186 3298//3186 
f 5008//3187 5007//3187 3300//3187 3299//3187 
f 5007//3188 5007//3188 3300//3188 3300//3188 
f 5007//3189 5006//3189 3301//3189 3300//3189 
f 5006//3190 5005//3190 3302//3190 3301//3190 
f 5005//3191 5004//3191 3303//3191 3302//3191 
f 5004//3186 5004//3186 3303//3186 3303//3186 
f 5004//3192 5003//3192 3304//3192 3303//3192 
f 5003//3186 5002//3186 3305//3186 3304//3186 
f 5002//3193 5001//3193 3306//3193 3305//3193 
f 5001//3194 5000//3194 3307//3194 3306//3194 
f 5000//3194 4999//3194 3308//3194 3307//3194 
f 4999//3195 4998//3195 3309//3195 3308//3195 
f 4998//3196 4997//3196 3310//3196 3309//3196 
f 4997//3197 4996//3197 3311//3197 3310//3197 
f 4996//3198 4995//3198 3312//3198 3311//3198 
f 4995//3198 4994//3198 3313//3198 3312//3198 
f 4994//3198 4993//3198 3314//3198 3313//3198 
f 4993//3199 4992//3199 3315//3199 3314//3199 
f 4992//3199 4991//3199 3316//3199 3315//3199 
f 4991//3200 4990//3200 3317//3200 3316//3200 
f 4990//3201 4989//3201 3318//3201 3317//3201 
f 4989//3202 4988//3202 3319//3202 3318//3202 
f 4988//3203 4987//3203 3320//3203 3319//3203 
f 4987//3204 4986//3204 3321//3204 3320//3204 
f 4986//3204 4985//3204 2943//3204 3321//3204 
f 4985//3205 4984//3205 2944//3205 2943//3205 
f 4984//3206 4983//3206 2945//3206 2944//3206 
f 4983//3206 4982//3206 2946//3206 2945//3206 
f 4982//3207 4981//3207 2947//3207 2946//3207 
f 4981//3208 4980//3208 2948//3208 2947//3208 
f 4980//3208 4979//3208 2949//3208 2948//3208 
f 4979//3209 4978//3209 2950//3209 2949//3209 
f 4978//3210 4977//3210 2951//3210 2950//3210 
f 4977//3209 4976//3209 2952//3209 2951//3209 
f 4976//3209 4975//3209 2953//3209 2952//3209 
f 4975//3209 4974//3209 2954//3209 2953//3209 
f 4974//3211 4973//3211 2955//3211 2954//3211 
f 4973//3212 4972//3212 2956//3212 2955//3212 
f 4972//3212 4971//3212 2957//3212 2956//3212 
f 4971//3212 4970//3212 2958//3212 2957//3212 
f 4970//3212 4969//3212 2959//3212 2958//3212 
f 4969//3212 4968//3212 2960//3212 2959//3212 
f 4968//3213 4967//3213 2961//3213 2960//3213 
f 4967//3214 4966//3214 2962//3214 2961//3214 
f 4966//3215 4965//3215 2963//3215 2962//3215 
f 4965//3214 4964//3214 2964//3214 2963//3214 
f 4964//3216 4963//3216 2965//3216 2964//3216 
f 4963//3216 4962//3216 2966//3216 2965//3216 
f 4962//3217 4961//3217 2967//3217 2966//3217 
f 4961//3218 4960//3218 2968//3218 2967//3218 
f 4960//3217 4959//3217 2969//3217 2968//3217 
f 4959//3219 4958//3219 2970//3219 2969//3219 
f 4958//3220 4957//3220 2971//3220 2970//3220 
f 4957//3221 4957//3221 2972//3221 2971//3221 
f 4957//3220 4956//3220 2973//3220 2972//3220 
f 4956//3222 4955//3222 2974//3222 2973//3222 
f 4955//3223 4954//3223 2975//3223 2974//3223 
f 4954//3224 4953//3224 2976//3224 2975//3224 
f 4953//3225 4952//3225 2977//3225 2976//3225 
f 4952//3224 4951//3224 2978//3224 2977//3224 
f 4951//3226 4950//3226 2979//3226 2978//3226 
f 4950//3224 4949//3224 2980//3224 2979//3224 
f 4949//3227 4948//3227 2981//3227 2980//3227 
f 4948//3227 4947//3227 2982//3227 2981//3227 
f 4947//3228 4946//3228 2983//3228 2982//3228 
f 4946//3227 4945//3227 2984//3227 2983//3227 
f 4945//3229 4944//3229 2985//3229 2984//3229 
f 4944//3230 4943//3230 2986//3230 2985//3230 
f 4943//3231 4942//3231 2987//3231 2986//3231 
f 4942//3230 4941//3230 2988//3230 2987//3230 
f 4941//3230 4940//3230 2989//3230 2988//3230 
f 4940//3230 4939//3230 2990//3230 2989//3230 
f 4939//3230 4938//3230 2991//3230 2990//3230 
f 4938//3232 4937//3232 2992//3232 2991//3232 
f 4937//3233 4936//3233 2993//3233 2992//3233 
f 4936//3230 4935//3230 2994//3230 2993//3230 
f 4935//3234 4934//3234 2995//3234 2994//3234 
f 4934//3235 4933//3235 2996//3235 2995//3235 
f 4933//3236 4932//3236 2997//3236 2996//3236 
f 4932//3237 4931//3237 2998//3237 2997//3237 
f 4931//3230 4930//3230 2999//3230 2998//3230 
f 4930//3238 4929//3238 3000//3238 2999//3238 
f 4929//3230 4928//3230 3001//3230 3000//3230 
f 4928//3230 4927//3230 3002//3230 3001//3230 
f 4927//3232 4926//3232 3003//3232 3002//3232 
f 4926//3230 4925//3230 3004//3230 3003//3230 
f 4925//3230 4924//3230 3005//3230 3004//3230 
f 4924//3230 4923//3230 3006//3230 3005//3230 
f 4923//3230 4922//3230 3007//3230 3006//3230 
f 4922//3238 4921//3238 3008//3238 3007//3238 
f 4921//3230 4920//3230 3009//3230 3008//3230 
f 4920//3230 4919//3230 3010//3230 3009//3230 
f 4919//3239 4918//3239 3011//3239 3010//3239 
f 4918//3238 4917//3238 3012//3238 3011//3238 
f 4917//3230 4916//3230 3013//3230 3012//3230 
f 4916//3230 4915//3230 3014//3230 3013//3230 
f 4915//3238 4914//3238 3015//3238 3014//3238 
f 4914//3230 4913//3230 3016//3230 3015//3230 
f 4913//3238 4912//3238 3017//3238 3016//3238 
f 4912//3240 4911//3240 3018//3240 3017//3240 
f 4911//3240 4910//3240 3019//3240 3018//3240 
f 4910//3241 4909//3241 3020//3241 3019//3241 
f 4909//3240 4908//3240 3021//3240 3020//3240 
f 4908//3241 4907//3241 3022//3241 3021//3241 
f 4907//3242 4906//3242 3023//3242 3022//3242 
f 4906//3243 4905//3243 3024//3243 3023//3243 
f 4905//3244 4904//3244 3025//3244 3024//3244 
f 4904//3244 4903//3244 3026//3244 3025//3244 
f 4903//3244 4902//3244 3027//3244 3026//3244 
f 4902//3245 4901//3245 3028//3245 3027//3245 
f 4901//3245 4900//3245 3029//3245 3028//3245 
f 4900//3246 4899//3246 3030//3246 3029//3246 
f 4899//3247 4898//3247 3031//3247 3030//3247 
f 4898//3247 4897//3247 3032//3247 3031//3247 
f 4897//3248 4896//3248 3033//3248 3032//3248 
f 4896//3249 4895//3249 3034//3249 3033//3249 
f 4895//3249 4894//3249 3035//3249 3034//3249 
f 4894//3250 4893//3250 3036//3250 3035//3250 
f 4893//3251 4892//3251 3037//3251 3036//3251 
f 4892//3252 4891//3252 3038//3252 3037//3252 
f 4891//3253 4890//3253 3039//3253 3038//3253 
f 4890//3254 4889//3254 3040//3254 3039//3254 
f 4889//3254 4888//3254 3041//3254 3040//3254 
f 4888//3255 4887//3255 3042//3255 3041//3255 
f 4887//3255 4886//3255 3043//3255 3042//3255 
f 4886//3256 4885//3256 3044//3256 3043//3256 
f 4885//3257 4884//3257 3045//3257 3044//3257 
f 4884//3258 4883//3258 3046//3258 3045//3258 
f 4883//3258 4882//3258 3047//3258 3046//3258 
f 4882//3259 4881//3259 3048//3259 3047//3259 
f 4881//3260 4880//3260 3049//3260 3048//3260 
f 4880//3261 4879//3261 3050//3261 3049//3261 
f 4879//3262 4878//3262 3051//3262 3050//3262 
f 4878//3262 4877//3262 3052//3262 3051//3262 
f 4877//3262 4876//3262 3053//3262 3052//3262 
f 4876//3263 4875//3263 3054//3263 3053//3263 
f 4875//3264 4874//3264 3055//3264 3054//3264 
f 4874//3263 4873//3263 3056//3263 3055//3263 
f 4873//3265 4872//3265 3057//3265 3056//3265 
f 4872//3266 4871//3266 3058//3266 3057//3266 
f 4871//3267 4870//3267 3059//3267 3058//3267 
f 4870//3267 4869//3267 3060//3267 3059//3267 
f 4869//3268 4868//3268 3061//3268 3060//3268 
f 4868//3269 4867//3269 3062//3269 3061//3269 
f 4867//3270 4866//3270 3063//3270 3062//3270 
f 4866//3269 4865//3269 3064//3269 3063//3269 
f 4865//3271 4864//3271 3065//3271 3064//3271 
f 4864//3269 4863//3269 3066//3269 3065//3269 
f 4863//3272 4862//3272 3067//3272 3066//3272 
f 4862//3273 4861//3273 3068//3273 3067//3273 
f 4861//3273 4860//3273 3069//3273 3068//3273 
f 4860//3274 4859//3274 3070//3274 3069//3274 
f 4859//3275 4858//3275 3071//3275 3070//3275 
f 4858//3276 4857//3276 3072//3276 3071//3276 
f 4857//3276 4856//3276 3073//3276 3072//3276 
f 4856//3276 4855//3276 3074//3276 3073//3276 
f 4855//3276 4854//3276 3075//3276 3074//3276 
f 4854//3277 4853//3277 3076//3277 3075//3277 
f 4853//3278 4852//3278 3077//3278 3076//3278 
f 4852//3278 4851//3278 3078//3278 3077//3278 
f 4851//3278 4850//3278 3079//3278 3078//3278 
f 4850//3278 4849//3278 3080//3278 3079//3278 
f 4849//3134 4848//3134 3081//3134 3080//3134 
f 4848//3279 4847//3279 3082//3279 3081//3279 
f 4847//3134 4846//3134 3083//3134 3082//3134 
f 4846//3280 4845//3280 3084//3280 3083//3280 
f 4845//3134 4844//3134 3085//3134 3084//3134 
f 4844//3134 4843//3134 3086//3134 3085//3134 
f 4843//3134 4842//3134 3087//3134 3086//3134 
f 4842//3134 4841//3134 3088//3134 3087//3134 
f 4841//3134 4840//3134 3089//3134 3088//3134 
f 4840//3134 4839//3134 3090//3134 3089//3134 
f 4839//3134 4838//3134 3091//3134 3090//3134 
f 4838//3134 4837//3134 3092//3134 3091//3134 
f 4837//3281 4836//3281 3093//3281 3092//3281 
f 4836//3134 4835//3134 3094//3134 3093//3134 
f 4835//3134 4834//3134 3095//3134 3094//3134 
f 4834//3134 4833//3134 3096//3134 3095//3134 
f 4833//3134 4832//3134 3097//3134 3096//3134 
f 4832//3134 4831//3134 3098//3134 3097//3134 
f 4831//3134 4830//3134 3099//3134 3098//3134 
f 4830//3134 4829//3134 3100//3134 3099//3134 
f 4829//3134 4828//3134 3101//3134 3100//3134 
f 4828//3134 4827//3134 3102//3134 3101//3134 
f 4827//3134 4826//3134 3103//3134 3102//3134 
f 4826//3134 4825//3134 3104//3134 3103//3134 
f 4825//3134 4824//3134 3105//3134 3104//3134 
f 4824//3134 4823//3134 3106//3134 3105//3134 
f 4823//3280 4822//3280 3107//3280 3106//3280 
f 4822//3134 4821//3134 3108//3134 3107//3134 
f 4821//3134 4820//3134 3109//3134 3108//3134 
f 4820//3134 4819//3134 3110//3134 3109//3134 
f 4819//3134 4818//3134 3111//3134 3110//3134 
f 4818//3280 4817//3280 3112//3280 3111//3280 
f 4817//3134 4816//3134 3113//3134 3112//3134 
f 4816//3149 4815//3149 3114//3149 3113//3149 
f 4815//3151 4814//3151 3115//3151 3114//3151 
f 4814//3149 4813//3149 3116//3149 3115//3149 
f 4813//3151 4812//3151 3117//3151 3116//3151 
f 4812//3149 4811//3149 3118//3149 3117//3149 
f 4811//3149 4810//3149 3119//3149 3118//3149 
f 4810//3149 4809//3149 3120//3149 3119//3149 
f 4809//3134 4808//3134 3121//3134 3120//3134 
f 4808//3134 4807//3134 3122//3134 3121//3134 
f 4807//3134 4806//3134 3123//3134 3122//3134 
f 4806//3134 4805//3134 3124//3134 3123//3134 
f 4805//3134 4804//3134 3125//3134 3124//3134 
f 4804//3140 4803//3140 3126//3140 3125//3140 
f 4803//3140 4802//3140 3127//3140 3126//3140 
f 4802//3141 4801//3141 3128//3141 3127//3141 
f 4801//3140 4800//3140 3129//3140 3128//3140 
f 4800//3140 4799//3140 3130//3140 3129//3140 
f 4799//3140 4798//3140 3131//3140 3130//3140 
f 4798//3140 4797//3140 3132//3140 3131//3140 
f 4797//3134 4796//3134 3133//3134 3132//3134 
f 4796//3134 4795//3134 3134//3134 3133//3134 
f 4795//3134 4794//3134 3135//3134 3134//3134 
f 4794//3134 4793//3134 3136//3134 3135//3134 
f 4793//3134 4792//3134 3137//3134 3136//3134 
f 5845//3282 5844//3282 3721//3282 3720//3282 
f 5844//3283 4786//3283 3722//3283 3721//3283 
f 4786//3283 4785//3283 3723//3283 3722//3283 
f 4785//3283 4784//3283 3724//3283 3723//3283 
f 4784//3284 4783//3284 3725//3284 3724//3284 
f 4783//3284 4782//3284 3726//3284 3725//3284 
f 4782//3285 4781//3285 3727//3285 3726//3285 
f 4781//3286 4780//3286 3728//3286 3727//3286 
f 4780//3287 4779//3287 3729//3287 3728//3287 
f 4779//3287 4778//3287 3730//3287 3729//3287 
f 4778//3287 4777//3287 3542//3287 3730//3287 
f 4777//3287 4776//3287 3543//3287 3542//3287 
f 4776//3287 4775//3287 3544//3287 3543//3287 
f 4775//3288 4774//3288 3545//3288 3544//3288 
f 4774//3288 4773//3288 3546//3288 3545//3288 
f 4773//3288 4772//3288 3547//3288 3546//3288 
f 4772//3289 4771//3289 3548//3289 3547//3289 
f 4771//3289 4770//3289 3549//3289 3548//3289 
f 4770//3289 4769//3289 3550//3289 3549//3289 
f 4769//3289 4768//3289 3551//3289 3550//3289 
f 4768//3290 4767//3290 3552//3290 3551//3290 
f 4767//3291 4766//3291 3553//3291 3552//3291 
f 4766//3292 4765//3292 3554//3292 3553//3292 
f 4765//3293 4764//3293 3555//3293 3554//3293 
f 4764//3292 4763//3292 3556//3292 3555//3292 
f 4763//3292 4762//3292 3557//3292 3556//3292 
f 4762//3292 4761//3292 3558//3292 3557//3292 
f 4761//3294 4760//3294 3559//3294 3558//3294 
f 4760//3295 4759//3295 3560//3295 3559//3295 
f 4759//3294 4758//3294 3561//3294 3560//3294 
f 4758//3296 4757//3296 3562//3296 3561//3296 
f 4757//3294 4756//3294 3563//3294 3562//3294 
f 4756//3295 4755//3295 3564//3295 3563//3295 
f 4755//3297 4754//3297 3565//3297 3564//3297 
f 4754//3294 4753//3294 3566//3294 3565//3294 
f 4753//3294 4752//3294 3567//3294 3566//3294 
f 4752//3294 4751//3294 3568//3294 3567//3294 
f 4751//3298 4750//3298 3569//3298 3568//3298 
f 4750//3294 4749//3294 3570//3294 3569//3294 
f 4749//3294 4748//3294 3571//3294 3570//3294 
f 4748//3294 4747//3294 3572//3294 3571//3294 
f 4747//3294 4746//3294 3573//3294 3572//3294 
f 4746//3294 4745//3294 3574//3294 3573//3294 
f 4745//3299 4744//3299 3575//3299 3574//3299 
f 4744//3300 4743//3300 3576//3300 3575//3300 
f 4743//3301 4742//3301 3577//3301 3576//3301 
f 4742//3299 4741//3299 3578//3299 3577//3299 
f 4741//3302 4740//3302 3579//3302 3578//3302 
f 4740//3303 4739//3303 3580//3303 3579//3303 
f 4739//3302 4738//3302 3581//3302 3580//3302 
f 4738//3302 4737//3302 3582//3302 3581//3302 
f 4737//3302 4736//3302 3583//3302 3582//3302 
f 4736//3302 4735//3302 3584//3302 3583//3302 
f 4735//3304 4734//3304 3585//3304 3584//3304 
f 4734//3304 4733//3304 3586//3304 3585//3304 
f 4733//3304 4732//3304 3587//3304 3586//3304 
f 4732//3304 4731//3304 3588//3304 3587//3304 
f 4731//3304 4730//3304 3589//3304 3588//3304 
f 4730//3305 4729//3305 3590//3305 3589//3305 
f 4729//3306 4728//3306 3591//3306 3590//3306 
f 4728//3306 4727//3306 3592//3306 3591//3306 
f 4727//3306 4726//3306 3593//3306 3592//3306 
f 4726//3306 4725//3306 3594//3306 3593//3306 
f 4725//3306 4724//3306 3595//3306 3594//3306 
f 4724//3306 4723//3306 3596//3306 3595//3306 
f 4723//3306 4722//3306 3597//3306 3596//3306 
f 4722//3307 4721//3307 3598//3307 3597//3307 
f 4721//3308 4720//3308 3599//3308 3598//3308 
f 4720//3309 4719//3309 3600//3309 3599//3309 
f 4719//3310 4718//3310 3601//3310 3600//3310 
f 4718//3311 4717//3311 3602//3311 3601//3311 
f 4717//3310 4716//3310 3603//3310 3602//3310 
f 4716//3312 4715//3312 3604//3312 3603//3312 
f 4715//3312 4714//3312 3605//3312 3604//3312 
f 4714//3312 4713//3312 3606//3312 3605//3312 
f 4713//3312 4712//3312 3607//3312 3606//3312 
f 4712//3313 4711//3313 3608//3313 3607//3313 
f 4711//3313 4710//3313 3609//3313 3608//3313 
f 4710//3314 4709//3314 3610//3314 3609//3314 
f 4709//3314 4708//3314 3611//3314 3610//3314 
f 4708//3314 4707//3314 3612//3314 3611//3314 
f 4707//3314 4706//3314 3613//3314 3612//3314 
f 4706//3315 4705//3315 3614//3315 3613//3315 
f 4705//3316 4704//3316 3615//3316 3614//3316 
f 4704//3317 4703//3317 3616//3317 3615//3317 
f 4703//3318 4702//3318 3617//3318 3616//3318 
f 4702//3318 4701//3318 3618//3318 3617//3318 
f 4701//3319 4700//3319 3619//3319 3618//3319 
f 4700//3320 4699//3320 3620//3320 3619//3320 
f 4699//3319 4698//3319 3621//3319 3620//3319 
f 4698//3319 4697//3319 3622//3319 3621//3319 
f 4697//3320 4696//3320 3623//3320 3622//3320 
f 4696//3319 4695//3319 3624//3319 3623//3319 
f 4695//3321 4694//3321 3625//3321 3624//3321 
f 4694//3321 4693//3321 3626//3321 3625//3321 
f 4693//3322 4692//3322 3627//3322 3626//3322 
f 4692//3321 4691//3321 3628//3321 3627//3321 
f 4691//3323 4690//3323 3629//3323 3628//3323 
f 4690//3324 4689//3324 3630//3324 3629//3324 
f 4689//3324 4688//3324 3631//3324 3630//3324 
f 4688//3325 4688//3325 3631//3325 3631//3325 
f 4688//3326 4687//3326 3632//3326 3631//3326 
f 4687//3327 4686//3327 3633//3327 3632//3327 
f 4686//3327 4685//3327 3634//3327 3633//3327 
f 4685//3327 4684//3327 3635//3327 3634//3327 
f 4684//3327 4683//3327 3636//3327 3635//3327 
f 4683//3327 4682//3327 3637//3327 3636//3327 
f 4682//3327 4681//3327 3638//3327 3637//3327 
f 4681//3327 4680//3327 3639//3327 3638//3327 
f 4680//3328 4679//3328 3640//3328 3639//3328 
f 4679//3329 4678//3329 3641//3329 3640//3329 
f 4678//3330 4677//3330 3642//3330 3641//3330 
f 4677//3330 4676//3330 3643//3330 3642//3330 
f 4676//3331 4675//3331 3644//3331 3643//3331 
f 4675//3331 4674//3331 3645//3331 3644//3331 
f 4674//3331 4673//3331 3646//3331 3645//3331 
f 4673//3332 4672//3332 3647//3332 3646//3332 
f 4672//3333 4671//3333 3648//3333 3647//3333 
f 4671//3334 4670//3334 3649//3334 3648//3334 
f 4670//3334 4669//3334 3650//3334 3649//3334 
f 4669//3335 4668//3335 3651//3335 3650//3335 
f 4668//3335 4667//3335 3652//3335 3651//3335 
f 4667//3335 4666//3335 3653//3335 3652//3335 
f 4666//3335 4665//3335 3654//3335 3653//3335 
f 4665//3336 4664//3336 3655//3336 3654//3336 
f 4664//3337 4663//3337 3656//3337 3655//3337 
f 4663//3337 4662//3337 3657//3337 3656//3337 
f 4662//3337 4661//3337 3658//3337 3657//3337 
f 4661//3338 4660//3338 3659//3338 3658//3338 
f 4660//3339 4659//3339 3660//3339 3659//3339 
f 4659//3340 4658//3340 3661//3340 3660//3340 
f 4658//3341 4657//3341 3662//3341 3661//3341 
f 4657//3342 4656//3342 3663//3342 3662//3342 
f 4656//3342 4655//3342 3664//3342 3663//3342 
f 4655//3343 4654//3343 3665//3343 3664//3343 
f 4654//3343 4653//3343 3666//3343 3665//3343 
f 4653//3343 4652//3343 3667//3343 3666//3343 
f 4652//3344 4651//3344 3668//3344 3667//3344 
f 4651//3345 4650//3345 3669//3345 3668//3345 
f 4650//3346 4649//3346 3670//3346 3669//3346 
f 4649//3347 4648//3347 3671//3347 3670//3347 
f 4648//3348 4647//3348 3672//3348 3671//3348 
f 4647//3348 4646//3348 3673//3348 3672//3348 
f 4646//3349 4645//3349 3674//3349 3673//3349 
f 4645//3349 4644//3349 3675//3349 3674//3349 
f 4644//3349 4643//3349 3676//3349 3675//3349 
f 4643//3350 4642//3350 3677//3350 3676//3350 
f 4642//3349 4641//3349 3678//3349 3677//3349 
f 4641//3351 4640//3351 3679//3351 3678//3351 
f 4640//3351 4639//3351 3680//3351 3679//3351 
f 4639//3352 4638//3352 3681//3352 3680//3352 
f 4638//3352 4637//3352 3682//3352 3681//3352 
f 4637//3353 4636//3353 3683//3353 3682//3353 
f 4636//3354 4635//3354 3684//3354 3683//3354 
f 4635//3355 4634//3355 3685//3355 3684//3355 
f 4634//3356 4633//3356 3686//3356 3685//3356 
f 4633//3356 4632//3356 3687//3356 3686//3356 
f 4632//3356 4631//3356 3688//3356 3687//3356 
f 4631//3357 4630//3357 3689//3357 3688//3357 
f 4630//3358 4629//3358 3690//3358 3689//3358 
f 4629//3358 4628//3358 3691//3358 3690//3358 
f 4628//3358 4627//3358 3692//3358 3691//3358 
f 4627//3359 4626//3359 3693//3359 3692//3359 
f 4626//3359 4625//3359 3694//3359 3693//3359 
f 4625//3359 4624//3359 3695//3359 3694//3359 
f 4624//3360 4623//3360 3696//3360 3695//3360 
f 4623//3361 5868//3361 3697//3361 3696//3361 
f 5868//3361 5867//3361 3698//3361 3697//3361 
f 5867//3361 5866//3361 3699//3361 3698//3361 
f 5866//3362 5865//3362 3700//3362 3699//3362 
f 5865//3363 5864//3363 3701//3363 3700//3363 
f 5864//3363 5863//3363 3702//3363 3701//3363 
f 5863//3363 5862//3363 3703//3363 3702//3363 
f 5862//3363 5861//3363 3704//3363 3703//3363 
f 5861//3364 5860//3364 3705//3364 3704//3364 
f 5860//3364 5859//3364 3706//3364 3705//3364 
f 5859//3364 5858//3364 3707//3364 3706//3364 
f 5858//3365 5857//3365 3708//3365 3707//3365 
f 5857//3365 5856//3365 3709//3365 3708//3365 
f 5856//3366 5855//3366 3710//3366 3709//3366 
f 5855//3366 5854//3366 3711//3366 3710//3366 
f 5854//3367 5853//3367 3712//3367 3711//3367 
f 5853//3368 5852//3368 3713//3368 3712//3368 
f 5852//3369 5851//3369 3714//3369 3713//3369 
f 5851//3369 5850//3369 3715//3369 3714//3369 
f 5850//3369 5849//3369 3716//3369 3715//3369 
f 5849//3369 5848//3369 3717//3369 3716//3369 
f 5848//3370 5847//3370 3718//3370 3717//3370 
f 5847//3370 5846//3370 3719//3370 3718//3370 
f 5846//3371 5845//3371 3720//3371 3719//3371 
f 3878//3372 3877//3372 3510//3372 3509//3372 
f 3877//3373 3876//3373 3511//3373 3510//3373 
f 3876//3374 3875//3374 3512//3374 3511//3374 
f 3875//3375 3874//3375 3513//3375 3512//3375 
f 3874//3376 3873//3376 3514//3376 3513//3376 
f 3873//3377 3872//3377 3515//3377 3514//3377 
f 3872//3378 3871//3378 3516//3378 3515//3378 
f 3871//3379 3870//3379 3517//3379 3516//3379 
f 3870//3380 3869//3380 3518//3380 3517//3380 
f 3869//3381 3868//3381 3519//3381 3518//3381 
f 3868//3376 3867//3376 3520//3376 3519//3376 
f 3867//3376 3866//3376 3521//3376 3520//3376 
f 3866//3382 3865//3382 3522//3382 3521//3382 
f 3865//3376 3864//3376 3523//3376 3522//3376 
f 3864//3378 3863//3378 3524//3378 3523//3378 
f 3863//3382 3862//3382 3525//3382 3524//3382 
f 3862//3376 3861//3376 3526//3376 3525//3376 
f 3861//3380 3860//3380 3527//3380 3526//3380 
f 3860//3383 3859//3383 3528//3383 3527//3383 
f 3859//3384 3858//3384 3529//3384 3528//3384 
f 3858//3385 3857//3385 3530//3385 3529//3385 
f 3857//3386 3856//3386 3531//3386 3530//3386 
f 3856//3387 3855//3387 3532//3387 3531//3387 
f 3855//3387 3854//3387 3533//3387 3532//3387 
f 3854//3387 3853//3387 3534//3387 3533//3387 
f 3853//3387 3852//3387 3535//3387 3534//3387 
f 3852//3388 3851//3388 3536//3388 3535//3388 
f 3851//3388 3850//3388 3537//3388 3536//3388 
f 3850//3387 3849//3387 3538//3387 3537//3387 
f 3849//3389 3848//3389 3539//3389 3538//3389 
f 3848//3389 3847//3389 3540//3389 3539//3389 
f 3847//3389 3846//3389 3541//3389 3540//3389 
f 3846//3389 3845//3389 3322//3389 3541//3389 
f 3845//3390 3844//3390 3323//3390 3322//3390 
f 3844//3391 3844//3391 3323//3391 3323//3391 
f 3844//3389 3843//3389 3324//3389 3323//3389 
f 3843//3392 3842//3392 3325//3392 3324//3392 
f 3842//3392 3841//3392 3326//3392 3325//3392 
f 3841//3393 3840//3393 3327//3393 3326//3393 
f 3840//3394 3839//3394 3328//3394 3327//3394 
f 3839//3394 3838//3394 3329//3394 3328//3394 
f 3838//3394 3837//3394 3330//3394 3329//3394 
f 3837//3395 3836//3395 3331//3395 3330//3395 
f 3836//3395 3835//3395 3332//3395 3331//3395 
f 3835//3395 3834//3395 3333//3395 3332//3395 
f 3834//3395 3833//3395 3334//3395 3333//3395 
f 3833//3396 3832//3396 3335//3396 3334//3396 
f 3832//3397 3831//3397 3336//3397 3335//3397 
f 3831//3398 3830//3398 3337//3398 3336//3398 
f 3830//3397 3829//3397 3338//3397 3337//3397 
f 3829//3399 3828//3399 3339//3399 3338//3399 
f 3828//3399 3827//3399 3340//3399 3339//3399 
f 3827//3399 3826//3399 3341//3399 3340//3399 
f 3826//3400 3825//3400 3342//3400 3341//3400 
f 3825//3400 3824//3400 3343//3400 3342//3400 
f 3824//3199 3823//3199 3344//3199 3343//3199 
f 3823//3199 3822//3199 3345//3199 3344//3199 
f 3822//3199 3821//3199 3346//3199 3345//3199 
f 3821//3199 3820//3199 3347//3199 3346//3199 
f 3820//3199 3819//3199 3348//3199 3347//3199 
f 3819//3401 3818//3401 3349//3401 3348//3401 
f 3818//3401 3817//3401 3350//3401 3349//3401 
f 3817//3402 3816//3402 3351//3402 3350//3402 
f 3816//3403 3815//3403 3352//3403 3351//3403 
f 3815//3403 3814//3403 3353//3403 3352//3403 
f 3814//3404 3813//3404 3354//3404 3353//3404 
f 3813//3404 3812//3404 3355//3404 3354//3404 
f 3812//3404 3811//3404 3356//3404 3355//3404 
f 3811//3405 3810//3405 3357//3405 3356//3405 
f 3810//3405 3809//3405 3358//3405 3357//3405 
f 3809//3405 3808//3405 3359//3405 3358//3405 
f 3808//3406 3807//3406 3360//3406 3359//3406 
f 3807//3406 3806//3406 3361//3406 3360//3406 
f 3806//3407 3805//3407 3361//3407 3361//3407 
f 3805//3408 3805//3408 3362//3408 3361//3408 
f 3805//3406 3804//3406 3363//3406 3362//3406 
f 3804//3409 3803//3409 3364//3409 3363//3409 
f 3803//3410 3802//3410 3365//3410 3364//3410 
f 3802//3411 3801//3411 3366//3411 3365//3411 
f 3801//3410 3800//3410 3367//3410 3366//3410 
f 3800//3412 3799//3412 3368//3412 3367//3412 
f 3799//3412 3798//3412 3369//3412 3368//3412 
f 3798//3412 3797//3412 3370//3412 3369//3412 
f 3797//3413 3796//3413 3371//3413 3370//3413 
f 3796//3414 3795//3414 3372//3414 3371//3414 
f 3795//3413 3794//3413 3373//3413 3372//3413 
f 3794//3414 3793//3414 3374//3414 3373//3414 
f 3793//3413 3792//3413 3375//3413 3374//3413 
f 3792//3413 3791//3413 3376//3413 3375//3413 
f 3791//3413 3790//3413 3377//3413 3376//3413 
f 3790//3415 3789//3415 3378//3415 3377//3415 
f 3789//3415 3788//3415 3379//3415 3378//3415 
f 3788//3415 3787//3415 3380//3415 3379//3415 
f 3787//3416 3786//3416 3381//3416 3380//3416 
f 3786//3415 3785//3415 3382//3415 3381//3415 
f 3785//3417 3784//3417 3383//3417 3382//3417 
f 3784//3418 3783//3418 3384//3418 3383//3418 
f 3783//3419 3782//3419 3385//3419 3384//3419 
f 3782//3420 3781//3420 3386//3420 3385//3420 
f 3781//3419 3780//3419 3387//3419 3386//3419 
f 3780//3421 3779//3421 3388//3421 3387//3421 
f 3779//3422 3778//3422 3389//3422 3388//3422 
f 3778//3422 3777//3422 3390//3422 3389//3422 
f 3777//3423 3776//3423 3391//3423 3390//3423 
f 3776//3424 3775//3424 3392//3424 3391//3424 
f 3775//3424 3774//3424 3393//3424 3392//3424 
f 3774//3423 3774//3423 3394//3423 3393//3423 
f 3774//3423 3773//3423 3395//3423 3394//3423 
f 3773//3425 3772//3425 3396//3425 3395//3425 
f 3772//3424 3771//3424 3397//3424 3396//3424 
f 3771//3426 3770//3426 3398//3426 3397//3426 
f 3770//3427 3769//3427 3399//3427 3398//3427 
f 3769//3426 3768//3426 3400//3426 3399//3426 
f 3768//3426 3767//3426 3401//3426 3400//3426 
f 3767//3428 3766//3428 3402//3428 3401//3428 
f 3766//3429 3765//3429 3403//3429 3402//3429 
f 3765//3426 3764//3426 3404//3426 3403//3426 
f 3764//3426 3763//3426 3405//3426 3404//3426 
f 3763//3426 3762//3426 3406//3426 3405//3426 
f 3762//3430 3761//3430 3407//3430 3406//3430 
f 3761//3430 3760//3430 3408//3430 3407//3430 
f 3760//3431 3760//3431 3408//3431 3408//3431 
f 3760//3430 3759//3430 3409//3430 3408//3430 
f 3759//3430 3758//3430 3410//3430 3409//3430 
f 3758//3430 3757//3430 3411//3430 3410//3430 
f 3757//3432 3756//3432 3412//3432 3411//3432 
f 3756//3430 3755//3430 3413//3430 3412//3430 
f 3755//3433 3755//3433 3413//3433 3413//3433 
f 3755//3430 3754//3430 3414//3430 3413//3430 
f 3754//3434 3753//3434 3415//3434 3414//3434 
f 3753//3435 3752//3435 3416//3435 3415//3435 
f 3752//3436 3751//3436 3417//3436 3416//3436 
f 3751//3436 3750//3436 3418//3436 3417//3436 
f 3750//3437 3749//3437 3419//3437 3418//3437 
f 3749//3436 3748//3436 3420//3436 3419//3436 
f 3748//3436 3747//3436 3421//3436 3420//3436 
f 3747//3438 3746//3438 3422//3438 3421//3438 
f 3746//3436 3745//3436 3423//3436 3422//3436 
f 3745//3439 3744//3439 3424//3439 3423//3439 
f 3744//3436 3743//3436 3425//3436 3424//3436 
f 3743//3440 3742//3440 3426//3440 3425//3440 
f 3742//3441 3741//3441 3427//3441 3426//3441 
f 3741//3440 3740//3440 3428//3440 3427//3440 
f 3740//3442 3739//3442 3429//3442 3428//3442 
f 3739//3443 3738//3443 3430//3443 3429//3443 
f 3738//3443 3737//3443 3431//3443 3430//3443 
f 3737//3443 3736//3443 3432//3443 3431//3443 
f 3736//3443 3735//3443 3433//3443 3432//3443 
f 3735//3444 3734//3444 3434//3444 3433//3444 
f 3734//3445 3733//3445 3435//3445 3434//3445 
f 3733//3444 3732//3444 3436//3444 3435//3444 
f 3732//3444 3731//3444 3437//3444 3436//3444 
f 3731//3444 3950//3444 3438//3444 3437//3444 
f 3950//3446 3949//3446 3439//3446 3438//3446 
f 3949//3446 3948//3446 3440//3446 3439//3446 
f 3948//3447 3947//3447 3441//3447 3440//3447 
f 3947//3448 3946//3448 3442//3448 3441//3448 
f 3946//3449 3945//3449 3443//3449 3442//3449 
f 3945//3450 3944//3450 3444//3450 3443//3450 
f 3944//3451 3943//3451 3445//3451 3444//3451 
f 3943//3451 3942//3451 3446//3451 3445//3451 
f 3942//3451 3941//3451 3447//3451 3446//3451 
f 3941//3452 3940//3452 3448//3452 3447//3452 
f 3940//3453 3939//3453 3449//3453 3448//3453 
f 3939//3452 3938//3452 3450//3452 3449//3452 
f 3938//3452 3937//3452 3451//3452 3450//3452 
f 3937//3454 3936//3454 3452//3454 3451//3454 
f 3936//3454 3935//3454 3453//3454 3452//3454 
f 3935//3454 3934//3454 3454//3454 3453//3454 
f 3934//3455 3933//3455 3455//3455 3454//3455 
f 3933//3456 3932//3456 3456//3456 3455//3456 
f 3932//3456 3931//3456 3457//3456 3456//3456 
f 3931//3455 3930//3455 3458//3455 3457//3455 
f 3930//3456 3929//3456 3459//3456 3458//3456 
f 3929//3456 3928//3456 3460//3456 3459//3456 
f 3928//3457 3927//3457 3461//3457 3460//3457 
f 3927//3458 3926//3458 3462//3458 3461//3458 
f 3926//3459 3925//3459 3463//3459 3462//3459 
f 3925//3459 3924//3459 3464//3459 3463//3459 
f 3924//3459 3923//3459 3465//3459 3464//3459 
f 3923//3460 3922//3460 3466//3460 3465//3460 
f 3922//3461 3921//3461 3467//3461 3466//3461 
f 3921//3459 3920//3459 3468//3459 3467//3459 
f 3920//3459 3919//3459 3469//3459 3468//3459 
f 3919//3459 3918//3459 3470//3459 3469//3459 
f 3918//3462 3917//3462 3471//3462 3470//3462 
f 3917//3463 3916//3463 3472//3463 3471//3463 
f 3916//3464 3915//3464 3473//3464 3472//3464 
f 3915//3465 3914//3465 3474//3465 3473//3465 
f 3914//3465 3913//3465 3475//3465 3474//3465 
f 3913//3465 3912//3465 3476//3465 3475//3465 
f 3912//3465 3911//3465 3477//3465 3476//3465 
f 3911//3466 3910//3466 3478//3466 3477//3466 
f 3910//3467 3909//3467 3479//3467 3478//3467 
f 3909//3467 3908//3467 3480//3467 3479//3467 
f 3908//3468 3907//3468 3481//3468 3480//3468 
f 3907//3467 3906//3467 3482//3467 3481//3467 
f 3906//3469 3905//3469 3483//3469 3482//3469 
f 3905//3467 3904//3467 3484//3467 3483//3467 
f 3904//3470 3903//3470 3485//3470 3484//3470 
f 3903//3470 3902//3470 3486//3470 3485//3470 
f 3902//3471 3901//3471 3487//3471 3486//3471 
f 3901//3472 3901//3472 3487//3472 3487//3472 
f 3901//3473 3900//3473 3488//3473 3487//3473 
f 3900//3474 3899//3474 3489//3474 3488//3474 
f 3899//3471 3898//3471 3490//3471 3489//3471 
f 3898//3471 3897//3471 3491//3471 3490//3471 
f 3897//3475 3896//3475 3492//3475 3491//3475 
f 3896//3473 3895//3473 3493//3473 3492//3473 
f 3895//3471 3894//3471 3494//3471 3493//3471 
f 3894//3476 3893//3476 3495//3476 3494//3476 
f 3893//3477 3892//3477 3495//3477 3495//3477 
f 3892//3476 3891//3476 3496//3476 3495//3476 
f 3891//3478 3890//3478 3497//3478 3496//3478 
f 3890//3476 3889//3476 3498//3476 3497//3476 
f 3889//3479 3889//3479 3498//3479 3498//3479 
f 3889//3480 3888//3480 3499//3480 3498//3480 
f 3888//3481 3887//3481 3500//3481 3499//3481 
f 3887//3482 3886//3482 3501//3482 3500//3482 
f 3886//3476 3885//3476 3502//3476 3501//3476 
f 3885//3483 3884//3483 3503//3483 3502//3483 
f 3884//3476 3883//3476 3504//3476 3503//3476 
f 3883//3484 3882//3484 3505//3484 3504//3484 
f 3882//3485 3881//3485 3506//3485 3505//3485 
f 3881//3486 3880//3486 3507//3486 3506//3486 
f 3880//3487 3879//3487 3508//3487 3507//3487 
f 3879//3373 3878//3373 3509//3373 3508//3373 
f 4574//3137 4573//3137 4015//3137 4014//3137 
f 4573//3149 4572//3149 4016//3149 4015//3149 
f 4572//3149 4571//3149 4017//3149 4016//3149 
f 4571//3134 4570//3134 4018//3134 4017//3134 
f 4570//3134 4569//3134 4019//3134 4018//3134 
f 4569//3134 4568//3134 4020//3134 4019//3134 
f 4568//3134 4567//3134 4021//3134 4020//3134 
f 4567//3134 4566//3134 4022//3134 4021//3134 
f 4566//3134 4565//3134 4023//3134 4022//3134 
f 4565//3134 4564//3134 4024//3134 4023//3134 
f 4564//3134 4563//3134 4025//3134 4024//3134 
f 4563//3134 4562//3134 4026//3134 4025//3134 
f 4562//3488 4562//3488 4026//3488 4026//3488 
f 4562//3489 4561//3489 4027//3489 4026//3489 
f 4561//3134 4560//3134 4028//3134 4027//3134 
f 4560//3490 4559//3490 4029//3490 4028//3490 
f 4559//3490 4558//3490 4030//3490 4029//3490 
f 4558//3491 4557//3491 4031//3491 4030//3491 
f 4557//3491 4556//3491 4032//3491 4031//3491 
f 4556//3492 4555//3492 4033//3492 4032//3492 
f 4555//3493 4554//3493 4034//3493 4033//3493 
f 4554//3493 4553//3493 4035//3493 4034//3493 
f 4553//3493 4552//3493 4036//3493 4035//3493 
f 4552//3494 4551//3494 4037//3494 4036//3494 
f 4551//3494 4550//3494 4038//3494 4037//3494 
f 4550//3495 4549//3495 4039//3495 4038//3495 
f 4549//3496 4548//3496 4040//3496 4039//3496 
f 4548//3497 4547//3497 4041//3497 4040//3497 
f 4547//3498 4546//3498 4042//3498 4041//3498 
f 4546//3498 4545//3498 4043//3498 4042//3498 
f 4545//3499 4544//3499 4044//3499 4043//3499 
f 4544//3499 4543//3499 4045//3499 4044//3499 
f 4543//3500 4542//3500 4046//3500 4045//3500 
f 4542//3500 4541//3500 4047//3500 4046//3500 
f 4541//3501 4540//3501 4048//3501 4047//3501 
f 4540//3224 4539//3224 4049//3224 4048//3224 
f 4539//3224 4538//3224 4050//3224 4049//3224 
f 4538//3502 4537//3502 4051//3502 4050//3502 
f 4537//3502 4536//3502 4052//3502 4051//3502 
f 4536//3503 4535//3503 4053//3503 4052//3503 
f 4535//3504 4534//3504 4054//3504 4053//3504 
f 4534//3503 4533//3503 4055//3503 4054//3503 
f 4533//3505 4532//3505 4056//3505 4055//3505 
f 4532//3506 4531//3506 4057//3506 4056//3506 
f 4531//3507 4530//3507 4058//3507 4057//3507 
f 4530//3508 4529//3508 4059//3508 4058//3508 
f 4529//3509 4528//3509 4060//3509 4059//3509 
f 4528//3509 4527//3509 4061//3509 4060//3509 
f 4527//3510 4526//3510 4062//3510 4061//3510 
f 4526//3511 4525//3511 4063//3511 4062//3511 
f 4525//3511 4524//3511 4064//3511 4063//3511 
f 4524//3512 4523//3512 4065//3512 4064//3512 
f 4523//3513 4522//3513 4066//3513 4065//3513 
f 4522//3514 4521//3514 4067//3514 4066//3514 
f 4521//3515 4520//3515 4068//3515 4067//3515 
f 4520//3516 4519//3516 4069//3516 4068//3516 
f 4519//3517 4518//3517 4070//3517 4069//3517 
f 4518//3518 4517//3518 4071//3518 4070//3518 
f 4517//3518 4516//3518 4072//3518 4071//3518 
f 4516//3519 4515//3519 4073//3519 4072//3519 
f 4515//3519 4514//3519 4074//3519 4073//3519 
f 4514//3520 4513//3520 4075//3520 4074//3520 
f 4513//3520 4512//3520 4076//3520 4075//3520 
f 4512//3521 4511//3521 4077//3521 4076//3521 
f 4511//3521 4510//3521 4078//3521 4077//3521 
f 4510//3522 4509//3522 4079//3522 4078//3522 
f 4509//3523 4508//3523 4080//3523 4079//3523 
f 4508//3524 4507//3524 4081//3524 4080//3524 
f 4507//3525 4506//3525 4082//3525 4081//3525 
f 4506//3526 4505//3526 4083//3526 4082//3526 
f 4505//3527 4504//3527 4084//3527 4083//3527 
f 4504//3528 4503//3528 4085//3528 4084//3528 
f 4503//3529 4502//3529 4086//3529 4085//3529 
f 4502//3529 4501//3529 4087//3529 4086//3529 
f 4501//3530 4500//3530 4088//3530 4087//3530 
f 4500//3531 4499//3531 4089//3531 4088//3531 
f 4499//3137 4498//3137 4090//3137 4089//3137 
f 4498//3137 4497//3137 4091//3137 4090//3137 
f 4497//3137 4496//3137 4092//3137 4091//3137 
f 4496//3137 4495//3137 4093//3137 4092//3137 
f 4495//3137 4494//3137 4094//3137 4093//3137 
f 4494//3137 4493//3137 4095//3137 4094//3137 
f 4493//3137 4492//3137 4096//3137 4095//3137 
f 4492//3137 4491//3137 4097//3137 4096//3137 
f 4491//3137 4490//3137 4098//3137 4097//3137 
f 4490//3137 4489//3137 4099//3137 4098//3137 
f 4489//3137 4488//3137 4100//3137 4099//3137 
f 4488//3137 4487//3137 4101//3137 4100//3137 
f 4487//3138 4486//3138 4102//3138 4101//3138 
f 4486//3532 4486//3532 4102//3532 4102//3532 
f 4486//3137 4485//3137 4103//3137 4102//3137 
f 4485//3533 4484//3533 4104//3533 4103//3533 
f 4484//3137 4483//3137 4105//3137 4104//3137 
f 4483//3137 4482//3137 4106//3137 4105//3137 
f 4482//3137 4481//3137 4107//3137 4106//3137 
f 4481//3137 4480//3137 4108//3137 4107//3137 
f 4480//3137 4479//3137 4109//3137 4108//3137 
f 4479//3137 4478//3137 4110//3137 4109//3137 
f 4478//3149 4477//3149 4111//3149 4110//3149 
f 4477//3149 4476//3149 4112//3149 4111//3149 
f 4476//3151 4475//3151 4113//3151 4112//3151 
f 4475//3149 4474//3149 4114//3149 4113//3149 
f 4474//3149 4473//3149 4115//3149 4114//3149 
f 4473//3149 4472//3149 4116//3149 4115//3149 
f 4472//3149 4471//3149 4117//3149 4116//3149 
f 4471//3134 4470//3134 4118//3134 4117//3134 
f 4470//3134 4469//3134 4119//3134 4118//3134 
f 4469//3134 4468//3134 4120//3134 4119//3134 
f 4468//3134 4467//3134 4121//3134 4120//3134 
f 4467//3134 4466//3134 4122//3134 4121//3134 
f 4466//3134 4465//3134 4123//3134 4122//3134 
f 4465//3134 4464//3134 4124//3134 4123//3134 
f 4464//3134 4463//3134 4125//3134 4124//3134 
f 4463//3534 4462//3534 4126//3534 4125//3534 
f 4462//3134 4461//3134 4127//3134 4126//3134 
f 4461//3134 4460//3134 4128//3134 4127//3134 
f 4460//3134 4459//3134 4129//3134 4128//3134 
f 4459//3534 4458//3534 4130//3534 4129//3534 
f 4458//3134 4457//3134 4131//3134 4130//3134 
f 4457//3134 4456//3134 4132//3134 4131//3134 
f 4456//3134 4455//3134 4133//3134 4132//3134 
f 4455//3134 4454//3134 4134//3134 4133//3134 
f 4454//3134 4453//3134 4135//3134 4134//3134 
f 4453//3134 4452//3134 4136//3134 4135//3134 
f 4452//3535 4451//3535 4137//3535 4136//3535 
f 4451//3536 4450//3536 4138//3536 4137//3536 
f 4450//3536 4449//3536 4139//3536 4138//3536 
f 4449//3537 4448//3537 4140//3537 4139//3537 
f 4448//3538 4447//3538 4141//3538 4140//3538 
f 4447//3539 4446//3539 4142//3539 4141//3539 
f 4446//3540 4445//3540 4143//3540 4142//3540 
f 4445//3541 4444//3541 4144//3541 4143//3541 
f 4444//3541 4443//3541 4145//3541 4144//3541 
f 4443//3542 4442//3542 4146//3542 4145//3542 
f 4442//3543 4441//3543 4147//3543 4146//3543 
f 4441//3544 4440//3544 4148//3544 4147//3544 
f 4440//3544 4439//3544 4149//3544 4148//3544 
f 4439//3545 4438//3545 4150//3545 4149//3545 
f 4438//3545 4437//3545 4151//3545 4150//3545 
f 4437//3546 4436//3546 4152//3546 4151//3546 
f 4436//3547 4435//3547 4153//3547 4152//3547 
f 4435//3548 4434//3548 4154//3548 4153//3548 
f 4434//3549 4433//3549 4155//3549 4154//3549 
f 4433//3549 4432//3549 4156//3549 4155//3549 
f 4432//3549 4431//3549 4157//3549 4156//3549 
f 4431//3550 4430//3550 4158//3550 4157//3550 
f 4430//3550 4429//3550 4159//3550 4158//3550 
f 4429//3551 4428//3551 4160//3551 4159//3551 
f 4428//3552 4427//3552 4161//3552 4160//3552 
f 4427//3552 4426//3552 4162//3552 4161//3552 
f 4426//3553 4425//3553 4163//3553 4162//3553 
f 4425//3553 4424//3553 4164//3553 4163//3553 
f 4424//3554 4423//3554 4165//3554 4164//3554 
f 4423//3553 4422//3553 4166//3553 4165//3553 
f 4422//3553 4421//3553 4167//3553 4166//3553 
f 4421//3555 4420//3555 4168//3555 4167//3555 
f 4420//3556 4419//3556 4169//3556 4168//3556 
f 4419//3553 4418//3553 4170//3553 4169//3553 
f 4418//3553 4417//3553 4171//3553 4170//3553 
f 4417//3557 4416//3557 4172//3557 4171//3557 
f 4416//3558 4415//3558 4173//3558 4172//3558 
f 4415//3558 5928//3558 4174//3558 4173//3558 
f 5928//3559 5927//3559 4175//3559 4174//3559 
f 5927//3560 5926//3560 4176//3560 4175//3560 
f 5926//3561 5925//3561 4177//3561 4176//3561 
f 5925//3561 5924//3561 4178//3561 4177//3561 
f 5924//3562 5923//3562 4179//3562 4178//3562 
f 5923//3563 5922//3563 4180//3563 4179//3563 
f 5922//3563 5921//3563 4181//3563 4180//3563 
f 5921//3564 5920//3564 4182//3564 4181//3564 
f 5920//3564 5919//3564 4183//3564 4182//3564 
f 5919//3565 5918//3565 4184//3565 4183//3565 
f 5918//3566 5917//3566 4185//3566 4184//3566 
f 5917//3567 5916//3567 4186//3567 4185//3567 
f 5916//3567 5915//3567 4187//3567 4186//3567 
f 5915//3567 5914//3567 4188//3567 4187//3567 
f 5914//3568 5913//3568 4189//3568 4188//3568 
f 5913//3569 5912//3569 4190//3569 4189//3569 
f 5912//3569 5911//3569 4191//3569 4190//3569 
f 5911//3570 5910//3570 4192//3570 4191//3570 
f 5910//3571 5910//3571 4192//3571 4192//3571 
f 5910//3572 5909//3572 4193//3572 4192//3572 
f 5909//3573 5908//3573 4194//3573 4193//3573 
f 5908//3574 5907//3574 4195//3574 4194//3574 
f 5907//3575 5907//3575 4195//3575 4195//3575 
f 5907//3576 5906//3576 4196//3576 4195//3576 
f 5906//3577 5905//3577 4197//3577 4196//3577 
f 5905//3578 5904//3578 4198//3578 4197//3578 
f 5904//3579 5903//3579 4199//3579 4198//3579 
f 5903//3569 5902//3569 4200//3569 4199//3569 
f 5902//3580 5901//3580 4201//3580 4200//3580 
f 5901//3581 5900//3581 4202//3581 4201//3581 
f 5900//3582 5899//3582 4203//3582 4202//3582 
f 5899//3583 5899//3583 4203//3583 4203//3583 
f 5899//3581 5898//3581 4204//3581 4203//3581 
f 5898//3584 5897//3584 4205//3584 4204//3584 
f 5897//3584 5896//3584 4206//3584 4205//3584 
f 5896//3582 5895//3582 4207//3582 4206//3582 
f 5895//3581 5894//3581 4208//3581 4207//3581 
f 5894//3581 5893//3581 4209//3581 4208//3581 
f 5893//3581 5892//3581 4210//3581 4209//3581 
f 5892//3581 5891//3581 4211//3581 4210//3581 
f 5891//3581 5890//3581 4212//3581 4211//3581 
f 5890//3581 5889//3581 4213//3581 4212//3581 
f 5889//3585 5888//3585 4214//3585 4213//3585 
f 5888//3586 5887//3586 4215//3586 4214//3586 
f 5887//3586 5886//3586 4216//3586 4215//3586 
f 5886//3587 5885//3587 4217//3587 4216//3587 
f 5885//3586 5884//3586 4218//3586 4217//3586 
f 5884//3588 5883//3588 3951//3588 4218//3588 
f 5883//3588 5882//3588 3952//3588 3951//3588 
f 5882//3588 5881//3588 3953//3588 3952//3588 
f 5881//3589 5880//3589 3954//3589 3953//3589 
f 5880//3134 5879//3134 3955//3134 3954//3134 
f 5879//3134 5878//3134 3956//3134 3955//3134 
f 5878//3140 5877//3140 3957//3140 3956//3140 
f 5877//3141 5876//3141 3958//3141 3957//3141 
f 5876//3140 5875//3140 3959//3140 3958//3140 
f 5875//3140 5874//3140 3960//3140 3959//3140 
f 5874//3137 5873//3137 3961//3137 3960//3137 
f 5873//3137 5872//3137 3962//3137 3961//3137 
f 5872//3137 5871//3137 3963//3137 3962//3137 
f 5871//3137 5870//3137 3964//3137 3963//3137 
f 5870//3137 5869//3137 3965//3137 3964//3137 
f 5869//3137 4622//3137 3966//3137 3965//3137 
f 4622//3137 4621//3137 3967//3137 3966//3137 
f 4621//3145 4620//3145 3968//3145 3967//3145 
f 4620//3137 4619//3137 3969//3137 3968//3137 
f 4619//3138 4618//3138 3970//3138 3969//3138 
f 4618//3137 4617//3137 3971//3137 3970//3137 
f 4617//3138 4616//3138 3972//3138 3971//3138 
f 4616//3137 4615//3137 3973//3137 3972//3137 
f 4615//3137 4614//3137 3974//3137 3973//3137 
f 4614//3137 4613//3137 3975//3137 3974//3137 
f 4613//3145 4612//3145 3976//3145 3975//3145 
f 4612//3137 4611//3137 3977//3137 3976//3137 
f 4611//3137 4610//3137 3978//3137 3977//3137 
f 4610//3137 4609//3137 3979//3137 3978//3137 
f 4609//3137 4608//3137 3980//3137 3979//3137 
f 4608//3137 4607//3137 3981//3137 3980//3137 
f 4607//3137 4606//3137 3982//3137 3981//3137 
f 4606//3137 4605//3137 3983//3137 3982//3137 
f 4605//3138 4604//3138 3984//3138 3983//3138 
f 4604//3137 4603//3137 3985//3137 3984//3137 
f 4603//3137 4602//3137 3986//3137 3985//3137 
f 4602//3137 4601//3137 3987//3137 3986//3137 
f 4601//3137 4600//3137 3988//3137 3987//3137 
f 4600//3137 4599//3137 3989//3137 3988//3137 
f 4599//3137 4598//3137 3990//3137 3989//3137 
f 4598//3137 4597//3137 3991//3137 3990//3137 
f 4597//3138 4596//3138 3992//3138 3991//3138 
f 4596//3137 4595//3137 3993//3137 3992//3137 
f 4595//3144 4594//3144 3994//3144 3993//3144 
f 4594//3146 4593//3146 3995//3146 3994//3146 
f 4593//3138 4592//3138 3996//3138 3995//3138 
f 4592//3137 4591//3137 3997//3137 3996//3137 
f 4591//3137 4590//3137 3998//3137 3997//3137 
f 4590//3137 4589//3137 3999//3137 3998//3137 
f 4589//3137 4588//3137 4000//3137 3999//3137 
f 4588//3139 4587//3139 4001//3139 4000//3139 
f 4587//3137 4586//3137 4002//3137 4001//3137 
f 4586//3137 4585//3137 4003//3137 4002//3137 
f 4585//3137 4584//3137 4004//3137 4003//3137 
f 4584//3137 4583//3137 4005//3137 4004//3137 
f 4583//3137 4582//3137 4006//3137 4005//3137 
f 4582//3137 4581//3137 4007//3137 4006//3137 
f 4581//3137 4580//3137 4008//3137 4007//3137 
f 4580//3137 4579//3137 4009//3137 4008//3137 
f 4579//3137 4578//3137 4010//3137 4009//3137 
f 4578//3137 4577//3137 4011//3137 4010//3137 
f 4577//3137 4576//3137 4012//3137 4011//3137 
f 4576//3137 4575//3137 4013//3137 4012//3137 
f 4575//3137 4574//3137 4014//3137 4013//3137 
f 5934//3590 5933//3590 6234//3590 6233//3590 
f 5933//3590 5932//3590 6235//3590 6234//3590 
f 5932//3590 5931//3590 6236//3590 6235//3590 
f 5931//3591 5930//3591 6237//3591 6236//3591 
f 5930//3591 5929//3591 6238//3591 6237//3591 
f 5929//3591 4414//3591 6239//3591 6238//3591 
f 4414//3591 4413//3591 6240//3591 6239//3591 
f 4413//3592 4412//3592 6241//3592 6240//3592 
f 4412//3593 4411//3593 6242//3593 6241//3593 
f 4411//3592 4410//3592 6243//3592 6242//3592 
f 4410//3591 4409//3591 6244//3591 6243//3591 
f 4409//3594 4408//3594 6245//3594 6244//3594 
f 4408//3591 4407//3591 6246//3591 6245//3591 
f 4407//3595 4406//3595 6247//3595 6246//3595 
f 4406//3596 4405//3596 6248//3596 6247//3596 
f 4405//3595 4404//3595 6249//3595 6248//3595 
f 4404//3597 4403//3597 6250//3597 6249//3597 
f 4403//3595 4402//3595 6251//3595 6250//3595 
f 4402//3595 4401//3595 6252//3595 6251//3595 
f 4401//3597 4400//3597 6253//3597 6252//3597 
f 4400//3598 4399//3598 6254//3598 6253//3598 
f 4399//3599 4398//3599 6255//3599 6254//3599 
f 4398//3595 4397//3595 6256//3595 6255//3595 
f 4397//3600 4396//3600 6257//3600 6256//3600 
f 4396//3600 4395//3600 6258//3600 6257//3600 
f 4395//3600 4394//3600 6259//3600 6258//3600 
f 4394//3600 4393//3600 6260//3600 6259//3600 
f 4393//3600 4392//3600 6261//3600 6260//3600 
f 4392//3600 4391//3600 6262//3600 6261//3600 
f 4391//3601 4390//3601 6263//3601 6262//3601 
f 4390//3601 4389//3601 6264//3601 6263//3601 
f 4389//3602 4388//3602 6265//3602 6264//3602 
f 4388//3602 4387//3602 6266//3602 6265//3602 
f 4387//3602 4386//3602 6267//3602 6266//3602 
f 4386//3603 4385//3603 6268//3603 6267//3603 
f 4385//3603 4384//3603 6269//3603 6268//3603 
f 4384//3604 4383//3604 6270//3604 6269//3604 
f 4383//3604 4382//3604 6271//3604 6270//3604 
f 4382//3604 4381//3604 6272//3604 6271//3604 
f 4381//3605 4380//3605 6273//3605 6272//3605 
f 4380//3604 4379//3604 6274//3604 6273//3604 
f 4379//3606 4378//3606 6275//3606 6274//3606 
f 4378//3604 4377//3604 6276//3604 6275//3604 
f 4377//3607 4376//3607 6277//3607 6276//3607 
f 4376//3607 4375//3607 6278//3607 6277//3607 
f 4375//3608 4374//3608 6279//3608 6278//3608 
f 4374//3608 4373//3608 6280//3608 6279//3608 
f 4373//3608 4372//3608 6281//3608 6280//3608 
f 4372//3608 4371//3608 6282//3608 6281//3608 
f 4371//3609 4370//3609 6283//3609 6282//3609 
f 4370//3608 4369//3608 6284//3608 6283//3608 
f 4369//3608 4368//3608 6285//3608 6284//3608 
f 4368//3610 4367//3610 6286//3610 6285//3610 
f 4367//3610 4366//3610 6287//3610 6286//3610 
f 4366//3610 4365//3610 6288//3610 6287//3610 
f 4365//3610 4364//3610 6289//3610 6288//3610 
f 4364//3610 4363//3610 6290//3610 6289//3610 
f 4363//3611 4362//3611 6291//3611 6290//3611 
f 4362//3612 4361//3612 6292//3612 6291//3612 
f 4361//3613 4360//3613 6293//3613 6292//3613 
f 4360//3613 4359//3613 6294//3613 6293//3613 
f 4359//3613 4358//3613 6295//3613 6294//3613 
f 4358//3613 4357//3613 6296//3613 6295//3613 
f 4357//3613 4356//3613 6297//3613 6296//3613 
f 4356//3613 4355//3613 6298//3613 6297//3613 
f 4355//3613 4354//3613 6299//3613 6298//3613 
f 4354//3614 4353//3614 6300//3614 6299//3614 
f 4353//3614 4352//3614 6301//3614 6300//3614 
f 4352//3614 4351//3614 6302//3614 6301//3614 
f 4351//3614 4350//3614 6303//3614 6302//3614 
f 4350//3615 4349//3615 6304//3615 6303//3615 
f 4349//3614 4348//3614 6305//3614 6304//3614 
f 4348//3614 4347//3614 6306//3614 6305//3614 
f 4347//3616 4346//3616 6307//3616 6306//3616 
f 4346//3617 4345//3617 6308//3617 6307//3617 
f 4345//3618 4344//3618 6309//3618 6308//3618 
f 4344//3618 4343//3618 6310//3618 6309//3618 
f 4343//3619 4342//3619 6311//3619 6310//3619 
f 4342//3619 4341//3619 6312//3619 6311//3619 
f 4341//3619 4340//3619 6313//3619 6312//3619 
f 4340//3619 4339//3619 6314//3619 6313//3619 
f 4339//3620 4338//3620 6315//3620 6314//3620 
f 4338//3620 4337//3620 6316//3620 6315//3620 
f 4337//3621 4336//3621 6317//3621 6316//3621 
f 4336//3621 4335//3621 6318//3621 6317//3621 
f 4335//3622 4334//3622 6319//3622 6318//3622 
f 4334//3623 4333//3623 6320//3623 6319//3623 
f 4333//3621 4332//3621 6321//3621 6320//3621 
f 4332//3621 4331//3621 6322//3621 6321//3621 
f 4331//3621 4330//3621 6323//3621 6322//3621 
f 4330//3621 4329//3621 6324//3621 6323//3621 
f 4329//3624 4328//3624 6325//3624 6324//3624 
f 4328//3624 4327//3624 6326//3624 6325//3624 
f 4327//3625 4326//3625 6327//3625 6326//3625 
f 4326//3626 4325//3626 6328//3626 6327//3626 
f 4325//3626 4324//3626 6329//3626 6328//3626 
f 4324//3627 4323//3627 6330//3627 6329//3627 
f 4323//3628 4322//3628 6331//3628 6330//3628 
f 4322//3627 4321//3627 6332//3627 6331//3627 
f 4321//3626 4320//3626 6333//3626 6332//3626 
f 4320//3626 4319//3626 6334//3626 6333//3626 
f 4319//3627 4318//3627 6335//3627 6334//3627 
f 4318//3626 4317//3626 6336//3626 6335//3626 
f 4317//3629 4316//3629 6337//3629 6336//3629 
f 4316//3626 4315//3626 6338//3626 6337//3626 
f 4315//3630 4314//3630 6339//3630 6338//3630 
f 4314//3631 4313//3631 6340//3631 6339//3631 
f 4313//3630 4312//3630 6341//3630 6340//3630 
f 4312//3630 4311//3630 6342//3630 6341//3630 
f 4311//3632 4310//3632 6343//3632 6342//3632 
f 4310//3633 4309//3633 6344//3633 6343//3633 
f 4309//3633 4308//3633 6345//3633 6344//3633 
f 4308//3634 4307//3634 6346//3634 6345//3634 
f 4307//3634 4306//3634 6347//3634 6346//3634 
f 4306//3635 4305//3635 6348//3635 6347//3635 
f 4305//3635 4304//3635 6349//3635 6348//3635 
f 4304//3635 4303//3635 6350//3635 6349//3635 
f 4303//3635 4302//3635 6351//3635 6350//3635 
f 4302//3636 4301//3636 6352//3636 6351//3636 
f 4301//3636 4300//3636 6353//3636 6352//3636 
f 4300//3637 4299//3637 6354//3637 6353//3637 
f 4299//3636 4298//3636 6355//3636 6354//3636 
f 4298//3636 4297//3636 6356//3636 6355//3636 
f 4297//3638 4296//3638 6357//3638 6356//3638 
f 4296//3639 4295//3639 6358//3639 6357//3639 
f 4295//3638 4294//3638 6359//3638 6358//3638 
f 4294//3640 4293//3640 6360//3640 6359//3640 
f 4293//3641 4292//3641 6361//3641 6360//3641 
f 4292//3641 4291//3641 6362//3641 6361//3641 
f 4291//3641 4290//3641 6363//3641 6362//3641 
f 4290//3642 4289//3642 6364//3642 6363//3642 
f 4289//3643 4288//3643 6365//3643 6364//3643 
f 4288//3643 4287//3643 6366//3643 6365//3643 
f 4287//3644 4286//3644 6367//3644 6366//3644 
f 4286//3643 4285//3643 6368//3643 6367//3643 
f 4285//3645 4284//3645 6369//3645 6368//3645 
f 4284//3646 4283//3646 6370//3646 6369//3646 
f 4283//3646 4282//3646 6371//3646 6370//3646 
f 4282//3646 4281//3646 6372//3646 6371//3646 
f 4281//3647 4280//3647 6373//3647 6372//3647 
f 4280//3648 4279//3648 6374//3648 6373//3648 
f 4279//3646 4278//3646 6375//3646 6374//3646 
f 4278//3646 4277//3646 6376//3646 6375//3646 
f 4277//3646 4276//3646 6377//3646 6376//3646 
f 4276//3646 4275//3646 6378//3646 6377//3646 
f 4275//3646 4274//3646 6379//3646 6378//3646 
f 4274//3646 4273//3646 6380//3646 6379//3646 
f 4273//3646 4272//3646 6381//3646 6380//3646 
f 4272//3646 4271//3646 6382//3646 6381//3646 
f 4271//3646 4270//3646 6383//3646 6382//3646 
f 4270//3646 4269//3646 6384//3646 6383//3646 
f 4269//3646 4268//3646 6385//3646 6384//3646 
f 4268//3649 4267//3649 6386//3649 6385//3649 
f 4267//3646 4266//3646 6387//3646 6386//3646 
f 4266//3648 4265//3648 6388//3648 6387//3648 
f 4265//3646 4264//3646 6389//3646 6388//3646 
f 4264//3645 4263//3645 6390//3645 6389//3645 
f 4263//3646 4262//3646 6391//3646 6390//3646 
f 4262//3646 4261//3646 6392//3646 6391//3646 
f 4261//3646 4260//3646 6393//3646 6392//3646 
f 4260//3650 4259//3650 6394//3650 6393//3650 
f 4259//3648 4258//3648 6395//3648 6394//3648 
f 4258//3648 4257//3648 6396//3648 6395//3648 
f 4257//3645 4256//3645 6397//3645 6396//3645 
f 4256//3651 4255//3651 6398//3651 6397//3651 
f 4255//3652 4254//3652 6399//3652 6398//3652 
f 4254//3652 4253//3652 6400//3652 6399//3652 
f 4253//3653 4252//3653 6401//3653 6400//3653 
f 4252//3654 4251//3654 6402//3654 6401//3654 
f 4251//3654 4250//3654 6403//3654 6402//3654 
f 4250//3655 4249//3655 6404//3655 6403//3655 
f 4249//3656 4248//3656 6405//3656 6404//3656 
f 4248//3656 4247//3656 6406//3656 6405//3656 
f 4247//3656 4246//3656 6407//3656 6406//3656 
f 4246//3657 4245//3657 6408//3657 6407//3657 
f 4245//3656 4244//3656 6409//3656 6408//3656 
f 4244//3658 4243//3658 6410//3658 6409//3658 
f 4243//3659 4242//3659 6411//3659 6410//3659 
f 4242//3660 4241//3660 6412//3660 6411//3660 
f 4241//3661 4240//3661 6413//3661 6412//3661 
f 4240//3661 4239//3661 6414//3661 6413//3661 
f 4239//3662 4238//3662 6415//3662 6414//3662 
f 4238//3662 4237//3662 6416//3662 6415//3662 
f 4237//3663 4236//3663 6417//3663 6416//3663 
f 4236//3664 4235//3664 6418//3664 6417//3664 
f 4235//3664 4234//3664 6419//3664 6418//3664 
f 4234//3665 4233//3665 6420//3665 6419//3665 
f 4233//3665 4232//3665 6421//3665 6420//3665 
f 4232//3666 4231//3666 6422//3666 6421//3666 
f 4231//3667 4230//3667 6423//3667 6422//3667 
f 4230//3668 4229//3668 6424//3668 6423//3668 
f 4229//1449 4228//1449 6425//1449 6424//1449 
f 4228//3669 4227//3669 6426//3669 6425//3669 
f 4227//3670 4226//3670 6427//3670 6426//3670 
f 4226//3671 4225//3671 6428//3671 6427//3671 
f 4225//3671 4224//3671 6429//3671 6428//3671 
f 4224//3672 4223//3672 6430//3672 6429//3672 
f 4223//3672 4222//3672 6431//3672 6430//3672 
f 4222//3672 4221//3672 6432//3672 6431//3672 
f 4221//3673 4220//3673 6433//3673 6432//3673 
f 4220//3674 4219//3674 6434//3674 6433//3674 
f 4219//3675 6061//3675 6435//3675 6434//3675 
f 6061//3675 6060//3675 6436//3675 6435//3675 
f 6060//3676 6059//3676 6437//3676 6436//3676 
f 6059//3676 6058//3676 6438//3676 6437//3676 
f 6058//3677 6057//3677 6439//3677 6438//3677 
f 6057//3678 6056//3678 6440//3678 6439//3678 
f 6056//3679 6055//3679 6441//3679 6440//3679 
f 6055//3679 6054//3679 6442//3679 6441//3679 
f 6054//3680 6053//3680 6443//3680 6442//3680 
f 6053//3680 6052//3680 6444//3680 6443//3680 
f 6052//3681 6051//3681 6445//3681 6444//3681 
f 6051//3682 6050//3682 6446//3682 6445//3682 
f 6050//3683 6049//3683 6447//3683 6446//3683 
f 6049//3682 6048//3682 6448//3682 6447//3682 
f 6048//3682 6047//3682 6449//3682 6448//3682 
f 6047//3682 6046//3682 6450//3682 6449//3682 
f 6046//3684 6045//3684 6451//3684 6450//3684 
f 6045//3684 6044//3684 6452//3684 6451//3684 
f 6044//3685 6043//3685 6453//3685 6452//3685 
f 6043//3686 6042//3686 6454//3686 6453//3686 
f 6042//3685 6041//3685 6455//3685 6454//3685 
f 6041//3149 6040//3149 6456//3149 6455//3149 
f 6040//3149 6039//3149 6457//3149 6456//3149 
f 6039//3149 6038//3149 6458//3149 6457//3149 
f 6038//3151 6037//3151 6459//3151 6458//3151 
f 6037//3149 6036//3149 6460//3149 6459//3149 
f 6036//3151 6035//3151 6461//3151 6460//3151 
f 6035//3149 6034//3149 6462//3149 6461//3149 
f 6034//3149 6033//3149 6463//3149 6462//3149 
f 6033//3687 6032//3687 6464//3687 6463//3687 
f 6032//3149 6031//3149 6465//3149 6464//3149 
f 6031//3151 6030//3151 6466//3151 6465//3151 
f 6030//3149 6029//3149 6467//3149 6466//3149 
f 6029//3151 6028//3151 6468//3151 6467//3151 
f 6028//3149 6027//3149 6469//3149 6468//3149 
f 6027//3149 6026//3149 6470//3149 6469//3149 
f 6026//3149 6025//3149 6471//3149 6470//3149 
f 6025//3149 6024//3149 6472//3149 6471//3149 
f 6024//3149 6023//3149 6473//3149 6472//3149 
f 6023//3688 6022//3688 6474//3688 6473//3688 
f 6022//3149 6021//3149 6475//3149 6474//3149 
f 6021//3149 6020//3149 6476//3149 6475//3149 
f 6020//3149 6019//3149 6477//3149 6476//3149 
f 6019//3151 6018//3151 6478//3151 6477//3151 
f 6018//3149 6017//3149 6479//3149 6478//3149 
f 6017//3151 6016//3151 6480//3151 6479//3151 
f 6016//3149 6015//3149 6481//3149 6480//3149 
f 6015//3149 6014//3149 6482//3149 6481//3149 
f 6014//3149 6013//3149 6483//3149 6482//3149 
f 6013//3688 6012//3688 6484//3688 6483//3688 
f 6012//3689 6011//3689 6485//3689 6484//3689 
f 6011//3151 6010//3151 6486//3151 6485//3151 
f 6010//3149 6009//3149 6487//3149 6486//3149 
f 6009//3151 6008//3151 6488//3151 6487//3151 
f 6008//3151 6007//3151 6489//3151 6488//3151 
f 6007//3149 6006//3149 6490//3149 6489//3149 
f 6006//3150 6005//3150 6491//3150 6490//3150 
f 6005//3149 6004//3149 6492//3149 6491//3149 
f 6004//3150 6003//3150 6493//3150 6492//3150 
f 6003//3149 6002//3149 6494//3149 6493//3149 
f 6002//3151 6001//3151 6495//3151 6494//3151 
f 6001//3151 6000//3151 6496//3151 6495//3151 
f 6000//3149 5999//3149 6497//3149 6496//3149 
f 5999//3149 5998//3149 6498//3149 6497//3149 
f 5998//3149 5997//3149 6499//3149 6498//3149 
f 5997//3151 5996//3151 6500//3151 6499//3151 
f 5996//3149 5995//3149 6501//3149 6500//3149 
f 5995//3149 5994//3149 6502//3149 6501//3149 
f 5994//3151 5993//3151 6503//3151 6502//3151 
f 5993//3149 5992//3149 6504//3149 6503//3149 
f 5992//3149 5991//3149 6505//3149 6504//3149 
f 5991//3149 5990//3149 6506//3149 6505//3149 
f 5990//3690 5989//3690 6507//3690 6506//3690 
f 5989//3691 5988//3691 6508//3691 6507//3691 
f 5988//3692 5987//3692 6509//3692 6508//3692 
f 5987//3693 5986//3693 6510//3693 6509//3693 
f 5986//3692 5985//3692 6511//3692 6510//3692 
f 5985//3694 5984//3694 6512//3694 6511//3694 
f 5984//3695 5983//3695 6513//3695 6512//3695 
f 5983//3696 5982//3696 6514//3696 6513//3696 
f 5982//3696 5981//3696 6515//3696 6514//3696 
f 5981//3697 5980//3697 6516//3697 6515//3697 
f 5980//3698 5979//3698 6517//3698 6516//3698 
f 5979//3698 5978//3698 6518//3698 6517//3698 
f 5978//3697 5977//3697 6519//3697 6518//3697 
f 5977//3699 5976//3699 6520//3699 6519//3699 
f 5976//3699 5975//3699 6521//3699 6520//3699 
f 5975//3700 5974//3700 6522//3700 6521//3700 
f 5974//3701 5973//3701 6523//3701 6522//3701 
f 5973//3702 5972//3702 6524//3702 6523//3702 
f 5972//3702 5971//3702 6525//3702 6524//3702 
f 5971//3703 5970//3703 6526//3703 6525//3703 
f 5970//3703 5969//3703 6527//3703 6526//3703 
f 5969//3703 5968//3703 6528//3703 6527//3703 
f 5968//3703 5967//3703 6529//3703 6528//3703 
f 5967//3704 5966//3704 6530//3704 6529//3704 
f 5966//3705 5965//3705 6531//3705 6530//3705 
f 5965//3706 5964//3706 6532//3706 6531//3706 
f 5964//3706 5963//3706 6533//3706 6532//3706 
f 5963//3707 5962//3707 6534//3707 6533//3707 
f 5962//3708 5961//3708 6535//3708 6534//3708 
f 5961//3709 5960//3709 6536//3709 6535//3709 
f 5960//3709 5959//3709 6537//3709 6536//3709 
f 5959//3710 5958//3710 6538//3710 6537//3710 
f 5958//3710 5957//3710 6539//3710 6538//3710 
f 5957//3710 5956//3710 6540//3710 6539//3710 
f 5956//3710 5955//3710 6541//3710 6540//3710 
f 5955//3711 5954//3711 6542//3711 6541//3711 
f 5954//3712 5953//3712 6543//3712 6542//3712 
f 5953//3712 5952//3712 6544//3712 6543//3712 
f 5952//3713 5951//3713 6545//3713 6544//3713 
f 5951//3713 5950//3713 6546//3713 6545//3713 
f 5950//3713 5949//3713 6547//3713 6546//3713 
f 5949//3714 5948//3714 6548//3714 6547//3714 
f 5948//3715 5947//3715 6549//3715 6548//3715 
f 5947//3716 5946//3716 6550//3716 6549//3716 
f 5946//3714 5945//3714 6551//3714 6550//3714 
f 5945//3717 5944//3717 6552//3717 6551//3717 
f 5944//3717 5943//3717 6062//3717 6552//3717 
f 5943//3718 5942//3718 6063//3718 6062//3718 
f 5942//3718 5941//3718 6064//3718 6063//3718 
f 5941//3718 5940//3718 6065//3718 6064//3718 
f 5940//3719 5939//3719 6066//3719 6065//3719 
f 5939//3720 5938//3720 6067//3720 6066//3720 
f 5938//3720 5937//3720 6068//3720 6067//3720 
f 5937//3721 5936//3721 6231//3721 6068//3721 
f 5936//3722 5935//3722 6232//3722 6231//3722 
f 5935//3722 5934//3722 6233//3722 6232//3722 
f 6692//3723 6691//3723 6091//3723 6090//3723 
f 6691//3723 6690//3723 6092//3723 6091//3723 
f 6690//3724 6689//3724 6093//3724 6092//3724 
f 6689//3724 6688//3724 6094//3724 6093//3724 
f 6688//3725 6687//3725 6095//3725 6094//3725 
f 6687//3724 6686//3724 6096//3724 6095//3724 
f 6686//3726 6685//3726 6097//3726 6096//3726 
f 6685//3727 6684//3727 6098//3727 6097//3727 
f 6684//3724 6683//3724 6099//3724 6098//3724 
f 6683//3724 6682//3724 6100//3724 6099//3724 
f 6682//3724 6681//3724 6101//3724 6100//3724 
f 6681//3728 6680//3728 6102//3728 6101//3728 
f 6680//3728 6679//3728 6103//3728 6102//3728 
f 6679//3729 6678//3729 6104//3729 6103//3729 
f 6678//3728 6677//3728 6105//3728 6104//3728 
f 6677//3730 6676//3730 6106//3730 6105//3730 
f 6676//3731 6675//3731 6107//3731 6106//3731 
f 6675//3730 6674//3730 6108//3730 6107//3730 
f 6674//3732 6673//3732 6109//3732 6108//3732 
f 6673//3730 6672//3730 6110//3730 6109//3730 
f 6672//3733 6671//3733 6111//3733 6110//3733 
f 6671//3734 6670//3734 6112//3734 6111//3734 
f 6670//3735 6669//3735 6113//3735 6112//3735 
f 6669//3736 6668//3736 6114//3736 6113//3736 
f 6668//3737 6667//3737 6115//3737 6114//3737 
f 6667//3738 6666//3738 6116//3738 6115//3738 
f 6666//3739 6665//3739 6117//3739 6116//3739 
f 6665//3739 6664//3739 6118//3739 6117//3739 
f 6664//3739 6663//3739 6119//3739 6118//3739 
f 6663//3739 6662//3739 6120//3739 6119//3739 
f 6662//3740 6661//3740 6121//3740 6120//3740 
f 6661//3741 6660//3741 6122//3741 6121//3741 
f 6660//3742 6659//3742 6123//3742 6122//3742 
f 6659//3740 6658//3740 6124//3740 6123//3740 
f 6658//3743 6657//3743 6125//3743 6124//3743 
f 6657//3744 6656//3744 6126//3744 6125//3744 
f 6656//3743 6655//3743 6127//3743 6126//3743 
f 6655//3394 6654//3394 6128//3394 6127//3394 
f 6654//3745 6653//3745 6129//3745 6128//3745 
f 6653//3745 6652//3745 6130//3745 6129//3745 
f 6652//3746 6651//3746 6131//3746 6130//3746 
f 6651//3747 6650//3747 6132//3747 6131//3747 
f 6650//3746 6649//3746 6133//3746 6132//3746 
f 6649//3748 6648//3748 6134//3748 6133//3748 
f 6648//3748 6647//3748 6135//3748 6134//3748 
f 6647//3748 6646//3748 6136//3748 6135//3748 
f 6646//3749 6645//3749 6137//3749 6136//3749 
f 6645//3749 6644//3749 6138//3749 6137//3749 
f 6644//3749 6643//3749 6139//3749 6138//3749 
f 6643//3750 6642//3750 6140//3750 6139//3750 
f 6642//3751 6641//3751 6141//3751 6140//3751 
f 6641//3752 6640//3752 6142//3752 6141//3752 
f 6640//3753 6639//3753 6143//3753 6142//3753 
f 6639//3754 6638//3754 6144//3754 6143//3754 
f 6638//3755 6637//3755 6145//3755 6144//3755 
f 6637//3756 6636//3756 6146//3756 6145//3756 
f 6636//3757 6635//3757 6147//3757 6146//3757 
f 6635//3758 6634//3758 6148//3758 6147//3758 
f 6634//3758 6633//3758 6149//3758 6148//3758 
f 6633//3759 6632//3759 6150//3759 6149//3759 
f 6632//3760 6631//3760 6151//3760 6150//3760 
f 6631//3140 6630//3140 6152//3140 6151//3140 
f 6630//3141 6629//3141 6153//3141 6152//3141 
f 6629//3140 6628//3140 6154//3140 6153//3140 
f 6628//3141 6627//3141 6155//3141 6154//3141 
f 6627//3140 6626//3140 6156//3140 6155//3140 
f 6626//3140 6625//3140 6157//3140 6156//3140 
f 6625//3140 6624//3140 6158//3140 6157//3140 
f 6624//3140 6623//3140 6159//3140 6158//3140 
f 6623//3140 6622//3140 6160//3140 6159//3140 
f 6622//3140 6621//3140 6161//3140 6160//3140 
f 6621//3140 6620//3140 6162//3140 6161//3140 
f 6620//3761 6619//3761 6163//3761 6162//3761 
f 6619//3140 6618//3140 6164//3140 6163//3140 
f 6618//3142 6617//3142 6165//3142 6164//3142 
f 6617//3760 6616//3760 6166//3760 6165//3760 
f 6616//3762 6615//3762 6167//3762 6166//3762 
f 6615//3142 6614//3142 6168//3142 6167//3142 
f 6614//3763 6613//3763 6169//3763 6168//3763 
f 6613//3141 6612//3141 6170//3141 6169//3141 
f 6612//3140 6611//3140 6171//3140 6170//3140 
f 6611//3140 6610//3140 6172//3140 6171//3140 
f 6610//3140 6609//3140 6173//3140 6172//3140 
f 6609//3140 6608//3140 6174//3140 6173//3140 
f 6608//3141 6607//3141 6175//3141 6174//3141 
f 6607//3140 6606//3140 6176//3140 6175//3140 
f 6606//3141 6605//3141 6177//3141 6176//3141 
f 6605//3140 6604//3140 6178//3140 6177//3140 
f 6604//3140 6603//3140 6179//3140 6178//3140 
f 6603//3140 6602//3140 6180//3140 6179//3140 
f 6602//3140 6601//3140 6181//3140 6180//3140 
f 6601//3760 6600//3760 6182//3760 6181//3760 
f 6600//3140 6599//3140 6183//3140 6182//3140 
f 6599//3140 6598//3140 6184//3140 6183//3140 
f 6598//3141 6597//3141 6185//3141 6184//3141 
f 6597//3764 6596//3764 6186//3764 6185//3764 
f 6596//3141 6595//3141 6187//3141 6186//3141 
f 6595//3140 6594//3140 6188//3140 6187//3140 
f 6594//3765 6593//3765 6189//3765 6188//3765 
f 6593//3141 6592//3141 6190//3141 6189//3141 
f 6592//3766 6591//3766 6191//3766 6190//3766 
f 6591//3141 6590//3141 6192//3141 6191//3141 
f 6590//3767 6590//3767 6192//3767 6192//3767 
f 6590//3759 6589//3759 6193//3759 6192//3759 
f 6589//3140 6588//3140 6194//3140 6193//3140 
f 6588//3140 6587//3140 6195//3140 6194//3140 
f 6587//3141 6586//3141 6196//3141 6195//3141 
f 6586//3140 6585//3140 6197//3140 6196//3140 
f 6585//3141 6584//3141 6198//3141 6197//3141 
f 6584//3141 6583//3141 6199//3141 6198//3141 
f 6583//3140 6582//3140 6200//3140 6199//3140 
f 6582//3140 6581//3140 6201//3140 6200//3140 
f 6581//3141 6580//3141 6202//3141 6201//3141 
f 6580//3140 6579//3140 6203//3140 6202//3140 
f 6579//3140 6578//3140 6204//3140 6203//3140 
f 6578//3141 6577//3141 6205//3141 6204//3141 
f 6577//3140 6576//3140 6206//3140 6205//3140 
f 6576//3140 6575//3140 6207//3140 6206//3140 
f 6575//3140 6574//3140 6208//3140 6207//3140 
f 6574//3141 6573//3141 6209//3141 6208//3141 
f 6573//3140 6572//3140 6210//3140 6209//3140 
f 6572//3141 6571//3141 6211//3141 6210//3141 
f 6571//3140 6570//3140 6212//3140 6211//3140 
f 6570//3760 6569//3760 6213//3760 6212//3760 
f 6569//3140 6568//3140 6214//3140 6213//3140 
f 6568//3141 6567//3141 6215//3141 6214//3141 
f 6567//3140 6566//3140 6216//3140 6215//3140 
f 6566//3141 6565//3141 6217//3141 6216//3141 
f 6565//3140 6564//3140 6218//3140 6217//3140 
f 6564//3141 6563//3141 6219//3141 6218//3141 
f 6563//3140 6562//3140 6220//3140 6219//3140 
f 6562//3768 6561//3768 6221//3768 6220//3768 
f 6561//3769 6560//3769 6222//3769 6221//3769 
f 6560//3141 6559//3141 6223//3141 6222//3141 
f 6559//3140 6558//3140 6224//3140 6223//3140 
f 6558//3140 6557//3140 6225//3140 6224//3140 
f 6557//3140 6556//3140 6226//3140 6225//3140 
f 6556//3141 6555//3141 6227//3141 6226//3141 
f 6555//3141 6554//3141 6228//3141 6227//3141 
f 6554//3770 6553//3770 6229//3770 6228//3770 
f 6553//3770 6714//3770 6230//3770 6229//3770 
f 6714//3771 6713//3771 6069//3771 6230//3771 
f 6713//3770 6712//3770 6070//3770 6069//3770 
f 6712//3770 6711//3770 6071//3770 6070//3770 
f 6711//3772 6710//3772 6072//3772 6071//3772 
f 6710//3773 6709//3773 6073//3773 6072//3773 
f 6709//3773 6708//3773 6074//3773 6073//3773 
f 6708//3772 6707//3772 6075//3772 6074//3772 
f 6707//3772 6706//3772 6076//3772 6075//3772 
f 6706//3772 6705//3772 6077//3772 6076//3772 
f 6705//3774 6704//3774 6078//3774 6077//3774 
f 6704//3775 6703//3775 6079//3775 6078//3775 
f 6703//3776 6702//3776 6080//3776 6079//3776 
f 6702//3776 6701//3776 6081//3776 6080//3776 
f 6701//3777 6700//3777 6082//3777 6081//3777 
f 6700//3777 6699//3777 6083//3777 6082//3777 
f 6699//3777 6698//3777 6084//3777 6083//3777 
f 6698//3777 6697//3777 6085//3777 6084//3777 
f 6697//3778 6696//3778 6086//3778 6085//3778 
f 6696//3778 6695//3778 6087//3778 6086//3778 
f 6695//3778 6694//3778 6088//3778 6087//3778 
f 6694//3778 6693//3778 6089//3778 6088//3778 
f 6693//3723 6692//3723 6090//3723 6089//3723 
# 2882 polygons

